V13,V14,p.value,probability,n,p_adju,p_scaled
IPR006121,"Heavy metal-associated domain, HMA",2e-323,0.0010173414990843552,368,8.74e-322,3210.5824207675396
IPR000525,"Initiator Rep protein, WH1 domain",3.316936212e-314,0.0001874713190861564,159,1.443609849913e-312,3118.4055016336215
IPR025139,Domain of unknown function DUF4062,0.0,0.000023105558629148815,94,0.0,3076.5265556858876
IPR003593,AAA+ ATPase domain,0.0,0.00008663244256311946,198,0.0,3076.5265556858876
IPR007489,"Regulator of chromosome segregation-like, C-terminal domain",0.0,0.00014276125900098213,419,0.0,3076.5265556858876
IPR003855,Potassium transporter,0.0,0.00014420870698935107,188,0.0,3076.5265556858876
IPR002514,Transposase IS3/IS911family,0.0,0.0009403587097770287,774,0.0,3076.5265556858876
IPR003500,"Sugar-phosphate isomerase, RpiB/LacA/LacB family",0.0,0.00041086079195776454,239,0.0,3076.5265556858876
IPR003439,"ABC transporter-like, ATP-binding domain",0.0,0.02091471207579052,1640,0.0,3076.5265556858876
IPR001584,"Integrase, catalytic core",0.0,0.004201083763278995,3126,0.0,3076.5265556858876
IPR008687,Bacterial mobilisation,0.0,0.0001157958390695161,151,0.0,3076.5265556858876
IPR002575,Aminoglycoside phosphotransferase,0.0,0.0007628586990551917,310,0.0,3076.5265556858876
IPR006119,"Resolvase, N-terminal catalytic domain",0.0,0.001438280817775948,8831,0.0,3076.5265556858876
IPR015378,"Transposase-like, Mu, C-terminal",0.0,0.00006840531974662155,195,0.0,3076.5265556858876
IPR001207,"Transposase, mutator type",0.0,0.0011900166831782955,871,0.0,3076.5265556858876
IPR008756,Peptidase M56,0.0,0.00020269632755640757,594,0.0,3076.5265556858876
IPR001357,BRCT domain,0.0,0.000319457131951503,353,0.0,3076.5265556858876
IPR041495,Mub B2-like domain,0.0,0.0005278360330918776,407,0.0,3076.5265556858876
IPR010506,DMAP1-binding domain,0.0,3.859861302317203e-6,63,0.0,3076.5265556858876
IPR002513,Tn3 transposase DDE domain,0.0,0.0001244269178149754,604,0.0,3076.5265556858876
IPR025296,Domain of unknown function DUF4158,0.0,0.0000946738202762803,507,0.0,3076.5265556858876
IPR006120,"Resolvase, HTH domain",0.0,0.00046232560932199393,4541,0.0,3076.5265556858876
IPR001460,"Penicillin-binding protein, transpeptidase",0.0,0.0015621180345586248,606,0.0,3076.5265556858876
IPR007337,RelB antitoxin/Antitoxin DinJ,0.0,0.00012608880254236197,154,0.0,3076.5265556858876
IPR006173,"Staphylococcal/Streptococcal toxin, OB-fold",0.0,0.00021454395738713122,285,0.0,3076.5265556858876
IPR006123,"Staphylococcal/Streptococcal toxin, beta-grasp domain",0.0,0.00044629646308042665,295,0.0,3076.5265556858876
IPR025246,Transposase IS30-like HTH domain,0.0,0.0009041725100678049,906,0.0,3076.5265556858876
IPR024978,"Homeodomain, phBC6A51-type",0.0,0.000019245697326831613,98,0.0,3076.5265556858876
IPR040834,Nicking enzyme C-terminal middle helical domain,0.0,0.0000688878024094112,153,0.0,3076.5265556858876
IPR021145,Portal protein,0.0,0.00018591665272827863,165,0.0,3076.5265556858876
IPR013610,N-terminal domain of anti-restriction factor ArdC,0.0,0.00009638931418842128,198,0.0,3076.5265556858876
IPR025948,HTH-like domain,0.0,0.0015269504093597347,882,0.0,3076.5265556858876
IPR015020,"Rv2525c-like, glycoside hydrolase-like domain",0.0,0.00006465267681381315,151,0.0,3076.5265556858876
IPR010724,"Replication initiator A, N-terminal",0.0,0.00023212776998657626,468,0.0,3076.5265556858876
IPR005650,BlaI transcriptional regulatory family,0.0,0.00033805951906128173,633,0.0,3076.5265556858876
IPR011686,Omega transcriptional repressor,0.0,0.000045246151932718326,149,0.0,3076.5265556858876
IPR005053,MobA/MobL protein,0.0,0.0001080761164648817,185,0.0,3076.5265556858876
IPR025161,Insertion element IS402-like domain,0.0,0.00023695259661447277,511,0.0,3076.5265556858876
IPR025669,AAA domain,0.0,0.0008057996560434706,907,0.0,3076.5265556858876
IPR006442,"Type II toxin-antitoxin system, antitoxin Phd/YefM",0.0,0.00018838267522698128,182,0.0,3076.5265556858876
IPR040652,"Cry35Ab1 , HTH C-terminal domain",0.0,0.00001195484820023245,160,0.0,3076.5265556858876
IPR012452,Protein of unknown function DUF1657,0.0,0.00010946995526849624,182,0.0,3076.5265556858876
IPR006540,"Bacteriocin, lactococcin 972",0.0,0.00004481727845468309,272,0.0,3076.5265556858876
IPR035528,Protein of unknown function DUF5388,0.0,0.00003597176297020616,120,0.0,3076.5265556858876
IPR009620,Uncharacterised protein family UPF0236,0.0,0.00012078149325167583,146,0.0,3076.5265556858876
IPR009459,MucBP domain,0.0,0.001479667108406349,713,0.0,3076.5265556858876
IPR002559,Transposase IS4-like domain,0.0,0.0011596202754225475,968,0.0,3076.5265556858876
IPR024728,"DNA polymerase type-Y, HhH motif",0.0,0.0004038379887549374,298,0.0,3076.5265556858876
IPR000358,Ribonucleotide reductase small subunit family,0.0,0.0003149003512473785,286,0.0,3076.5265556858876
IPR041558,Mucin binding domain,0.0,0.00032782016477319025,231,0.0,3076.5265556858876
IPR006541,Bacteriocin-associated integral membrane protein,0.0,0.00011810103401395554,250,0.0,3076.5265556858876
IPR003812,Fido domain,0.0,0.0002878813221311581,202,0.0,3076.5265556858876
IPR005094,"MobA/VirD2-like, nuclease domain",0.0,0.00014276125900098213,193,0.0,3076.5265556858876
IPR017961,"DNA polymerase, Y-family, little finger domain",0.0,0.0005964021803927624,342,0.0,3076.5265556858876
IPR014820,"Primase, C-terminal 1",0.0,0.00017578451680969596,296,0.0,3076.5265556858876
IPR021112,"Group II intron-interrupted relaxase LtrB, C-terminal domain",0.0,0.00002337360455292084,113,0.0,3076.5265556858876
IPR013571,"Transcription regulator QacR, C-terminal",0.0,0.00005092872551668532,234,0.0,3076.5265556858876
IPR012640,"Membrane lipoprotein, lipid attachment site",0.0,0.00006395575741200588,448,0.0,3076.5265556858876
IPR001126,UmuC domain,0.0,0.0006003156508798339,347,0.0,3076.5265556858876
IPR032874,DDE domain,0.0,0.000994611204748487,2357,0.0,3076.5265556858876
IPR009241,Toxin HigB-like,0.0,0.00003522123438364448,119,0.0,3076.5265556858876
IPR045155,"Beta-lactamase class A, catalytic domain",0.0,0.0003187602125496957,584,0.0,3076.5265556858876
IPR001668,Plasmid recombination enzyme,0.0,0.00014935518872577402,425,0.0,3076.5265556858876
IPR048299,"Group II intron-interrupted relaxase LtrB, central domain",0.0,0.00003152220063559049,136,0.0,3076.5265556858876
IPR041151,"Replication initiator protein A, C-terminal domain",0.0,0.00014935518872577402,337,0.0,3076.5265556858876
IPR013497,"DNA topoisomerase, type IA, central",0.0,0.0007116619276147344,606,0.0,3076.5265556858876
IPR001845,HTH ArsR-type DNA-binding domain,0.0,0.001175274157370834,665,0.0,3076.5265556858876
IPR006171,TOPRIM domain,5.991419460874905e-307,0.0017768764286847738,532,2.5692616393987095e-305,3045.9019166733297
IPR009614,Toxin YoeB,1.3061949574661783e-304,0.0001462458560100185,142,5.520093472422284e-303,3022.5805356824662
IPR025589,Topoisomerase C-terminal repeat,8.553059445846832e-298,0.00018028768832906603,150,3.562960192012766e-296,2954.481890298762
IPR033764,"SD-repeat containing protein, B domain",4.905150535677842e-296,0.0005802658157816863,249,2.0145660509910688e-294,2936.9581848895536
IPR000157,Toll/interleukin-1 receptor homology (TIR) domain,2.005917020484886e-292,0.000035274843568398885,91,8.123963932963788e-291,2900.9023201335067
IPR005602,Protein of unknown function DUF334,5.902978446344344e-290,0.000013831169666636645,73,2.3579568698000146e-288,2876.27464142998
IPR010488,Zeta toxin domain,6.8247688274598e-289,0.00008947372935510295,116,2.689327824442267e-287,2865.703562547985
IPR024498,Domain of unknown function DUF2786,1.424227712977234e-287,0.000017262157490918603,76,5.537397348055486e-286,2852.566943116197
IPR013509,"Ribonucleotide reductase large subunit, N-terminal",1.9210364002368318e-287,0.0002959763090290733,177,7.370713346171844e-286,2851.3249047858408
IPR000788,"Ribonucleotide reductase large subunit, C-terminal",7.179166240061516e-287,0.00033730899047472007,187,2.7187595787038156e-285,2845.6562919559706
IPR000802,"Arsenical pump membrane protein, ArsB",7.854677014832866e-265,0.00018307536593629515,137,2.936440791699056e-263,2625.321787515374
IPR000055,Type I restriction modification DNA specificity domain,2.6310294506903366e-264,0.0006081962010387315,235,9.711496048370914e-263,2620.1271386221306
IPR032364,"Gram-positive pilin subunit D1, N-terminal",1.274636875602851e-257,0.00023705981498398158,148,4.646051411572392e-256,2553.3291598875903
IPR011438,Domain of unknown function DUF1541,4.3633837249480766e-251,0.00013289716900617148,117,1.5708181409813076e-249,2488.038740918156
IPR001737,Ribosomal RNA adenine methyltransferase KsgA/Erm,6.804602869557339e-251,0.00037580038512838326,177,2.419783166784049e-249,2486.1622354876677
IPR011707,"Multicopper oxidase-like, N-terminal",3.561925760616109e-248,0.00012667850357466043,114,1.2513946407176594e-246,2459.0260570928476
IPR003477,mRNA interferase PemK-like,1.206154112303567e-247,0.0004584657480196767,193,4.187077846996668e-246,2453.7808896454303
IPR005562,SpoVA,4.167993283560327e-239,0.00017154939121409793,123,1.429866872336696e-237,2368.4470439561255
IPR015090,Bacterial epsilon antitoxin,4.798648334482936e-238,0.00003002114346246714,73,1.6270765748084e-236,2357.885920074601
IPR019931,LPXTG cell wall anchor domain,1.7276845984458594e-236,0.0018216400979547023,466,5.790722171342674e-235,2342.3726727125163
IPR003688,Type IV secretion system protein TraG/VirD4,1.1312514488889786e-232,0.00017047720751900983,120,3.748555937454843e-231,2304.261360040531
IPR002560,"Transposase IS204/IS1001/IS1096/IS1165, DDE domain",2.7580318867310523e-227,0.0013710012909091689,361,9.036428069334549e-226,2250.440032040746
IPR007353,"YetF, C-terminal domain",3.290613987277177e-225,0.0003191354768429766,151,1.0661589318778053e-223,2229.72178050382
IPR025668,Transposase DDE domain,3.435096639951207e-222,0.0007265652809764591,230,1.1007408573733759e-220,2199.5831491305335
IPR010931,"Lactococcus lactis RepB, C-terminal",1.0302279828985006e-215,0.00004680081829059609,75,3.2653747805782912e-214,2134.8606696575307
IPR001387,Cro/C1-type helix-turn-helix domain,1.6302160505091604e-213,0.005259972380548015,1369,5.111516132564206e-212,2112.9145026418128
IPR000477,Reverse transcriptase domain,4.6610838015261445e-212,0.00047508459529354245,175,1.4459276984308764e-210,2098.3985342277974
IPR041685,"AAA domain, group 15",2.1380538566978842e-203,0.00008271897207604785,84,6.562700048558979e-202,2011.8291744493285
IPR025332,Protein of unknown function DUF4238,1.8408156345124198e-199,0.000020425099391428534,57,5.591477489831475e-198,1972.524734191446
IPR000515,"ABC transporter type 1, transmembrane domain MetI-like",1.3659895998360171e-195,0.008344752089686021,387,4.106418219713223e-194,1933.8653682182753
IPR011109,DNA-binding recombinase domain,1.1940266247704162e-186,0.00042415586977685715,150,3.552838405949524e-185,1844.4942454511422
IPR025580,Protein of unknown function DUF4355,6.06483934151325e-186,0.0001406168916108059,93,1.7863708605911757e-184,1837.480283741214
IPR005074,"Peptidase C39, bacteriocin processing",7.719398014211861e-184,0.00010405542760830127,83,2.2509764609441785e-182,1816.4762904650793
IPR000424,Primosome PriB/single-strand DNA-binding,6.437997888581641e-179,0.0006754221187207562,189,1.858732855752878e-177,1767.3078302421916
IPR005754,Sortase family,4.365217006039909e-177,0.0007066762734325747,193,1.2479385087855268e-175,1749.0380681365446
IPR025827,Recombinase zinc beta ribbon domain,3.3242366978953746e-173,0.0003569835612795869,130,9.411140010740691e-172,1710.2635776547963
IPR010354,Oleate hydratase,4.2048728794811063e-172,0.00020543039597888227,101,1.1789816650545102e-170,1699.284929487875
IPR014962,YolD-like protein,8.220127346727474e-172,0.00023143085058476899,106,2.282846794576887e-170,1696.4152323371454
IPR011706,"Multicopper oxidase, C-terminal",1.9002513898911586e-170,0.000116707195210341,81,5.22748401219115e-169,1682.8170728676046
IPR007530,Aminoglycoside 6-adenylyltransferase,3.476538582962707e-168,0.00011627832173230576,80,9.474379913943228e-167,1660.2344920444857
IPR025723,Anion-transporting ATPase-like domain,1.596683903405569e-166,0.00013654259356947108,84,4.2714956535143474e-165,1643.6942003121972
IPR004465,"Ribonucleotide reductase Class Ib, NrdI",1.595988145503594e-166,0.0002612375573082185,109,4.2714956535143474e-165,1643.6942003121972
IPR013554,Ribonucleotide reductase N-terminal,1.1687861078599462e-162,0.0002448867559581248,104,3.098345718654185e-161,1605.088701245604
IPR041073,MobL relaxases,2.2302707160819433e-161,0.00009038508549592785,71,5.858981448734186e-160,1592.321778770949
IPR011547,SLC26A/SulP transporter domain,3.2513835086802e-161,0.0002764089565937153,109,8.465209206528091e-160,1590.7236230440467
IPR002934,"Polymerase, nucleotidyl transferase domain",2.2637051107498214e-158,0.00016232861143634017,86,5.841561153049981e-157,1562.3347107248533
IPR000989,Replication protein,9.772475408367952e-158,0.00010410903679305568,73,2.4996963412983286e-156,1556.0211274545127
IPR007341,Transglycosylase-associated protein,1.5754039185440282e-157,0.00044136441808302135,135,3.9946763708472923e-156,1553.985183993408
IPR002686,Transposase IS200-like,3.5784342269747835e-157,0.00046715043594989044,139,8.995443280912473e-156,1550.4597743046065
IPR013196,"Helix-turn-helix, type 11",2.140657021172016e-154,0.0018249638674094756,368,5.335175960459487e-153,1522.7285125245387
IPR008454,"Collagen-binding surface protein Cna-like, B-type domain",8.091125482828624e-153,0.0004351457526515103,131,1.9994679582990058e-151,1506.9908555109307
IPR014942,"Nucleotidyl transferase AbiEii toxin, Type IV TA system",2.993915900265802e-149,0.000058326793012793294,58,7.33635190350847e-148,1471.3451984499256
IPR010894,Stage V sporulation AD,1.066437667315481e-147,0.00008673966093262826,65,2.591443531576619e-146,1455.8645825014373
IPR007159,SpoVT-AbrB domain,1.8941667579932536e-142,0.00028252040365571755,100,4.5647853440564683e-141,1403.4057964005383
IPR046709,Domain of unknown function DUF6782,9.077158450677513e-141,4.9320449974053155e-6,31,2.1695896755881665e-139,1386.6362239448235
IPR005587,"Uncharacterised protein family UPF0304, YfbU",3.5178986258667336e-140,0.000015332226839760004,39,8.339993815469427e-139,1380.7883427141362
IPR004676,Cadmium resistance transporter,1.2005906477337049e-138,0.00016677817377095582,78,2.823324458702809e-137,1365.4923920951614
IPR034139,"OLD protein-like, TOPRIM domain",1.713148077149489e-138,0.00005001736937586043,52,3.996431834374328e-137,1363.9832759022759
IPR000182,GNAT domain,1.463529908188231e-135,0.007834714305932607,418,3.387026358949906e-134,1334.7018142352013
IPR025714,Methyltransferase domain,2.6560279691554793e-134,0.0002667056941531679,93,6.098407526029431e-133,1322.1478355727595
IPR004919,Domain of unknown function DUF262,3.008140612453531e-134,0.0001004636122297561,63,6.8529203327457006e-133,1321.6412431695687
IPR032689,"TraD/TraG, TraM recognition site",3.4259363569039536e-134,0.00008700770685640029,60,7.744209625373589e-133,1321.110228997711
IPR029261,"Transposase IS204/IS1001/IS1096/IS1165, zinc-finger",6.409211835209725e-134,0.0007577658265035232,167,1.4376355162670428e-132,1318.4235120667795
IPR002525,"Transposase IS110-like, N-terminal",9.663420193119612e-130,0.0006250830942363694,144,2.15103307504861e-128,1276.6735291169498
IPR014966,FRG domain,1.7357919452749134e-129,0.000025571581127851474,41,3.834522206380036e-128,1274.1628874281275
IPR018383,"Uncharacterised protein family UPF0324, prokaryote",4.0419962390525626e-129,0.00024038358443875473,86,8.86200077674983e-128,1270.5246821623873
IPR004386,"Toxin-antitoxin system, YafQ-like toxin",1.3370660164796184e-128,0.00007017442284351694,54,2.909615301533259e-127,1265.361644280126
IPR013498,"DNA topoisomerase, type IA, zn finger",2.1573140714559656e-127,0.000774652719701161,164,4.659798394344886e-126,1253.316328726056
IPR024301,Putative amidase domain,4.1529731533946706e-127,0.00006824449219235833,53,8.904463025955043e-126,1250.5039226507172
IPR007409,"Restriction endonuclease, type I, HsdR, N-terminal",1.2968359471900978e-125,0.00020832529195562017,79,2.7602727167929384e-124,1235.5904800722928
IPR003346,"Transposase IS116/IS110/IS902, C-terminal",3.198789021873286e-125,0.0006423452517272879,143,6.759180281001813e-124,1231.7010596989026
IPR005524,Predicted permease DUF318,5.682596740706451e-124,0.00016538433496734127,71,1.1921188558201445e-122,1219.2368044270524
IPR008490,"Transposase InsH, N-terminal",1.3378122772109723e-123,0.0008108389194103848,166,2.786471857390854e-122,1215.5494533884198
IPR001471,AP2/ERF domain,7.007614664185914e-123,0.000025196316834570635,39,1.4492343518273847e-121,1208.3886138024593
IPR022625,"Type I restriction enzyme R protein, C-terminal",1.1542466243488215e-122,0.00012941257199713512,64,2.3702698285923687e-121,1206.2520221162772
IPR032877,"Transposase IS204/IS1001/IS1096/IS1165, helix-turn-helix domain",1.7139211703529294e-120,0.0003721013513803293,101,3.494960931992407e-119,1184.5655767460069
IPR015409,"D-lactate dehydrogenase, membrane binding, C-terminal",6.067909085867551e-120,0.000013563123742864617,33,1.2287515898881792e-118,1179.1053590722352
IPR013149,"Alcohol dehydrogenase-like, C-terminal",2.8401329171198834e-118,0.0016375461575080736,288,5.711605231945917e-117,1162.4324181725294
IPR002941,DNA methylase N-4/N-6,5.519196496577301e-117,0.00012635684846613402,61,1.1023271906862608e-115,1149.5768947987717
IPR023485,Phosphotyrosine protein phosphatase I,3.5821419133051336e-116,0.0005134687715776969,118,7.105799877005286e-115,1141.4838702785373
IPR011576,"Pyridoxamine 5'-phosphate oxidase, putative",4.9330376054345207e-116,0.00025979010931984954,82,9.71941733611288e-115,1140.1235976956918
IPR001796,Dihydrofolate reductase domain,3.8190129705385983e-115,0.00031817051151739723,90,7.473987800060774e-114,1131.2644761539334
IPR035387,Protein of unknown function DUF5406,1.1857043146659767e-114,0.00003516762519889008,40,2.3050091877106587e-113,1126.3732733918364
IPR024634,"Internalin, N-terminal",1.2514055077306838e-114,0.0001320930312348554,61,2.4166214970481285e-113,1126.167913655691
IPR019076,Sporulation lipoprotein YhcN/YlaJ-like,1.1300222009782923e-113,0.00014029523650227946,62,2.167858380297829e-112,1116.6396909236616
IPR043733,Family of unknown function DUF5677,2.7838516697250325e-113,0.000016994111567146577,33,5.305693770534768e-112,1112.7525781986535
IPR021027,"Transposase, putative, helix-turn-helix domain",1.01954656221445e-111,0.000529873182112545,117,1.9305180359852832e-110,1097.1432613659767
IPR002104,"Integrase, catalytic domain",1.6724587663297328e-110,0.0025145388109053947,433,3.1463804920112907e-109,1085.0218875927505
IPR001807,"Chloride channel, voltage gated",7.542918450488472e-110,0.0002766233933327329,81,1.4099455257451528e-108,1078.5079766629874
IPR005038,Octapeptide repeat,9.36162184758473e-110,0.00038507477409089545,96,1.738757280736119e-108,1077.5976103846538
IPR003132,"Protein A, Ig-binding domain",1.7038643782809348e-109,0.0003207973615703631,87,3.1446003335868393e-108,1075.0243454384276
IPR046953,"Spore germination GerAC-like, C-terminal",4.618115726581717e-109,0.0002868627476208244,82,8.469449974032886e-108,1070.7214479285685
IPR046084,Conjugal transfer protein TrbL,6.779259239783318e-108,0.00002889535058262462,36,1.2355199964505096e-106,1059.081502213037
IPR040789,Large polyvalent protein-associated domain 11,5.951518867568036e-107,3.8062521175627976e-6,23,1.077927268188099e-105,1049.6741054164481
IPR014036,DeoR C-terminal sensor domain,6.36501295251032e-107,0.0008760812972564963,160,1.1457023314518577e-105,1049.4092820313672
IPR007829,TM2 domain,9.204248501025238e-107,0.00017878663115594267,65,1.6466005293858646e-105,1047.834117492978
IPR001647,"DNA-binding HTH domain, TetR-type",4.891160388796409e-105,0.0029238449365052814,504,8.696721764469713e-104,1030.606444241519
IPR021354,Protein of unknown function DUF2975,5.5474697780326576e-104,0.0001302167097684512,56,9.803892044086806e-103,1020.0860147964308
IPR022263,KxYKxGKxW signal peptide,1.3888135689195104e-103,0.00040791228679627224,95,2.439626727089935e-102,1016.1267661741792
IPR026989,Transposon-encoded protein TnpV,4.433535334424334e-103,0.000024070523954728117,33,7.741430559988837e-102,1011.1117877744356
IPR049503,"HEPN, AbiJ-N-terminal domain 4",2.7224135122858196e-102,4.717608258387693e-6,23,4.725332024896101e-101,1003.2556767043216
IPR040980,SWI2/SNF2 ATPase,3.334571632249507e-102,0.00018709605479287554,64,5.753615905112167e-101,1002.4005913373142
IPR012327,D12 class N6 adenine-specific DNA methyltransferase,3.708418449907992e-102,0.00007323014637451806,45,6.361028352901003e-101,1001.9647266864591
IPR043708,Repeat of unknown function DUF5648,1.1670103557201603e-101,0.00025962928176558633,74,1.9900597644912208e-100,997.0113388087723
IPR013148,"Glycosyl hydrolase family 32, N-terminal",2.3175670950764247e-100,0.00030219497446058437,79,3.9290846797923575e-99,984.0570861115505
IPR004291,"Transposase IS66, central domain",6.690577332862139e-100,0.00017449789637559023,61,1.1277296822327166e-98,979.4779498863611
IPR025054,Domain of unknown function DUF3991,3.7763330054033035e-99,0.00005923814915361819,41,6.32861324353795e-98,971.9869144427325
IPR003740,Uncharacterised membrane protein YitT,4.706846996898549e-99,0.001020879705278146,172,7.842951910260668e-98,971.0552044789599
IPR013154,"Alcohol dehydrogenase-like, N-terminal",6.6050917216304905e-99,0.0018749276276005815,300,1.0943436056974154e-97,969.6084629534387
IPR003318,"Glycoside hydrolase, family 70, catalytic domain",2.3282302747503512e-98,0.000014420870698935107,28,3.8356607238260025e-97,964.1615981450623
IPR049553,"Cyclic-di-AMP phosphodiesterase GdpP-like, PAS domain",6.191047631967436e-98,0.00023089475873722492,68,1.0142188143155641e-96,959.9386833731246
IPR041657,"Helix-turn-helix domain, group 17",2.416375856713949e-97,0.00033146558933648985,81,3.936397764345181e-96,954.0490102352015
IPR000576,LacY/RafB permease family,6.630129116344319e-97,0.00002975309753869511,33,1.0740809168477798e-95,949.6896299944025
IPR031807,HicB-like antitoxin of toxin-antitoxin system,1.017804099741594e-96,0.00005859483893656533,40,1.6397330137273415e-95,947.852268593329
IPR004761,Spore germination GerAB,1.4113394193972818e-96,0.0003196715686905206,79,2.261244915913447e-95,946.456523965802
IPR046820,"MmeI-like, target recognition domain",2.59137673405025e-96,0.000015653881948286436,28,4.129210140158759e-95,943.8413301482715
IPR021682,Protein of unknown function DUF2933,3.217147940646053e-96,0.0000134022961886014,27,5.0984801059368976e-95,942.9255927095745
IPR001034,DeoR-type HTH domain,3.40621332701222e-96,0.0009239542992421806,156,5.368928681928451e-95,942.7011236494171
IPR013189,"Glycosyl hydrolase family 32, C-terminal",9.979674896466209e-96,0.0002774811402888034,73,1.5645554837685734e-94,938.0560903087684
IPR025935,Bacteriophage abortive infection AbiH,3.3761465367071686e-95,0.000039081095685961684,35,5.264622086116633e-94,932.7863279861047
IPR007822,Lanthionine synthetase C-like,4.308337473895834e-95,0.00006138251654379442,40,6.68250642227673e-94,931.7506061518901
IPR046819,"MmeI-like, helicase spacer domain",4.333799173484035e-95,0.000014045606405654268,27,6.686433010518226e-94,931.7480550210938
IPR026001,"Abortive infection protein-like, C-terminal domain",6.241714047136343e-95,0.000031843855744116925,33,9.579388506026093e-94,930.1866221293967
IPR001763,Rhodanese-like domain,1.3546107610088317e-94,0.0012582075661858995,200,2.0680863764930646e-93,926.844313262885
IPR046817,"MmeI-like, N-terminal domain",5.179520684619059e-94,0.000014688916622707135,27,7.866397039765195e-93,921.0422413727696
IPR019264,Domain of unknown function DUF2179,2.9746465639962046e-93,0.0010443605282005755,169,4.4943364666388256e-92,913.473344174232
IPR031607,"Cag pathogenicity island, type IV secretory system",3.561531421565437e-93,0.000020532317760937347,29,5.353312177981863e-92,912.7137743002929
IPR032865,Prokaryotic E2 family A,4.533104653450976e-93,1.4474479883689514e-6,17,6.778734958698998e-92,911.6885134620927
IPR006528,Phage head morphogenesis domain,4.950693620471138e-92,0.00017364014941951975,57,7.365419692496856e-91,901.32802501375
IPR004995,Bacillus/Clostridium Ger spore germination protein,5.759035868687271e-91,0.0003395069670496507,78,8.524542433041667e-90,890.6932892308482
IPR041587,"Pesticidal crystal protein Cry, domain V",1.4002396153700024e-90,0.000012115675754495667,25,2.062171069908549e-89,886.8567531013126
IPR043895,Protein of unknown function DUF5839,2.07131041595989e-90,0.000010132135918582659,24,3.035146318059819e-89,885.1782036765486
IPR001640,Phosphatidylglycerol--prolipoprotein diacylglyceryl transferase Lgt,3.3910072282114495e-89,0.00031624058086623865,74,4.944088538732293e-88,873.0591376050448
IPR018337,Cell wall/choline-binding repeat,3.587985999495206e-89,0.0009636250959604407,154,5.205257300760209e-88,872.8355779803846
IPR025957,Cysteine-rich KTR,7.134460316258915e-89,0.000010882664505144337,24,1.029905261495594e-87,869.8720272316086
IPR035395,Protein of unknown function DUF5415,9.114356118485572e-89,0.00001828073200125231,27,1.30923460302975e-87,868.8298252482273
IPR020070,"Large ribosomal subunit protein bL9, N-terminal",1.2398491085352879e-88,0.00025501889187670745,66,1.7722549022004408e-87,867.5147381368059
IPR025410,"Lantibiotic biosynthesis protein, dehydration domain",3.326002981730202e-88,0.000024928270910798605,29,4.73103643645135e-87,863.2504370718525
IPR046006,Protein of unknown function DUF5962,1.3887996277547571e-87,6.111447062002239e-6,21,1.965893065307219e-86,857.0644010929639
IPR032836,DsrE2-like family,1.5404082521044346e-87,0.00011928043607855247,47,2.1699664073123342e-86,856.6354698929978
IPR005240,Protein of unknown function DUF389,5.198840929539829e-87,0.000019674570804866855,27,7.288375072374106e-86,851.3736928591555
IPR010095,"Cas12f1-like, TNB domain",5.7850629913275615e-87,0.0005697048063850683,103,8.071408460627353e-86,850.930506742859
IPR020069,"Large ribosomal subunit protein bL9, C-terminal",7.025605439966901e-87,0.00025507250106146187,65,9.75555498235404e-86,850.1074801905081
IPR046818,"MmeI-like, C-terminal domain",7.258210185804001e-87,0.000014313652329426296,25,1.0030777678580317e-85,849.9866539515273
IPR046816,"MmeI-like, DNA-methyltransferase domain",9.878061720480436e-87,0.00003002114346246714,30,1.35869943287363e-85,848.6687660587353
IPR002638,"Quinolinate phosphoribosyl transferase, C-terminal",1.3332708552539806e-86,0.00007826940974143218,40,1.8252665793054494e-85,847.3867369807513
IPR003735,Metal-sensitive transcriptional repressor,2.4927071215917764e-86,0.00036422080122143165,78,3.396604657271785e-85,844.6895499924626
IPR003356,"DNA methylase, adenine-specific",6.380206569617839e-86,0.0005600015439445209,101,8.653340631165404e-85,840.6281620032705
IPR001525,C-5 cytosine methyltransferase,1.5279103137221552e-85,0.0001981395468522831,57,2.0626789235249094e-84,836.8556836901842
IPR003594,Histidine kinase/HSP90-like ATPase,2.5091940602643658e-85,0.0058712243051177474,216,3.3718017878944197e-84,834.7213796339304
IPR007712,"Toxin-antitoxin system, RelE/ParE toxin family",3.130479074060916e-85,0.0000755889505037119,39,4.187374761450289e-84,833.7805816890422
IPR001764,"Glycoside hydrolase, family 3, N-terminal",4.299873302399163e-85,0.0001999622591339329,57,5.725310753331488e-84,832.4220093609822
IPR003669,Thymidylate synthase ThyX,1.1660914283742075e-84,0.000021711719825534268,27,1.545601184154177e-83,828.1090255819604
IPR025159,"Transcriptional regulator, AbiEi antitoxin",2.572245930711113e-83,0.00004755134687715777,33,3.393967933915659e-82,814.6929226519727
IPR018730,Protein of unknown function DUF2273,3.81738400264758e-83,0.0001770175280590473,53,5.014185473747903e-82,812.9979960561205
IPR008878,"Transposase IS66, Orf2",5.969113343349791e-83,0.00013348687003846994,47,7.805351797851116e-82,811.0760751791581
IPR001959,"Probable transposase, IS891/IS1136/IS1341",1.0826173504313798e-82,0.0005908268251783042,102,1.4093358008294212e-81,808.5098551571128
IPR010712,Arsenical-resistance operon trans-acting repressor ArsD,1.1028180473243047e-82,0.00006417019415102351,36,1.429252189332299e-81,808.4489113385973
IPR041546,"ClpA/ClpB, AAA lid domain",1.8083020349803564e-82,0.0007443635303149218,120,2.333189705310938e-81,806.3204994846717
IPR001046,NRAMP family,1.9725700957068445e-82,0.0004466717273737075,85,2.5339270480533736e-81,805.9620589264275
IPR032334,"Gram-positive pilin backbone subunit 2, Cna-B-like domain",6.186332556093333e-82,0.00007725083523109847,38,7.911993742793052e-81,801.017140648729
IPR003473,Quinolinate synthetase A,1.3666220647449475e-81,0.00007215796267942994,37,1.7402052143215142e-80,797.5939953436551
IPR022038,"Ig-like domain, bacterial type",1.6852190083293791e-80,0.0005547478438385891,96,2.1365646209949868e-79,786.7028396728997
IPR004099,"Pyridine nucleotide-disulphide oxidoreductase, dimerisation domain",5.767678857047016e-80,0.0014343137381041219,206,7.28075824551909e-79,781.3782338927256
IPR009343,Protein of unknown function DUF1002,6.704115222346472e-80,0.00012925174444287192,45,8.426379305328583e-79,780.7435899542237
IPR011266,Fibrinogen-binding domain 2,4.1678265148857923e-79,0.0003366656802576672,70,5.216043827213291e-78,772.8265876815095
IPR002915,DeoC/FbaB/LacD aldolase,4.271237567934549e-79,0.0005385042608580042,93,5.322619123118438e-78,772.7387461003354
IPR013096,"Cupin 2, conserved barrel",3.0789074599328927e-78,0.0008870711801311495,133,3.820465597091198e-77,764.1788370674126
IPR039444,SIR2-like domain,4.944353051108933e-78,0.00008057460468587162,37,6.1092091089125625e-77,762.1401500937567
IPR012481,"Kanamycin nucleotidyltransferase, C-terminal",2.396189448210142e-77,0.000015653881948286436,23,2.948222966658554e-76,755.304396749759
IPR002633,"Bacteriocin, class IIa",1.1639888889133148e-76,0.000030396407755747978,27,1.426130924399675e-75,748.4584060272098
IPR041171,SDR-like Ig domain,1.368802031272296e-76,0.000636019367926268,102,1.6700530222552365e-75,747.7726974028517
IPR025875,Leucine rich repeat 4,1.564471572546845e-76,0.0005302484464058258,90,1.9008329606444166e-75,747.210560459214
IPR022412,"Quinolinate phosphoribosyl transferase, N-terminal",2.4403986311162905e-76,0.00009821202647007106,39,2.952781082296723e-75,745.2976875021569
IPR005149,"Transcription regulator PadR, N-terminal",4.363291554289006e-76,0.0009555301090625255,139,5.257586021614356e-75,742.7921361290568
IPR002508,"N-acetylmuramoyl-L-alanine amidase, catalytic domain",7.093591970252341e-76,0.0005617706470414163,93,8.512310364302809e-75,740.6995255010462
IPR046010,Protein of unknown function DUF5966,8.977018542118083e-76,4.0742980413348254e-6,17,1.0728272979023087e-74,739.6947018446899
IPR005325,"Protein of unknown function DUF308, membrane",1.5033349316869114e-75,0.0007142887776677003,110,1.7892753717547077e-74,737.4732281581588
IPR043964,"TraG, P-loop domain",1.6825687491294033e-75,0.000056664908285406724,32,1.994459541650951e-74,737.0017476908889
IPR012933,HicA mRNA interferase family,1.6906067627878994e-75,0.000036347027263486996,28,1.9958742187406944e-74,736.9986683169999
IPR022749,"N6 adenine-specific DNA methyltransferase, N-terminal domain",6.94191215563967e-75,0.00024638781313124814,57,8.16234509913116e-74,730.8818504746032
IPR007693,"DNA helicase, DnaB-like, N-terminal",1.4970071219359258e-74,0.0003366656802576672,67,1.7531215933996625e-73,727.5618796096772
IPR005638,"Pesticidal crystal protein, C-terminal",2.3992844808489267e-73,0.00001586831868730406,22,2.798525418462188e-72,715.5307074412701
IPR003807,Domain of unknown function DUF202,1.462185436535865e-72,0.000010936273689898742,20,1.6986982999755309e-71,707.698837478471
IPR007210,"ABC-type glycine betaine transport system, substrate-binding domain",1.1468413701095046e-71,0.0006574094326432759,100,1.3270592996981412e-70,698.7710967023559
IPR001648,Small ribosomal subunit protein bS18,1.6761496150231205e-71,0.00025517971943097065,56,1.9318783705167664e-70,697.1402021988545
IPR001178,"Pesticidal crystal protein, central domain",3.2204630614604938e-71,0.000011794020645969232,20,3.697193026464094e-70,694.3212787478803
IPR024463,"Transposase TnpC, homeodomain",4.390004236662044e-71,0.00012228255042479917,40,5.020098962394714e-70,692.9928772142105
IPR012569,"Internalin, Ig-like inter-repeat region",4.501036184575841e-71,0.0001788402403406971,47,5.1269615289934194e-70,692.9013994134809
IPR039552,"Transposase IS66, C-terminal",9.404375883683507e-71,0.00009386968250496421,36,1.0670490302265022e-69,689.7181562456092
IPR008331,Ferritin/DPS protein domain,1.4438490313036958e-70,0.0004544986683478507,77,1.6318851842176655e-69,687.873104004932
IPR007694,"DNA helicase, DnaB-like, C-terminal",1.6786866984140592e-70,0.0003431523916129503,65,1.889980854276215e-69,687.2354259525762
IPR032179,"Pesticidal crystal protein Cry22Aa, Ig-like domain",1.8155743273281147e-70,0.0002789285882771724,58,2.0362364378803008e-69,686.9117179524249
IPR048645,"Cry1Ac-like, domain VII",2.102330653743878e-70,9.810480810056226e-6,19,2.3475221113552577e-69,686.2939030841462
IPR011639,Type II methyltransferase M.TaqI-like domain,2.1092276857855882e-70,0.000030181971016730355,25,2.3475221113552577e-69,686.2939030841462
IPR004260,Pyrimidine dimer DNA glycosylase,4.844546550722158e-70,0.00007537451376469428,33,5.371367962701829e-69,682.6991509549321
IPR006199,"LexA repressor, DNA-binding domain",5.194310479722029e-70,0.00025421475410539136,55,5.737352029874787e-69,682.4128850205382
IPR031552,"Type II bacterial toxin-antitoxin system, ParE-like toxin",1.0338096768856258e-69,0.00003114693634230965,25,1.1375807614333904e-68,679.4401776126442
IPR041459,"Polyvalent protein, metallopeptidase domain",1.5758889008477316e-69,8.041377713160841e-6,18,1.7275533965684156e-68,677.6256852023357
IPR025487,Probable Zinc-ribbon domain,2.462423179288865e-69,0.0000364006364482414,26,2.6892981238975017e-68,675.7036105110994
IPR035421,"Terminase, large subunit gp17-like, C-terminal",4.216516637269266e-69,0.00003677590074152224,26,4.587821833685514e-68,673.3839345610418
IPR040678,"AbrB, C-terminal",5.024109247595141e-66,0.00012507022803202828,38,5.446209132337335e-65,642.6390568593467
IPR028090,"JAB domain, prokaryotic",1.2841188291271017e-65,0.000013027031895320561,19,1.3868483354572699e-64,638.5797103040145
IPR026345,Adhesin isopeptide-forming adherence domain,4.766482646476417e-65,0.00007537451376469428,31,5.1288056815960264e-64,632.8998375502066
IPR049067,"Actin homologue MreB-like, C-terminal",6.328964192187153e-65,0.00002449939743276336,22,6.785021906035933e-64,631.6844874584431
IPR002611,IstB-like ATP-binding domain,8.399233251262507e-65,0.0005460631559083755,82,8.971488703546326e-64,630.4713548537394
IPR040607,"Actin-like protein, N-terminal",1.3641744045457784e-64,0.00007666113419880001,31,1.4518002057136826e-63,628.380931463951
IPR018145,"CagE, TrbE, VirB component of type IV transporter system, central domain",2.742277536551297e-64,0.000014099215590408673,19,2.907811380575848e-63,625.3643376804404
IPR002789,"Helicase HerA, central domain",7.25549340888631e-64,0.00007875189240422183,31,7.665586514605971e-63,621.1545461050146
IPR045403,"Helix-turn-helix domain, Firmicutes-type",1.5402175335936785e-63,0.000026322109714413152,22,1.6213986743534898e-62,617.9011018639535
IPR025247,Type II methyltransferase M.EcoRI-like,2.2540029163488074e-63,6.8619756485639176e-6,16,2.364270684918389e-62,616.263028026484
IPR000529,Small ribosomal subunit protein bS6,2.94921438745877e-63,0.00025507250106146187,51,3.079883232843357e-62,615.1146574852978
IPR003491,"Replication initiation protein-like, C-terminal",2.957363872414746e-63,0.0002077355909233217,46,3.079883232843357e-62,615.1146574852978
IPR031709,Putative phage abortive infection protein,3.188469187487334e-63,5.039263366914127e-6,15,3.3087459611078525e-62,614.803365758212
IPR025586,PcfJ-like protein,5.40251930134377e-63,0.000022730294335867976,21,5.586434852027814e-62,612.5286526153052
IPR040811,SMODS and SLOG-associating 2TM effector domain,1.021802886811192e-62,7.183630757090351e-6,16,1.0528541406153484e-61,609.7763179055579
IPR007464,"Bacteriocin, class IId",1.8340511270624303e-62,0.000019352915696340423,20,1.876523890004929e-61,607.2664590221744
IPR006016,UspA,1.8319466810042062e-62,0.0009222388053300396,120,1.876523890004929e-61,607.2664590221744
IPR024405,Prophage protein BhlA/UviB,1.9715533819402434e-62,0.00003270160270018742,23,2.0101572243838286e-61,606.9676997292183
IPR004173,3H domain,1.9920145775013976e-62,0.0001395447079157178,38,2.0239423372801655e-61,606.9380186483509
IPR048454,"YetF-like, N-terminal transmembrane domain",2.9846188932808873e-62,0.0001578790491017245,40,3.0219266294468987e-61,605.1971608427666
IPR041420,Phage-Barnase-EndoU-ColicinE5/D-RelE like nuclease 4,1.3010646552425182e-61,0.00003940275079448812,24,1.3127697351858766e-60,598.8181144413753
IPR001114,Adenylosuccinate synthetase,2.1797458714737163e-61,0.00025651994904983083,50,2.191772055592192e-60,596.5920461448787
IPR001789,"Signal transduction response regulator, receiver domain",3.838125520865718e-61,0.0056613979559890035,243,3.846039181733482e-60,594.1498629567633
IPR024474,"Transposase IS66, zinc-finger binding domain of",1.8338044398402643e-59,0.00008491694865097848,30,1.8312923789637708e-58,577.372423119334
IPR005560,Protein of unknown function DUF326,2.4422967319723587e-59,0.000027715948518027696,21,2.4306270547547433e-58,576.1428167237316
IPR031616,Small toxic protein BsrE-like,3.837218167879326e-59,0.000050499852038650076,25,3.8058939379374536e-58,574.1954331873169
IPR007560,"Restriction endonuclease type IV, Mrr",4.654999173743696e-59,0.00009413772842873624,31,4.6013483358090226e-58,573.3711488810156
IPR025624,PcfK-like protein,5.378632328263918e-59,0.000015546663578777623,18,5.298679685546481e-58,572.758323335531
IPR041219,Phage tail lysozyme,1.1584070448969712e-58,0.00012067427488216701,34,1.1373450986261172e-57,569.4410773963159
IPR005039,"Antirepressor protein, C-terminal",5.675841269382774e-58,0.00017878663115594267,40,5.553944007221533e-57,562.5539850295762
IPR006153,Cation/H+ exchanger,2.066031870455461e-57,0.0008452560160227132,106,2.014899309113085e-56,556.9574665204852
IPR046776,Putative pectate lyase-like adhesive domain,3.905226861483142e-57,0.00007703639849208086,28,3.795880509361614e-56,554.2068746719882
IPR018690,Protein of unknown function DUF2187,4.3660535767370193e-57,0.00015482332557072338,37,4.22970505972264e-56,553.7368991522561
IPR001707,Chloramphenicol acetyltransferase,4.4848744031031404e-57,0.00006245470023888253,26,4.330428397168463e-56,553.6346913798305
IPR003953,"FAD-dependent oxidoreductase 2, FAD binding domain",6.934727662593087e-57,0.0005033902448438686,71,6.673817116871763e-56,551.7562569852355
IPR001367,"Iron dependent repressor, metal binding and dimerisation domain",7.008219484102422e-57,0.00025453640921391783,47,6.722357899882455e-56,551.724783693128
IPR002711,HNH endonuclease,1.0677552862552534e-56,0.0003906501293053536,60,1.0208440704001044e-55,549.9104058948651
IPR025997,Periplasmic binding protein,3.367032950187759e-56,0.00040507100000428874,61,3.2085843407671584e-55,544.9368654036894
IPR002631,Plasmid replication protein,5.965524786552075e-56,0.00003902748650120728,22,5.666276963383014e-55,542.4670220130707
IPR001761,Periplasmic binding protein/LacI sugar binding domain,2.4720946267331e-55,0.00036979615643588983,57,2.340463614140818e-54,536.3069810621382
IPR015046,Lactococcin-A immunity protein-like,3.7745637371873195e-55,0.0003183313390716605,52,3.56201548790881e-54,534.483041965239
IPR005517,"Translation elongation factor EFG/EF2, domain IV",4.7048107754790865e-55,0.000403784379570183,60,4.425557490740973e-54,533.5403201312386
IPR015939,"Fumarate reductase/succinate dehydrogenase flavoprotein-like, C-terminal",7.65981710277732e-55,0.0001759453443639592,38,7.182002145240729e-54,531.4375446948758
IPR048443,"YlmH, N-terminal domain",1.046042065692777e-54,0.00012876926178008227,33,9.776470075513263e-54,530.0981792470654
IPR005639,"Pesticidal crystal protein, N-terminal",3.16489363171086e-54,0.000016779674828128954,17,2.948507932929351e-53,525.303976994199
IPR038721,"Transposase IS701-like, DDE domain",5.163540362188541e-54,0.00006390214822725148,25,4.7951858904910145e-53,523.1919455227858
IPR022635,"DNA polymerase III, beta sliding clamp, C-terminal",7.331148936015232e-54,0.0002852008628934378,48,6.786549300768387e-53,521.6835099163491
IPR001754,Orotidine 5'-phosphate decarboxylase domain,1.3526935114482558e-53,0.0004372901200416865,62,1.2482450251212387e-52,519.0370015614944
IPR000835,MarR-type HTH domain,2.1167645375120237e-53,0.0032522548023107703,449,1.9471562748848772e-52,517.1059919147094
IPR025269,Phage integrase SAM-like domain,7.529459265463363e-53,0.00014710360296608897,34,6.904372081160744e-52,511.60875812246394
IPR011646,KAP family P-loop domain,1.6562795773776672e-52,0.000023427213737675248,18,1.5140160650888018e-51,508.1986951655166
IPR012550,Protein of unknown function DUF1706,1.8705236430458857e-52,0.0000766075250140456,26,1.7045146697255635e-51,507.6839925670939
IPR041324,"Antigen I/II, N-terminal",1.90307713081819e-52,0.00003425626905806518,20,1.728776608556337e-51,507.6226112236477
IPR009164,"Fructose-1,6-bisphosphatase class 3",3.8424289778278424e-52,0.00018087738936136452,37,3.479665496691301e-51,504.5846250315788
IPR003188,"Phosphotransferase system, lactose/cellobiose-type IIA subunit",5.637538991961861e-52,0.000622402634998649,78,5.0894934057463736e-51,502.9332544399688
IPR006542,Protein of unknown function DUF1093,6.67962777184378e-52,0.0004737979748594367,64,6.011664994659402e-51,502.2100522885435
IPR020275,Family of unknown function DUF5592,7.106521283899081e-52,0.0000296458791691863,19,6.376189558107606e-51,501.95438780254284
IPR008201,Ribonuclease HepT-like,7.795770222016888e-52,0.0001424396038924557,33,6.973149069754983e-51,501.56571050487037
IPR049030,"AI2M/AI1M-like, HNH endonuclease domain",2.467292495876958e-51,0.000036507854817750216,20,2.2001911064150487e-50,496.5753959515192
IPR006935,"Helicase/UvrB, N-terminal",3.498864250462109e-51,0.0008152884817450004,96,3.1105756568132654e-50,495.0715923108809
IPR022637,"DNA polymerase III, beta sliding clamp, central",5.881990309898119e-51,0.00028450394349163055,46,5.213338523909701e-50,492.82884073597324
IPR002205,"DNA topoisomerase, type IIA, domain A",1.4636320209330376e-50,0.0005080006347327475,66,1.2933184766790114e-49,488.88294517939926
IPR046698,Protein of unknown function DUF6568,1.9511107834816257e-50,0.00003232633840690658,19,1.71886375970768e-49,487.64758544925513
IPR000772,"Ricin B, lectin domain",1.9597554030372779e-50,0.00003843778546890882,20,1.721279143149609e-49,487.6414869358939
IPR040511,"Adenylyl/Guanylyl and SMODS, C-terminal sensor domain",2.1259376370435941e-50,9.75687162530182e-6,14,1.8616318767624986e-49,487.30106193223946
IPR002816,TraB/PrgY/GumN family,4.014324636825832e-50,0.000022086984118815107,17,3.504721748797642e-49,484.55346456373127
IPR011439,Domain of unknown function DUF1542,4.11746313774341e-50,0.0026792798356556832,5,3.584036570047697e-49,484.456275676235
IPR009528,BsuBI/PstI restriction endonuclease domain,5.97901029289089e-50,3.109332715755525e-6,11,5.1889267899017366e-49,482.8492245668337
IPR010332,"Terminase, ATPase subunit, N-terminal domain",2.0887198691967026e-49,0.00001838795037076112,16,1.8073314951268796e-48,477.4296218318858
IPR018925,"PBSX phage terminase small subunit-like, N-terminal domain",2.387760673574144e-49,0.000040903807967611474,20,2.059973409509528e-48,476.86138385542404
IPR010359,IrrE N-terminal-like domain,8.830466632526944e-49,0.0004362179363465984,58,7.595764218421407e-48,471.19428524744364
IPR026866,"Protein CR006, P-loop domain",1.1941872704763332e-48,0.00001940652488109483,16,1.0241912002085257e-47,469.8961895991863
IPR049464,"Conjugal transfer protein-like, C-terminal domain",1.2526353664314542e-48,0.000011257928798425177,14,1.0711685420862523e-47,469.7014219010262
IPR026870,Zinc-ribbon domain,1.3451146625736255e-48,0.0003589134919307455,51,1.146887238615407e-47,469.40479279617875
IPR001128,Cytochrome P450,1.6417926807526406e-48,0.00016013063486140954,33,1.395763107018863e-47,468.55188285183254
IPR041223,"ApeA, N-terminal domain",2.161355717800411e-48,8.255814452178462e-6,13,1.832125951484302e-47,467.37044673597006
IPR045572,"Type III restriction enzyme, C-terminal endonuclease domain",5.730632071008134e-48,0.00002037149020667413,16,4.843629889582528e-47,463.1482904947881
IPR025306,Probable zinc-binding domain,7.373504097470856e-48,0.000044549232530911054,20,6.214201719140177e-47,462.0661465322337
IPR021352,Protein of unknown function DUF2971,8.907364566705856e-48,0.00001206206656974126,14,7.485266592655411e-47,461.25792727364035
IPR020038,Circular bacteriocin,1.0549047810111736e-47,0.000016136364611076085,15,8.839374544335007e-47,460.5357846366948
IPR041033,Prealbumin-like fold domain,1.2863164897314723e-47,0.0027812981142433173,350,1.074756127236955e-46,459.68690070269935
IPR045515,Domain of unknown function DUF6440,1.4423093666715965e-47,0.00004529976111747273,20,1.2016497466326786e-46,459.2022210077861
IPR013597,"Group II intron, maturase-specific",2.721054259709853e-47,0.00019980143157966967,36,2.2605681542204937e-46,456.4578239482049
IPR015032,"Thoeris protein ThsB, TIR-like domain",3.5123890962906076e-47,0.00002691181074671161,17,2.9096950581771055e-46,455.36152523553767
IPR003804,L-lactate permease,5.628824725242751e-47,0.00024676307742452897,40,4.6497600279908955e-46,453.32569460273197
IPR010640,Low temperature requirement A,7.937971559971781e-47,0.00009831924483957988,26,6.5387358951631965e-46,451.84506203788726
IPR043993,Type IV secretion system pilin,1.451534894493669e-46,0.000022515857596850353,16,1.1923030288291658e-45,449.2361335279786
IPR006037,"Regulator of K+ conductance, C-terminal",1.4716867029073084e-46,0.0007760465585047755,87,1.2054602319319414e-45,449.1884711240175
IPR002060,Squalene/phytoene synthase,2.7120592348681494e-46,0.00010067804896877373,26,2.2152282153712953e-45,446.5458152561657
IPR011697,Peptidase C26,3.944513776634989e-46,0.00016329357676191946,32,3.2129056348233596e-45,444.9310202977912
IPR026898,Intramembrane metalloprotease PrsW,4.55443000364964e-46,0.00011150710428916365,27,3.699364314942159e-45,444.318728970766
IPR006512,YidE/YbjL duplication,1.2741763105321469e-45,0.000014367261514180702,14,1.0320828115310391e-44,439.86285454697105
IPR031341,"Ribosomal RNA small subunit methyltransferase F, N-terminal",2.1161992519413866e-45,0.00012496300966251947,28,1.709373135363181e-44,437.67163125728007
IPR006691,"DNA gyrase/topoisomerase IV, subunit A, C-terminal repeat",2.8274381056214803e-45,0.0027094618066724136,332,2.277571689500618e-44,436.42527944161975
IPR007345,Polysaccharide pyruvyl transferase,3.976673589055603e-45,0.00009622848663415806,25,3.1944848996380544e-44,434.95599160441327
IPR010022,Protein of unknown function XkdX,4.0043072260180246e-45,0.00015841514094926855,31,3.2078461184254284e-44,434.93786473156456
IPR022634,"DNA polymerase III, beta sliding clamp, N-terminal",4.383918589645868e-45,0.00028434311593736734,42,3.5023305773718773e-44,434.55642864205544
IPR010365,Protein of unknown function DUF961,1.1476183261364996e-44,0.0001722463106159052,32,9.143319778726864e-44,430.38896090938886
IPR006419,Nicotinamide mononucleotide transporter PnuC,2.7119562461217937e-44,0.00015241091225677512,30,2.1547859437850545e-43,426.6659586612984
IPR009319,"Lactococcus phage , Structural protein",3.0452441812173584e-44,0.00004696164584485931,19,2.4130250088124503e-43,426.17438177000054
IPR046257,Protein of unknown function DUF6290,3.745755638770335e-44,0.00003983162427252336,18,2.96006055356485e-43,425.2869940454576
IPR031340,"Ribosomal RNA small subunit methyltransferase F, first C-terminal domain",2.9034941734179647e-43,0.00009483464783054352,24,2.2882672999153475e-42,416.4049324557056
IPR027391,"rRNA small subunit methyltransferase F, RNA-binding PUA-like domain",3.148642715150609e-43,0.00009499547538480672,24,2.4747822526628502e-42,416.0646300708481
IPR023562,Clp protease proteolytic subunit /Translocation-enhancing protein TepA,6.218307485658871e-43,0.0005408630649871982,62,4.8743507065003404e-42,413.1208322680939
IPR013159,"Chromosomal replication initiator, DnaA C-terminal",8.78122789406884e-43,0.0002553941561699883,38,6.864895586891351e-42,411.63366063872496
IPR008792,Coenzyme PQQ synthesis protein D,8.85408630724866e-43,0.00005130398980996616,19,6.903346436346816e-42,411.60940331505435
IPR008799,Pseudomonas avirulence D,1.0364714059731188e-42,2.305194944439441e-6,9,8.059601652846972e-42,410.93686422741513
IPR004700,"Phosphotransferase system, mannose/fructose/sorbose family, IIC subunit",1.1476883524559039e-42,0.0006017094896834485,67,8.900689456812277e-42,410.50576351142524
IPR021451,Protein of unknown function DUF3102,2.4275657639800045e-42,0.000013991997220899863,13,1.8776609463569477e-41,407.26382826564054
IPR032557,PIN domain (DUF4935),3.465237655391632e-42,4.288734780352448e-6,10,2.6731833341592593e-41,405.7297125512923
IPR025378,Domain of unknown function DUF4368,6.895137496839698e-42,0.00005414527660194966,19,5.305071488333656e-41,402.75308759400787
IPR016071,"Staphylococcal nuclease (SNase-like), OB-fold",8.570192880828639e-42,0.0001913311803884736,32,6.576495379077976e-41,401.8200548070264
IPR013647,"Oligopeptidase F, N-terminal domain",1.0709271763574046e-41,0.0004953488671307078,57,8.196387522987381e-41,400.86377516459663
IPR002577,"Helix-turn-helix, HxlR type",3.0519223669898817e-41,0.0007875725332269727,82,2.3296873356393967e-40,396.32702361170584
IPR029442,GyrI-like small molecule binding domain,4.787788731068138e-41,0.0004419541191153198,52,3.6452198276226344e-40,394.3827627611289
IPR003190,Aspartate decarboxylase,5.009278127840893e-41,0.00013847252422062969,27,3.803920578329178e-40,394.1976855923028
IPR001455,TusA-like domain,5.349496923510944e-41,0.0002577529602991821,37,4.051722864664393e-40,393.92360267769584
IPR004013,PHP domain,1.2244355678626134e-40,0.0010883200596991881,110,9.24988112924192e-40,390.33863848368645
IPR026881,WYL domain,1.6336788291341667e-40,0.0003363440251491408,43,1.2309580014871395e-39,389.097567643177
IPR001604,DNA/RNA non-specific endonuclease,3.400452630306958e-40,0.000028573695474098185,15,2.5555979046327552e-39,385.92507476623325
IPR025657,RadC-like JAB domain,5.023241354857965e-40,0.0003034279857099357,40,3.7654940336158934e-39,384.2417803619695
IPR025911,ToxN/AbiQ toxin,1.4472385599334557e-39,0.000012973422710566157,12,1.0820891386579375e-38,379.6573696211972
IPR032807,"Tyrosine kinase, G-rich domain",1.856649268889642e-39,0.00012512383721678268,25,1.3846519867217893e-38,378.58659366843773
IPR013378,"Internalin B-like, B-repeat",2.7619789383948593e-39,0.00032288811977578496,41,2.0493462046716056e-38,376.8838466820801
IPR007421,"Schlafen, AlbA_2 domain",2.7595077441825335e-39,0.00008287979963031107,21,2.0493462046716056e-38,376.8838466820801
IPR018778,Type VII secretion system EssB,3.162147215465597e-39,0.00010421625516256449,23,2.3403099696187008e-38,376.3072661729942
IPR015899,"UDP-galactopyranose mutase, C-terminal",3.372266842992796e-39,0.00007328375555927246,20,2.489501294725821e-38,376.0388764352303
IPR023809,Thiopeptide-type bacteriocin biosynthesis domain,3.9197506414562966e-39,0.00003098610878804644,15,2.886361835981455e-38,375.3964922642343
IPR010813,Protein of unknown function DUF1413,4.933931071797712e-39,0.0001052348296728982,23,3.6240158703682937e-38,374.40809909119315
IPR011664,Abortive infection system protein AbiD/AbiF-like,9.084182453139614e-39,0.0001291981352581175,25,6.655647244561586e-38,371.7680970411519
IPR025575,"DpnD/PcfM-like, C-terminal domain",1.3098761481990177e-38,0.000014206433959917484,12,9.572929443980792e-38,370.18955141985475
IPR041511,Putative DNA-binding domain,1.3689229636773918e-38,0.00003983162427252336,16,9.979448405208185e-38,370.0089346284035
IPR000209,Peptidase S8/S53 domain,1.8992727346169337e-38,0.0005074645428852035,55,1.3811170309583489e-37,368.59769519288164
IPR024760,"Helix-turn-helix, conjugative transposon-like",2.5258772594992243e-38,0.00012035261977364057,24,1.832203504651676e-37,367.3702629047232
IPR019489,"Clp ATPase, C-terminal",6.08832981732935e-38,0.0011575831264018803,113,4.405352294623421e-37,363.56019355471426
IPR004720,"Phosphotransferase system, sorbose subfamily IIB component",6.555241138584187e-38,0.0006593929724791889,67,4.7314562277503695e-37,363.2500517335462
IPR018658,Protein of unknown function DUF2089,6.828405311564497e-38,0.00005033902448438686,17,4.9164518243264375e-37,363.0834821207628
IPR004010,Double Cache domain 2,7.795993729692421e-38,2.2515857596850352e-6,8,5.599290077779089e-37,362.5186703278802
IPR032300,"Cell surface antigen, C-terminal",8.331494502242779e-38,0.000042136819216962805,16,5.969198518068781e-37,362.2408397750501
IPR000644,CBS domain,9.55073152418035e-38,0.0041063563338179605,116,6.825964001105368e-37,361.6583600644157
IPR009339,Protein of unknown function DUF998,1.092806500127806e-37,0.00009049230386543665,21,7.791256123160592e-37,361.0839251878708
IPR013506,"DNA topoisomerase, type IIA, subunit B, domain 2",1.198951768192213e-37,0.0005168461502172245,55,8.527178917191447e-37,360.6919462455818
IPR049242,Domain of unknown function DUF6877,1.4442816056877138e-37,0.000010989882874653149,11,1.024701985933181e-36,359.8940242210421
IPR002288,"DNA gyrase B subunit, C-terminal",1.617115574970637e-37,0.0005059098765273257,54,1.1445410234500915e-36,359.4136863642001
IPR009996,Regulatory protein YycH,2.901522855744461e-37,0.00020049835098147695,30,2.0486296966951207e-36,356.8853653609161
IPR041454,"BsuBI/PstI restriction endonuclease, HTH domain",1.9879593575397198e-36,2.7340684224746855e-6,8,1.4002148518323245e-35,348.53805320174564
IPR041095,"Elongation Factor G, domain II",5.847941074551298e-36,0.000574958506491,58,4.109059318889539e-35,343.8625758916391
IPR000834,"Peptidase M14, carboxypeptidase A",6.399481832603232e-36,0.00005752265524147721,17,4.485790630738227e-35,343.48161000489347
IPR011701,Major facilitator superfamily,8.45790176654071e-36,0.0076273003701178115,701,5.91444641516372e-35,342.28085898557737
IPR040591,"YlmH, putative RNA-binding domain",1.3437461051636008e-35,0.0002536786622578473,33,9.374075700136506e-35,340.28071543666374
IPR041498,Bacterial Ig domain,1.8091125666892714e-35,0.0006061590520180641,60,1.259038721829574e-34,338.99960912927634
IPR045633,Protein of unknown function DUF6414,2.848556013021129e-35,0.00001951374325060364,12,1.977711746183241e-34,337.0383700705868
IPR001567,Peptidase M3A/M3B catalytic domain,3.326561336109478e-35,0.0005846617689315475,58,2.3040980655808165e-34,336.3749904068534
IPR005046,Protein of unknown function DUF285,3.550180127095844e-35,0.00028434311593736734,35,2.4531576423249957e-34,336.10274542705946
IPR005531,Alkaline shock protein Asp23,3.645935008433159e-35,0.0007906818659427282,75,2.513367963260305e-34,335.9974392497088
IPR006059,Bacterial-type extracellular solute-binding protein,3.8967680750421414e-35,0.0013950182056791426,133,2.6799471006657746e-34,335.7187377840244
IPR039440,Domain of unknown function DUF3850,4.1452308303818866e-35,0.00003388100476478434,14,2.8441160238573132e-34,335.4605269082089
IPR018306,"Bacteriophage T5, Orf172 DNA-binding",4.763047055791747e-35,9.596044071038603e-6,10,3.260339252274351e-34,334.86737207378377
IPR003841,Sodium-dependent phosphate transport protein,5.147293164371411e-35,0.00029935368766860086,36,3.5151069946854883e-34,334.5406145115787
IPR022532,"Domain of unknown function DUF3696, C-terminal",5.665578437629111e-35,1.6082755426321681e-6,7,3.860006243954787e-34,334.13411992811945
IPR013317,Chromosomal replication initiator protein DnaA,1.0561113942700353e-34,0.00034293795487393266,39,7.17860332329003e-34,331.43960044335927
IPR045620,Protein of unknown function DUF6442,1.432083360451964e-34,0.000010132135918582659,10,9.711523439716109e-34,330.12712637284017
IPR019533,Peptidase S26,1.8522527955018763e-34,0.0006935420231677453,66,1.2531714969103181e-33,329.019894916034
IPR048445,"Cyclic GMP-AMP synthase DncV-like, nucleotidyltransferase domain",2.295592140268548e-34,6.486711355283078e-6,9,1.54952469468127e-33,328.0980149804467
IPR002818,DJ-1/PfpI,3.5358613504840536e-34,0.000585519515887618,57,2.381194387531524e-33,326.23205149749947
IPR040836,SMODS-associated and fused to various effectors,4.685908244817601e-34,3.8062521175627976e-6,8,3.1484120833843604e-33,325.0190842948091
IPR046229,Transposase for transposon Tn554-like,5.493508153740023e-34,0.00008743658033443554,19,3.6825447761622775e-33,324.33851963854784
IPR041619,Nicotinate phosphoribosyltransferase C-terminal domain,6.657863940352252e-34,0.00029704849272416145,35,4.452828268364029e-33,323.51364053923356
IPR007329,FMN-binding,7.878609393165049e-34,0.00032513970553547,37,5.2572139566291266e-33,322.79244347826057
IPR004991,Aerolysin-like toxin,9.021581193896612e-34,0.00001109710124416196,10,6.006148575662675e-33,322.2140392874837
IPR002037,"Glycoside hydrolase, family 8",9.304337755472718e-34,0.00004674720910584168,15,6.180284486323108e-33,322.0899153332596
IPR041698,Methyltransferase domain 25,1.2326274437884312e-33,0.0007655927674776664,71,8.168958241106968e-33,320.8783332400441
IPR002798,Stage II sporulation protein M-like,1.3019062330225311e-33,0.00012571353824908114,22,8.608522846924491e-33,320.6507136358307
IPR006083,Phosphoribulokinase/uridine kinase,1.6169896028555498e-33,0.0004639338848646261,47,1.0667741361825301e-32,319.71927522274785
IPR003034,SAP domain,2.1078504777510028e-33,0.000023319995368166438,12,1.3874699758740234e-32,318.57776406009475
IPR013766,Thioredoxin domain,2.424057465299668e-33,0.0010960397823038225,100,1.5920161191022143e-32,317.980525393611
IPR039442,Mrr-like domain,3.306003856372606e-33,7.505285865616785e-6,9,2.1663611786927012e-32,316.64269135505384
IPR039562,"Membrane fusion protein, biotin-lipoyl like domain",4.3037023880041096e-33,0.00015514498067924982,24,2.8138107989730906e-32,315.50705107940513
IPR016667,"Capsular polysaccharide synthesis, CpsB/CapC",4.6010439160702e-33,0.00025040850198782856,31,3.0014863667249896e-32,315.2266362494497
IPR020250,"Uncharacterised protein family, plasmid pXO2-72",6.27487501659819e-33,7.773331789388812e-6,9,4.084271327767929e-32,313.8888541442101
IPR025588,"YcxB-like, C-terminal domain",6.83869958720114e-33,0.00004063576204383945,14,4.441346992489649e-32,313.5248529504597
IPR023885,4Fe4S-binding SPASM domain,8.500430551299784e-33,0.00011852990749199079,21,5.50827899724226e-32,312.58984070612985
IPR046556,Protein of unknown function DUF6710,1.307939778434306e-32,4.663999073633288e-6,8,8.456657192714937e-32,310.72801274035646
IPR001962,Asparagine synthase,1.693051151951199e-32,0.00028386063327457767,33,1.0922427343118797e-31,309.61680835571246
IPR018604,Regulatory protein YycH-like,3.510689540424092e-32,0.00021711719825534269,28,2.2598610816504753e-31,306.45918257014966
IPR040582,"MalK-like, OB fold domain",3.708556912531329e-32,0.0002593076266570599,31,2.3819717966831176e-31,306.23063385010005
IPR004704,"Phosphotransferase system, mannose/fructose/sorbose family IID component",3.952198602844363e-32,0.0006135035103294177,57,2.532881566130585e-31,305.96385116714964
IPR000755,D-alanyl-D-alanine dipeptidase,6.207325628877477e-32,0.000043959531498612595,14,3.969421388992702e-31,304.01272794466473
IPR003362,Bacterial sugar transferase,1.0602902979958888e-31,0.00039075734767486246,40,6.765440938634599e-31,301.69703892935496
IPR041525,Nicotinate/nicotinamide phosphoribosyltransferase,1.2725356219785106e-31,0.00029308141305233544,33,8.101995357400299e-31,300.9140801001148
IPR004185,"Glycoside hydrolase, family 13, N-terminal Ig-like domain",1.36693631411856e-31,0.00013991997220899862,22,8.684065995576734e-31,300.61276884733286
IPR022687,DTXR-type HTH domain,2.5485808077353843e-31,0.0002678314870330104,31,1.615578616381822e-30,297.9167190373728
IPR008044,Bacteriophage lysin,3.5537006113434794e-31,0.00003736560177382071,13,2.2478505385417756e-30,296.4823256874554
IPR018710,Protein of unknown function DUF2232,4.373758710912257e-31,0.00013032392813796002,21,2.7605801733809832e-30,295.5899963546413
IPR024234,Protein of unknown function DUF3801,7.703111085220362e-31,0.000038491394653663226,13,4.851462618683062e-30,293.1412731058074
IPR001343,RTX calcium-binding nonapeptide repeat,1.0263236845878318e-30,1.3402296188601401e-6,6,6.449913500556287e-30,291.9044610962566
IPR025686,Glucosyl transferase II,1.15319332909422e-30,0.000030289189386239165,12,7.231638166965045e-30,291.4076331179454
IPR009875,PilZ domain,1.4096825098026002e-30,0.00005966702263165344,15,8.821103430438588e-30,290.5447708564176
IPR000843,LacI-type HTH domain,1.4739429112150336e-30,0.0020203157366545294,196,9.203463659749547e-30,290.36048698173556
IPR029150,Double Cache domain 3,1.5215422138706261e-30,0.000010507400211863498,9,9.480378409501594e-30,290.2317432744268
IPR013216,Methyltransferase type 11,2.4658634922546463e-30,0.0006131818552208913,55,1.5331466830308207e-29,288.1441629225367
IPR046254,Domain of unknown function DUF6287,2.609006295529661e-30,0.00005023180611487805,14,1.6186941186732962e-29,287.90835211236134
IPR046022,Domain of unknown function DUF5979,2.6326282593909177e-30,0.000010829055320389932,9,1.6298819542216384e-29,287.87843848655325
IPR005195,"Glycoside hydrolase, family 65, central catalytic",2.8499127952390165e-30,0.00024992601932503894,29,1.7606664641773247e-29,287.54322907795756
IPR007637,"Restriction endonuclease, type II, DpnII-like",3.221669774575575e-30,6.540320540037483e-6,8,1.9861287658905658e-29,287.0199259848772
IPR040727,"Nicotinate phosphoribosyltransferase, N-terminal domain",3.334713078718008e-30,0.00029420720593217794,32,2.0514817167809517e-29,286.87932349199883
IPR021617,Protein of unknown function DUF3231,4.750023874254166e-30,0.00013804365074259443,21,2.916014656278979e-29,285.35210297526527
IPR025291,Protein of unknown function DUF4153,4.889958543554013e-30,0.000011204319613670772,9,2.9956132590343493e-29,285.23514255828655
IPR025412,Protein of unknown function DUF4304,5.813903234256985e-30,0.000011311537983179581,9,3.5541597130174774e-29,284.4926306023255
IPR002068,Alpha crystallin/Hsp20 domain,7.744200898609003e-30,0.0002690644982823617,30,4.724286573293693e-29,283.25663766133613
IPR022121,"Peptidase M73, camelysin",8.797846785946548e-30,0.00009992752038221205,18,5.355849943177481e-29,282.711715992782
IPR027632,"Type 2 lantibiotic, A2 family",1.0986874600971223e-29,0.00001769103096895385,10,6.674526320090019e-29,281.7557955001891
IPR009959,Polyketide cyclase SnoaL-like,1.6161980842173955e-29,0.00004326261209680532,13,9.797990880619388e-29,280.08862969094685
IPR013341,"Mandelate racemase/muconate lactonizing enzyme, N-terminal domain",1.6245670302056146e-29,0.0002284823454232767,27,9.828293485642265e-29,280.0752188339954
IPR003721,Pantoate-beta-alanine ligase,2.4445607752261522e-29,0.0001436190059570526,21,1.4758466295154161e-28,278.309587721986
IPR041301,Phage-Barnase-EndoU-ColicinE5/D-RelE like nuclease 3,2.6739431123561845e-29,7.451676680862379e-6,8,1.6109954784360813e-28,277.9290567850879
IPR025202,Phospholipase D-like domain,3.3967444525591766e-29,0.0012510775446135636,108,2.042248829621146e-28,276.8989134415521
IPR011089,Domain of unknown function DUF1524,3.495302700326495e-29,0.00005511024192752896,14,2.097181620195897e-28,276.7836395712009
IPR004612,Holliday junction resolvase RecU,3.681428712723501e-29,0.00026166643078625375,29,2.204321586509595e-28,276.56725046363624
IPR025052,Domain of unknown function DUF3967,4.83640959873746e-29,0.000055753552144581825,14,2.889952948753777e-28,275.3910922792267
IPR041208,"SMODS-associating 2TM, beta-strand rich effector domain",7.082058372476502e-29,4.235125595598043e-6,7,4.223166096961448e-28,273.7436183745379
IPR040819,"Rolling Circle replication initiation protein, N-terminal",8.95874935541598e-29,0.0001625430481753578,22,5.331370024569999e-28,272.7316117415256
IPR012867,Domain of unknown function DUF1648,9.189319235921986e-29,0.00023620206802791108,27,5.457444988176887e-28,272.63010633347017
IPR017642,DNA sulphur modification protein DndB,1.6859352325456662e-28,0.000013616732927619024,9,9.992250280697484e-28,270.0033669651497
IPR005001,RNA-binding protein Hfq,2.3749985225919956e-28,0.0001809309985461189,23,1.4047658604215536e-27,268.52396055830553
IPR001254,"Serine proteases, trypsin domain",2.572201184823061e-28,0.00018125265365464535,23,1.518327662944139e-27,268.18634495336005
IPR003029,S1 domain,3.492951860674022e-28,0.0024332136776329615,17,2.0576661870152418e-27,266.8662507898858
IPR004927,Alkylmercury lyase,5.818515345402235e-28,0.00002155089227127105,10,3.420723940966314e-27,264.6588197280488
IPR015878,"S-adenosyl-L-homocysteine hydrolase, NAD binding domain",6.956637746194219e-28,9.113561408248952e-6,8,4.081600738008519e-27,263.8916948020797
IPR009391,23S rRNA methylase leader peptide,8.443596430751788e-28,5.039263366914127e-6,7,4.944081765476348e-27,263.0591435547556
IPR005194,"Glycoside hydrolase family 65, C-terminal",9.995578539362327e-28,0.00024729916927207306,27,5.841103611378868e-27,262.33505090036454
IPR041486,"NAD(+) hydrolase ThsA, Sir2/TIR-associating SLOG domain",1.0526724173906994e-27,0.000015064180915987974,9,6.1391855382225585e-27,262.1188924119071
IPR045591,Protein of unknown function DUF6462,1.1393202779751535e-27,5.1464817364229375e-6,7,6.63125335444221e-27,261.78404379065176
IPR008753,"Peptidase M13, N-terminal domain",1.2838529240371419e-27,0.0001290373077038543,19,7.45759985357033e-27,261.2740092293884
IPR046717,Protein of unknown function DUF6609,1.76499444879172e-27,5.307309290686155e-6,7,1.023205529359176e-26,259.9003712161415
IPR024215,Protein of unknown function DUF3847,3.4445184581607836e-27,0.000016082755426321682,9,1.9928999650787393e-26,257.00514500448855
IPR006976,VanZ-like,3.608036342480035e-27,0.0005370568128696354,46,2.0833730642914418e-26,256.81232955085346
IPR004401,Nucleoid-associated protein YbaB/EbfC,3.8666821851044266e-27,0.00025383948981211053,27,2.228309338293381e-26,256.52024519697375
IPR001123,"Amino acid exporter protein, LeuE-type",1.1189427855790443e-26,0.00033645124351864956,32,6.435576257886573e-26,251.91412559184573
IPR008160,Collagen triple helix repeat,1.3202662171761328e-26,0.0005599479347597665,47,7.578536002530715e-26,251.20414681891688
IPR018647,"Schlafen group 3-like, DNA/RNA helicase domain",1.4704563338625685e-26,0.00010871942668193456,17,8.424068113051572e-26,250.74478130307511
IPR004701,"Phosphotransferase system, mannose-type IIA component",1.731663147895839e-26,0.0010487028721656824,85,9.901038704439737e-26,250.0431924177181
IPR007039,Conjugal transfer TrbC/type IV secretion VirB2,2.1106494987055873e-26,0.000011257928798425177,8,1.2044332560128165e-25,249.1921726154232
IPR003689,Zinc/iron permease,2.341764103810035e-26,0.00018500529658745373,22,1.333707837248059e-25,248.74939296782048
IPR048495,"Lincosamide nucleotidyltransferase-like, C-terminal domain",2.459368600801786e-26,0.000011365147167933988,8,1.3979568888768045e-25,248.5450622144556
IPR018891,"Abortive bacteriophage infection, resistance",2.6808074579230935e-26,0.000018012686077480282,9,1.5208627523937239e-25,248.17909976326683
IPR005196,"Glycoside hydrolase, family 65, N-terminal",2.9559540397757754e-26,0.00024837135296716114,26,1.6737013553371187e-25,247.76322032184964
IPR006829,LXG domain,3.5679292277897134e-26,0.0002179749452114132,24,2.0162948891927915e-25,246.95445950706903
IPR021994,Protein of unknown function DUF3592,5.560664126257997e-26,0.00001195484820023245,8,3.1363436348488046e-25,245.0357635971763
IPR039538,"BetI-type transcriptional repressor, C-terminal",8.029127313244049e-26,0.0000191384789573228,9,4.519871668999932e-25,243.4487389577189
IPR003738,SOS response associated peptidase (SRAP),9.517939894834867e-26,0.000060417551218215116,13,5.34765177906329e-25,242.71836880272244
IPR011320,"Ribonuclease H1, N-terminal",1.1176539980123441e-25,0.000060792815511495956,13,6.267459727315376e-25,242.0290844799773
IPR022221,Type III restriction/modification enzyme methylation subunit,1.3860870015387994e-25,0.000012651767602039722,8,7.75783051149163e-25,241.10259712842176
IPR005226,UPF0014 family,1.8988714773975471e-25,0.00019427968554996592,22,1.060748894270354e-24,239.74387412271724
IPR014061,Lon-like protease BrxL-like,2.8879184889497466e-25,0.000013241468634338184,8,1.6101664079880423e-24,237.93129238044966
IPR001482,Type II/IV secretion system domain,3.620112508248829e-25,0.00035660829698630606,32,2.0145511591705316e-24,236.95821699303974
IPR022754,"DNA polymerase III, gamma subunit, domain III",3.7818379033591047e-25,0.0001815743087631718,21,2.1005408240371712e-24,236.77668873525283
IPR024984,Protein of unknown function DUF3888,4.349266342568754e-25,0.0000640629757815147,13,2.411114192952564e-24,236.1778222048329
IPR005828,"Major facilitator, sugar transporter-like",4.92163071300665e-25,0.0004667751716566096,39,2.723240068145615e-24,235.6491407159605
IPR041633,"Polymerase beta, nucleotidyltransferase",5.398022564892843e-25,0.00006459906762905875,13,2.9811806437930928e-24,235.2561170721944
IPR009492,TniQ,6.000337154756357e-25,0.000021390064717007835,9,3.30755825014547e-24,234.80492498616204
IPR031704,"Glycosyl hydrolase family 36, N-terminal",6.719713925593646e-25,0.00015257173981103836,19,3.697110529628505e-24,234.32137565469577
IPR002771,Multiple antibiotic resistance (MarC)-related,7.018283658422144e-25,0.000013991997220899863,8,3.854108314116567e-24,234.14076084293401
IPR041682,"AAA domain, group 14",8.516060597772306e-25,0.00003098610878804644,10,4.6678256960721894e-24,233.3088536956055
IPR041502,SMODS/Ubiquitin system-associated 2TM effector domain,1.372691759984799e-24,4.181516410843637e-6,6,7.509885876389633e-24,231.24366662680362
IPR003370,Chromate transporter,1.5689420204054822e-24,0.00017197826469213316,20,8.567481145135555e-24,230.67146842669626
IPR007076,"TfoX, N-terminal",1.6077196516894028e-24,0.0000545741500799849,12,8.762823372572521e-24,230.57355942054383
IPR016047,Peptidase M23,1.6336344654709155e-24,0.0007206146614687201,56,8.887459144241026e-24,230.5122238271466
IPR044060,Bacterial repeat domain,1.6459945678863456e-24,0.00005462775926473931,12,8.938026368634234e-24,230.4875836843428
IPR011600,"Peptidase C14, caspase domain",1.8693979594067222e-24,4.288734780352448e-6,6,1.01322759286803e-23,229.94292991732698
IPR012460,Protein of unknown function DUF1667,2.2717866572296944e-24,0.000032540775145924204,10,1.2290407963788106e-23,229.10433701045088
IPR031325,RHS repeat,2.8902252310577333e-24,0.0002886854599024742,27,1.560721624771176e-23,228.06674552163017
IPR000594,THIF-type NAD/FAD binding fold,3.065400438099894e-24,0.0004327869485223164,36,1.652256502310405e-23,227.81922530326366
IPR012796,"Lysidine-tRNA(Ile) synthetase, C-terminal",3.3342160856154684e-24,0.0002077892001080761,22,1.7938328608219014e-23,227.4621802450503
IPR004869,Membrane transport protein MMPL domain,4.23166516644152e-24,0.0005418816394975319,43,2.2724743324757774e-23,226.43501013420445
IPR006597,Sel1-like repeat,7.612625711683203e-24,0.00016286470328388423,19,4.0805912822184225e-23,223.89276902596595
IPR010330,Competence-induced protein CoiA-like,8.504043587396654e-24,0.00024542284780566884,24,4.550053412999751e-23,223.41983505137415
IPR006047,"Glycosyl hydrolase, family 13, catalytic domain",1.0234948649543099e-23,0.001389657287203702,111,5.466137410635106e-23,222.62319454983188
IPR045981,Domin of unknown function DUF5937,1.0259718679068462e-23,4.9320449974053155e-6,6,5.469349116666113e-23,222.62064354079652
IPR002523,"Mg2+ transporter protein, CorA-like/Zinc transport protein ZntB",1.193077168691969e-23,0.0005643438879096278,44,6.348563912236828e-23,221.97324503924816
IPR041229,Apea-like HEPN,1.236207235312653e-23,9.917699179565036e-6,7,6.566084331824584e-23,221.82693543688484
IPR000909,"Phosphatidylinositol-specific phospholipase C, X domain",1.2776772351050213e-23,0.00008722214359541792,14,6.774012395574986e-23,221.69154012987389
IPR026990,Transposon-encoded protein TnpW,1.6019451383700497e-23,0.000016994111567146577,8,8.477807665130789e-23,220.71716440435867
IPR028096,EfeO-type cupredoxin-like domain,1.6247579793281342e-23,0.00010287602554370435,15,8.582960629929057e-23,220.6636287958084
IPR009899,Antirestriction,1.9251957740223202e-23,0.00010346572657600281,15,1.0151665238786775e-22,219.93462711967797
IPR049560,"SAM-dependent methyltransferase RsmB-F/NOP2-type, catalytic core",2.6046318447488982e-23,0.00035081850503283025,30,1.3709578446367846e-22,218.6297589905666
IPR010380,Protein of unknown function DUF975,3.165975514986917e-23,0.0003520515162821816,30,1.6634206489552882e-22,217.78997911682933
IPR021976,"N-acetylmuramoyl-l-alanine amidase, C-terminal domain",4.2818463525205335e-23,0.000049588495897825184,11,2.24565898632192e-22,216.48656192688514
IPR004107,"Integrase, SAM-like, N-terminal",5.0206256386465285e-23,0.0013622093846094464,107,2.6283921655822757e-22,215.80309835976067
IPR021759,"Domain of unknown function DUF3324, C-terminal",5.706122584580468e-23,0.00046849066556875057,37,2.98190922161947e-22,215.25505581925896
IPR025973,Cysteine-rich VLP domain,6.456064574487025e-23,0.000011150710428916365,7,3.3677789444014606e-22,214.72656422628836
IPR025671,Protein of unknown function with HXXEE motif,7.012326409416929e-23,0.0000507142887776677,11,3.6514185374749583e-22,214.375383839503
IPR025420,Domain of unknown function DUF4143,7.425167037809896e-23,0.00002793038525704532,9,3.8594985886370152e-22,214.13469113549172
IPR005372,Uncharacterised protein family UPF0182,8.444896962397451e-23,0.000011365147167933988,7,4.381729455934335e-22,213.583544408835
IPR018649,SHOCT domain,8.651018005800683e-23,0.00009344080902692896,14,4.480704885420034e-22,213.48653659268
IPR024735,Conjugative transposon protein TcpC,1.3880276673073583e-22,0.00014286847737049094,17,7.176398365014639e-22,211.4409346141802
IPR000330,"SNF2, N-terminal",1.5389868263337844e-22,0.0003121662828249038,27,7.94280634617578e-22,211.00026025869656
IPR039437,Putative lumazine-binding,1.6866853907809737e-22,6.969194018072728e-7,4,8.689707772998798e-22,210.60994828235803
IPR025745,Restriction system protein Mrr-like N-terminal domain,2.095883673263591e-22,0.000019942616728638885,8,1.0778830319641325e-21,209.67428364686086
IPR018497,"Peptidase M13, C-terminal domain",2.652851143413235e-22,0.0001291981352581175,16,1.3619214672874989e-21,208.65847934498862
IPR000400,"Glycoside hydrolase, family 46",2.8613875948296563e-22,6.486711355283078e-6,6,1.466398282341525e-21,208.33748056754263
IPR003115,ParB/Sulfiredoxin,3.3067695018455147e-22,0.0006046043856601864,45,1.6916736609441264e-21,207.71683412526636
IPR019493,"Bacteriocin, class IIb, lactacin-related",4.439069030710081e-22,0.000042351255955980425,10,2.2669571442295265e-21,206.44556689931073
IPR011611,Carbohydrate kinase PfkB,5.211239273825955e-22,0.0012975567077956331,99,2.6566387626707144e-21,205.75667494910167
IPR046838,"BREX system Lon protease-like BrxL, N-terminal",5.776870832913605e-22,0.000013027031895320561,7,2.939852591409437e-21,205.31674445214523
IPR007260,Putative N-acetylmannosamine-6-phosphate epimerase,6.457161218921671e-22,0.00020082000609000338,20,3.2803278944905212e-21,204.84082742980237
IPR022025,Putative amidoligase enzyme,6.483691507082006e-22,0.000013134250264829373,7,3.288077292982805e-21,204.83057982031812
IPR035412,"Phage terminase large subunit, N-terminal",6.547108401856095e-22,0.0001005172214145105,14,3.3144736284396486e-21,204.7958543209032
IPR004089,Methyl-accepting chemotaxis protein (MCP) signalling domain,8.40761299138119e-22,0.0006859295189326197,50,4.248977380046369e-21,203.71715580924416
IPR024787,EcsC protein,8.527789966124391e-22,0.00008588191397655778,13,4.3022552839478765e-21,203.66303823348719
IPR007466,"Peptidyl-arginine deiminase, Porphyromonas-type",8.783432377728071e-22,0.00010158940510959862,14,4.4235731974879194e-21,203.54226782001183
IPR006073,GTP binding domain,1.2504109340653227e-21,0.0026004207248819526,35,6.28654876505945e-21,202.01587711254342
IPR008523,Protein of unknown function DUF805,1.2751684658990407e-21,0.00027388932491025824,24,6.399984933840969e-21,201.9382104838446
IPR029485,"Cationic amino acid transporter, C-terminal",1.641819228812435e-21,9.113561408248952e-7,4,8.226022115493232e-21,200.8481012723339
IPR001303,Class II aldolase/adducin N-terminal,2.4521986669913963e-21,0.0003808932576800518,30,1.2265199507627636e-20,199.1132538309909
IPR008910,"Mechanosensitive ion channel, conserved TM helix",2.486958460902176e-21,0.00005966702263165344,11,1.2417758342449905e-20,199.05956796057254
IPR008872,Insecticidal crystal toxin,3.0882464966099347e-21,3.377378639527553e-6,5,1.5393720998486443e-20,198.12656389019608
IPR025931,TaqI-like C-terminal specificity domain,3.2958808683195717e-21,0.000014742525807461541,7,1.6400663160443466e-20,197.8513859090972
IPR029065,Enolase C-terminal domain-like,4.610933640649491e-21,0.0003166694543442739,26,2.2905421628848236e-20,196.40061709589844
IPR048479,"Ybfg-like, C-terminal domain",4.907425148027957e-21,8.202205267424057e-6,6,2.433496705230847e-20,196.1376923742172
IPR010318,"DUF917, N-terminal domain",4.915396294173418e-21,0.000047765783616175394,10,2.433496705230847e-20,196.1376923742172
IPR035413,"Phage terminase large subunit, C-terminal",4.94097144981483e-21,0.00009193975185380562,13,2.442012330111872e-20,196.12252147563115
IPR048350,"DUF917, C-terminal domain",5.375434524528618e-21,0.000047980220355193014,10,2.6522448516963537e-20,195.7638638493092
IPR002765,"Uncharacterised protein family UPF0145, YbjQ-like",5.62182736331305e-21,0.00019476216821275556,19,2.769129829631901e-20,195.57656682040295
IPR027805,"Transposase, Helix-turn-helix domain",5.722815247081715e-21,0.000015332226839760004,7,2.8141196054789683e-20,195.50657448160817
IPR025960,"Reverse transcriptase, N-terminal domain",6.557889312393756e-21,0.000024713834171780982,8,3.219327480629662e-20,194.9223484319744
IPR022464,Streptococcal pilin isopeptide linker,6.739732398949798e-21,0.00007735805360060728,12,3.30303523955254e-20,194.81086792865784
IPR011683,Glycosyl hydrolase family 53,7.49839735564236e-21,0.00003607898133971497,9,3.668678974673343e-20,194.3549028923278
IPR001667,DDH domain,7.924308074853225e-21,0.001066876385797426,77,3.87056655716449e-20,194.12225460138384
IPR003776,YcaO-like domain,9.731569640247487e-21,0.000049427668343561964,10,4.7453607142076377e-20,193.23730769488378
IPR004646,"Fe-S hydro-lyase, tartrate dehydratase alpha-type, catalytic domain",1.0009306274641876e-20,0.00006358049311872505,11,4.8726439226804197e-20,193.12235324318536
IPR024559,Protein of unknown function DUF3846,1.1364181460105417e-20,8.79190629972252e-6,6,5.522992189611233e-20,192.5782557093731
IPR049164,"Glycosyl hydrolase family 78 alpha-rhamnosidase, N-terminal domain",1.1448109544979121e-20,0.00003693672829578546,9,5.554523699360918e-20,192.5535317589646
IPR028259,"AP2-like integrase, N-terminal domain",1.3379703892009676e-20,0.00040989582663218525,31,6.480932981578109e-20,191.8836246950215
IPR021845,Protein of unknown function DUF3440,1.4839366356827814e-20,0.000037472820143329514,9,7.176051790465988e-20,191.44114435594898
IPR048310,"GxGYxYP putative glycoside hydrolase, second N-terminal domain",1.582405437152202e-20,3.967079671826015e-6,5,7.614346955009606e-20,191.18367338026886
IPR024227,Protein of unknown function DUF3795,1.5809940484746855e-20,0.00002610767297539553,8,7.614346955009606e-20,191.18367338026886
IPR032626,"GxGYxYP putative glycoside hydrolase, first N-terminal domain",1.582405437152202e-20,3.967079671826015e-6,5,7.614346955009606e-20,191.18367338026886
IPR010317,"Protein of unknown function DUF916, cell surface putative",1.6496514179253747e-20,0.0004782475371940524,35,7.921226785089495e-20,191.01207552661063
IPR003959,"ATPase, AAA-type, core",1.6516138152724324e-20,0.0031458405705732753,324,7.921226785089495e-20,191.01207552661063
IPR048309,"GxGYxYP putative glycoside hydrolase, third N-terminal domain",1.8131173523905977e-20,4.0206888565804206e-6,5,8.681527421298822e-20,190.61403858661816
IPR022675,"Glucose-6-phosphate dehydrogenase, C-terminal",1.825937348619275e-20,0.00025485806432244424,22,8.728579194383287e-20,190.59056443379978
IPR019292,Type IV methyl-directed restriction enzyme EcoKMcrBC,2.1206499403806534e-20,0.00003822334872989119,9,1.0120810517430417e-19,189.94784705959444
IPR000642,Peptidase M41,2.654422792785009e-20,0.00029292058549807223,24,1.2647543895034455e-19,188.97993804638259
IPR024633,DnaA N-terminal domain,2.707392665202977e-20,0.00022129871466618632,20,1.2878885826642547e-19,188.90121706873026
IPR001672,Phosphoglucose isomerase (PGI),2.767219245496242e-20,0.0002753367728986272,23,1.3142037980239481e-19,188.81337282040906
IPR047194,"CwlT-like, lysozyme domain",2.808008772709049e-20,0.00020350046532772366,19,1.3314070863771685e-19,188.756891358579
IPR046240,Domain of unknown function DUF6273,2.857499043248918e-20,9.488825701529792e-6,6,1.3526732483951047e-19,188.68807098862118
IPR019646,Aminoglycoside-2''-adenylyltransferase,3.058800131617502e-20,9.542434886284197e-6,6,1.445617695915176e-19,188.399465441831
IPR025832,"GxGYxYP putative glycoside hydrolase, C-terminal",3.0698989253925664e-20,4.235125595598043e-6,5,1.4485154152823176e-19,188.39076878619403
IPR041167,SAVED-fused 2TM effector domain,3.944187061329764e-20,2.1443673901762242e-7,3,1.8550402372318695e-19,187.31646665769557
IPR019500,Peptidase S46,3.944187061329764e-20,2.1443673901762242e-7,3,1.8550402372318695e-19,187.31646665769557
IPR046500,Protein of unknown function DUF6678,4.081291297732137e-20,1.3402296188601401e-6,4,1.9133513543708864e-19,187.18205271868567
IPR002781,Transmembrane protein TauE-like,4.0812436827387096e-20,0.0007913787853445355,55,1.9133513543708864e-19,187.18205271868567
IPR018310,"Putative endonuclease, Z1 domain",4.874559322877246e-20,9.917699179565036e-6,6,2.281575439086685e-19,186.4176516693628
IPR033186,Helicase HerA-like C-terminal,6.311710728044677e-20,0.000010132135918582659,6,2.9495109748362624e-19,185.30249983525363
IPR033756,Flagellum site-determining protein YlxH/ Fe-S cluster assembling factor NBP35,6.467595076909053e-20,0.00022639158721785485,20,3.017521159082688e-19,185.20349675914744
IPR021477,"Type VII secretion effector, SACOL2603 family",6.533394473721333e-20,0.000040689371228593855,9,3.043351163797349e-19,185.16647932722236
IPR008750,Staphopain peptidase C47,6.789458825408976e-20,0.00011890517178527162,14,3.157585635549055e-19,185.0064486229533
IPR006104,"Glycosyl hydrolases family 2, sugar binding domain",6.99519433224424e-20,0.0002086469470641466,19,3.248087049812771e-19,184.88372340038396
IPR012437,Domain of unknown function DUF1638,7.252044821967714e-20,4.610389888878882e-6,5,3.361997249738928e-19,184.73402646168321
IPR045455,"NrS-1 polymerase-like, helicase domain",8.27613245201187e-20,0.00011976291874134211,14,3.8306670206454947e-19,184.16725597268083
IPR048923,"Restriction endonuclease, type II, NgoFVII, C-terminal B3-like DNA-binding domain",1.0259567717946298e-19,4.771217443142098e-6,5,4.741188504838574e-19,183.24112777230354
IPR028202,"Reductase, C-terminal",1.0394421668737855e-19,1.5010571731233569e-6,4,4.795907212980948e-19,183.19129227841785
IPR007737,Mga helix-turn-helix domain,1.0946729363174893e-19,0.0013168560143072192,96,5.0427587398132675e-19,182.97331809249988
IPR015112,Staphostatin A,1.2066749486442644e-19,0.00005607520725310826,10,5.549943454647753e-19,182.55711441644814
IPR045618,Domain of unknown function DUF6444,1.397760541211712e-19,0.000019245697326831613,7,6.418692501060397e-19,181.9255342947096
IPR049468,Restriction endonuclease type II-like domain,1.4092328564230576e-19,0.000010829055320389932,6,6.46119970020383e-19,181.89686835750382
IPR012336,Thioredoxin-like fold,1.4773562648570387e-19,0.0003757467759436289,28,6.762905601763148e-19,181.69866674517507
IPR010181,CGCAxxGCC motif,1.7602077171015308e-19,0.00005714739094819637,10,8.045087308884112e-19,180.94469238381504
IPR010823,Portal protein Gp20,1.9258721239398646e-19,2.68045923772028e-7,3,8.78848687544389e-19,180.56085891503287
IPR007325,Kynurenine formamidase/cyclase-like,1.963487314677121e-19,0.00015954093382911108,16,8.946139077497633e-19,180.48364354529082
IPR025855,Plasmid replication-relaxation,2.1202427735894407e-19,0.00005768348279574043,10,9.645285378762572e-19,180.1568491819238
IPR002145,"Ribbon-helix-helix protein, CopG",2.3921716887560313e-19,0.00001999622591339329,7,1.0865377950798422e-18,179.63955162202055
IPR002053,"Glycoside hydrolase, family 25",2.4473459433916128e-19,0.0004490305315029013,32,1.1098694822597112e-18,179.54728090102677
IPR003615,HNH nuclease,2.472306377892221e-19,0.0001425468222619645,15,1.1194480431574094e-18,179.50996058488408
IPR008462,CsbD-like domain,2.5934882676408755e-19,0.0003081992031530778,24,1.172497951696247e-18,179.30887907306095
IPR035396,"Alpha-L-rhamnosidase, six-hairpin glycosidase domain",3.0212873467584535e-19,0.00009076034978920868,12,1.363788529899017e-18,178.65252966496246
IPR013574,"Glucan-binding protein C/Surface antigen I/II, V-domain",3.2404389275626243e-19,0.00003152220063559049,8,1.4604513002739741e-18,178.35512920289136
IPR019887,"Transcription regulator AsnC/Lrp, ligand binding domain",4.214794689814232e-19,0.00025635912149556757,21,1.8966576104164045e-18,177.2201106200943
IPR011546,"Peptidase M41, FtsH extracellular",5.627725860981028e-19,0.0002767842208869961,22,2.5285745162743726e-18,175.97124243324726
IPR025427,Protein of unknown function DUF4160,6.598897952673096e-19,5.7361827687214e-6,5,2.960367143076115e-18,175.2865442464232
IPR013078,"Histidine phosphatase superfamily, clade-1",7.422275965827969e-19,0.0015921927872058464,120,3.3246323681035875e-18,174.7825637121235
IPR008822,Holliday junction resolvase RusA-like,7.635033428246173e-19,0.00012984144547517038,14,3.414686729565313e-18,174.66649133230405
IPR024453,"Permuted papain-like amidase enzyme, YaeF/YiiX, C92 family",1.1067408529731937e-18,0.00002230142085783273,7,4.9421995823427766e-18,173.0607972033419
IPR003156,DHHA1 domain,1.2375108449236066e-18,0.0010790456707366759,74,5.5177089048887414e-18,172.58241215117297
IPR031965,Starch-binding module 26,1.4458943322293913e-18,0.000013134250264829373,6,6.4369891187494735e-18,171.91317225012875
IPR030903,Cyclodipeptide synthase,1.4907748080426128e-18,6.21866543151105e-6,5,6.626675823555272e-18,171.7870427454014
IPR003352,"Phosphotransferase system, EIIC",1.7616871721735058e-18,0.004168060505470281,179,7.818995120331725e-18,171.06849057903983
IPR018573,"Restriction endonuclease, type II, AlwI",1.9355959007910857e-18,0.000013455905373355806,6,8.57780797371855e-18,170.6662368028019
IPR009898,Protein of unknown function DUF1440,2.2530250097831768e-18,0.000116707195210341,13,9.969379254215089e-18,170.01331882296347
IPR025436,Domain of unknown function DUF4179,3.016597463927808e-18,0.00011804742482920113,13,1.3327876067899225e-17,168.7523905429846
IPR003313,AraC-type arabinose-binding/dimerisation domain,3.2449244892082564e-18,0.0005382898241189867,36,1.4314977020470914e-17,168.44209344805546
IPR000600,ROK family,3.422790035070928e-18,0.001076794084976991,73,1.5076821362940823e-17,168.21690210856548
IPR007682,"Lantibiotic, type A, Lactobacillales-type",3.431933636791314e-18,6.754757279055106e-6,5,1.5094296357290305e-17,168.2118712744172
IPR029471,HNH endonuclease 5,3.4380832593225782e-18,0.000024177742324236927,7,1.5098570458109394e-17,168.21064170027668
IPR001547,"Glycoside hydrolase, family 5",3.7327487501520135e-18,0.000036722291556767836,8,1.6367962940516198e-17,167.86005366937604
IPR044927,Type VII secretion system protein EssD-like,4.199325549723601e-18,0.0002526600877475136,20,1.8386236190681713e-17,167.35507165210777
IPR003680,Flavodoxin-like fold,4.4422994919702774e-18,0.0005577499581848359,37,1.9420907524115934e-17,167.11730479705724
IPR015967,"Recombination protein RecR, conserved site",4.6598367533300174e-18,0.00025335700714932086,20,2.034144307291966e-17,166.91618240382056
IPR002059,"Cold-shock protein, DNA-binding",4.836995635672818e-18,0.0008651450235665976,57,2.108322761378466e-17,166.76062902588725
IPR041569,"AAA ATPase, AAA+ lid domain",7.588355945416263e-18,0.0002948505161492308,22,3.302633721915496e-17,164.81139589000554
IPR045613,Protein of unknown function DUF6448,9.434599739730024e-18,4.824826627896504e-7,3,4.100043642481781e-17,163.8721152045389
IPR003540,ADP ribosyltransferase,1.0102275993598596e-17,0.000039081095685961684,8,4.3836661900793907e-17,163.58162524169234
IPR000640,"Elongation factor EFG, domain V-like",1.029596393427015e-17,0.0009287791258700771,61,4.4610744178799046e-17,163.50560531969091
IPR025857,MacB-like periplasmic core domain,1.2494215459137082e-17,0.0006165056246756644,40,5.40550924018453e-17,162.67163385931894
IPR008794,Proline racemase family,1.256643126253201e-17,0.0000708177330605698,10,5.428698305413828e-17,162.65304293163751
IPR002078,RNA polymerase sigma factor 54 interaction domain,1.439941399132537e-17,0.0006975091028395713,45,6.211344851879406e-17,162.06814358194362
IPR015122,Excisionase from transposon Tn916,1.4919916903990706e-17,0.00004004606101154098,8,6.426363026888759e-17,161.92034744685319
IPR000064,"Endopeptidase, NLPC/P60 domain",1.826022062145482e-17,0.0007612504235125595,49,7.853510815953135e-17,161.04936153810272
IPR027806,Harbinger transposase-derived nuclease domain,1.8488327788275205e-17,5.36091847544056e-7,3,7.928229975089779e-17,161.00823760709477
IPR024220,Protein of unknown function DUF3780,1.8488327788275205e-17,5.36091847544056e-7,3,7.928229975089779e-17,161.00823760709477
IPR046358,"Flagellin, C-terminal domain",2.4391581370683022e-17,0.0001281259515630294,13,1.0444324710266035e-16,159.81119634581322
IPR014818,"Bacteriophage/plasmid primase, P4, C-terminal",2.879811572339915e-17,0.00009156448756052477,11,1.2313094640679167e-16,159.0963278244928
IPR006102,"Glycoside hydrolase, family 2, immunoglobulin-like beta-sandwich",3.2699298622676885e-17,0.00020789641847758492,17,1.3960637596445945e-16,158.55094746591453
IPR031705,"Glycosyl hydrolase family 36, C-terminal",3.351622292728258e-17,0.00014908714280200197,14,1.428849503742047e-16,158.45013511682313
IPR007555,Protein of unknown function DUF499,3.383592640563387e-17,5.897010322984617e-7,3,1.4403731591069834e-16,158.41524980164078
IPR025982,Superinfection exclusion protein B,3.4435631853424626e-17,3.0557235310011195e-6,4,1.463765342340907e-16,158.3452853987239
IPR003751,Translational regulator CsrA,3.5771148741148706e-17,0.000028573695474098185,7,1.5183212478775782e-16,158.18636330271875
IPR004191,"Integrase, Tn916-type, N-terminal DNA binding",4.7363267040438144e-17,0.0000430481753577877,8,2.0074314925860122e-16,156.97359266920782
IPR043760,Pycsar effector protein,4.8777599009106746e-17,8.79190629972252e-6,5,2.0643755981212667e-16,156.85211283134305
IPR009537,Domain of unknown function DUF1156,5.85709329448897e-17,6.433102170528672e-7,3,2.4752585574970772e-16,156.06379429365037
IPR000668,"Peptidase C1A, papain C-terminal",7.487199561293396e-17,0.000018227122816497905,6,3.1595765442447966e-16,155.00371118907222
IPR049458,Transmembrane protein EpsG-like,7.580850573111094e-17,0.000044334795791893434,8,3.1944740276288944e-16,154.9560063850799
IPR032834,"Sensor histidine kinase NatK, C-terminal domain",7.594389434651423e-17,0.00044366961302746077,29,3.195561268606573e-16,154.95452851292498
IPR041399,"Large catalase, C-terminal domain",8.032123742744139e-17,0.00004449562334615665,8,3.3748808117927826e-16,154.71741560223987
IPR025094,Protein of unknown function DUF4021,8.61876041482134e-17,0.000018441559555515528,6,3.6161590459883494e-16,154.41752476626954
IPR035255,Domain of unknown function DUF5348,8.719900691559372e-17,0.00003045001694050238,7,3.653337703532634e-16,154.3731018105882
IPR038729,Rad50/SbcC-type AAA domain,8.837856820145292e-17,0.00037070751257671476,25,3.6974448332200386e-16,154.3209829706247
IPR009732,Protein of unknown function DUF1304,9.49234141471437e-17,0.00019481577739750996,16,3.965568419098439e-16,154.01694552713428
IPR014044,CAP domain,9.682533037913418e-17,0.0003714580411632764,25,4.039236958305512e-16,153.93700668576506
IPR003856,Polysaccharide chain length determinant N-terminal domain,1.2110026377600373e-16,0.00029602991821382773,21,5.044690988154669e-16,152.97165431260458
IPR021810,"Type I restriction enzyme HindI endonuclease subunit-like, C-terminal",1.8265163845153408e-16,0.00006331244719495302,9,7.597891265687209e-16,151.1930692597608
IPR024455,Phage capsid,1.8824673839675782e-16,0.0003385420017240714,23,7.819479902634556e-16,151.06822132225003
IPR010617,Endosomal/lysosomal proton channel TMEM175-like,1.9102976899590975e-16,0.00023968666503694746,18,7.923795254510282e-16,151.0106675486307
IPR004647,"Fe-S hydro-lyase, tartrate dehydratase beta-type, catalytic domain",2.1561363864542128e-16,0.00006390214822725148,9,8.930814918892734e-16,150.4910891080565
IPR005335,Terminase small subunit,2.217087416661759e-16,0.0001598089797528831,14,9.170250931894594e-16,150.37618780268244
IPR022104,Domain of unknown function DUF3644,2.258086511806256e-16,0.00001023935428809147,5,9.326600946780513e-16,150.30276604808793
IPR003691,Fluoride-specific ion channel FluC,2.323079445492031e-16,0.0003787488902898756,25,9.581470527658788e-16,150.18567831940555
IPR002500,Phosphoadenosine phosphosulphate reductase,2.5235316391571174e-16,0.0001206206656974126,12,1.0393528615511517e-15,149.83236983907668
IPR023753,FAD/NAD(P)-binding domain,3.7436141418168764e-16,0.003361081447362214,339,1.5396867189757422e-15,148.12567636345943
IPR003675,Type II CAAX prenyl endopeptidase Rce1-like,4.160999292861653e-16,0.0014706607653676089,102,1.7089399912654338e-15,147.67273187086082
IPR041578,"PIN like domain, group 8",7.201164990517354e-16,4.449562334615665e-6,4,2.9492411674646917e-15,145.30289712556146
IPR041526,"DAPG hydrolase, PhiG domain",7.201164990517354e-16,4.449562334615665e-6,4,2.9492411674646917e-15,145.30289712556146
IPR006482,"CRISPR-associated protein Cas7, subtype I-B/I-C",8.232384962925838e-16,0.000022247811673078324,6,3.366849165763218e-15,144.72776339490744
IPR004695,Transporter protein SLAC1/Mae1/ Ssu1/TehA,1.0220961697091993e-15,0.00012801873319352058,12,4.174275113266142e-15,143.79418931352018
IPR006103,"Glycoside hydrolase family 2, catalytic domain",1.0259465569083648e-15,0.00021057687771530522,16,4.1841400838388695e-15,143.7839378383968
IPR010620,Beta-propeller repeat,1.264896747863997e-15,4.771217443142098e-6,4,5.151451001077396e-15,142.88070426686093
IPR018711,Phosphodiester glycosidase,1.2996974421461307e-15,0.00007065690550630658,9,5.285798802368364e-15,142.7688937179155
IPR024414,Uncharacterised protein family PrgI,1.3369890135570403e-15,0.000053073092906861544,8,5.4298885285965595e-15,142.65209086048782
IPR007492,LytTR DNA-binding domain,1.3548556553853778e-15,0.0008954878221375912,55,5.494797066903702e-15,142.60048342248925
IPR024983,CHAT domain,1.4050976582837713e-15,1.072183695088112e-6,3,5.6906455160492744e-15,142.44838466793465
IPR033782,Domain of unknown function DUF5301,1.5132833731472953e-15,4.87843581265091e-6,4,6.120297248401544e-15,142.13227484683588
IPR009636,Capsid assembly scaffolding protein,1.5199339388932592e-15,0.00005350196638489679,8,6.138680562067513e-15,142.11924965372083
IPR003395,"RecF/RecN/SMC, N-terminal",1.5492391423132708e-15,0.0008224721125020907,50,6.248383594724063e-15,142.04232316525412
IPR001670,"Alcohol dehydrogenase, iron-type/glycerol dehydrogenase GldA",1.8204363669354212e-15,0.0008089625979439806,49,7.33203376517084e-15,141.3477554371069
IPR003742,RNA methyltransferase RlmH,1.8372170953958745e-15,0.0002562519031260588,18,7.389413862309476e-15,141.31390009028752
IPR039555,F plasmid transfer operon protein,1.9658004634070946e-15,5.039263366914127e-6,4,7.895694423271471e-15,141.0260966794417
IPR010327,FldB/FldC dehydratase alpha/beta subunit,2.0601139854549155e-15,0.000038169739545136786,7,8.26312569681779e-15,140.828556408029
IPR025959,Winged helix-turn helix domain,2.2372422276328844e-15,0.000024177742324236927,6,8.961261450243806e-15,140.47630851686168
IPR041427,AbiJ-NTD3,2.3295478787213217e-15,5.1464817364229375e-6,4,9.318191514885287e-15,140.30668367830367
IPR000888,"dTDP-4-dehydrorhamnose 3,5-epimerase-like",2.9020455659999272e-15,0.00015471610720121457,13,1.1592280644459983e-14,139.35831113314575
IPR012963,Protein of unknown function DUF1700,2.965834989138221e-15,0.00028064408218931333,19,1.1830882118094463e-14,139.2698287289207
IPR025382,"CD-NTase associated protein 4-like, DNA endonuclease domain",3.237425389738383e-15,5.3609184754405605e-6,4,1.289662901158077e-14,138.89523793033044
IPR025233,Protein of unknown function DUF4176,3.2552400825117757e-15,0.00013450544454880365,12,1.2949904612011375e-14,138.87733430550273
IPR021359,Protein of unknown function DUF2812,3.564442557555522e-15,0.00009419133761349064,10,1.4160646454811858e-14,138.489169199973
IPR001360,Glycoside hydrolase family 1,3.6111517156088255e-15,0.0012673747367789028,82,1.4326691704374606e-14,138.43854084578973
IPR003305,"Carbohydrate-binding, CenC-like",3.88110603801401e-15,0.000039938842642032176,7,1.5376773378870727e-14,138.13134786170758
IPR041542,"Beta-xylosidase, C-terminal Concanavalin A-like domain",4.06755047987061e-15,0.00007532090457993987,9,1.6093591857941244e-14,137.93347016808713
IPR011704,"ATPase, dynein-related, AAA domain",4.2042471103017205e-15,0.00026263139611183305,18,1.6611903216314113e-14,137.79580607826014
IPR018589,"Pheromone response, PrgU-like domain",4.276641837348671e-15,0.000013723951297127835,5,1.68750847059658e-14,137.72754038512272
IPR038717,"Tc1-like transposase, DDE domain",4.505938626331747e-15,0.00004036771612006742,7,1.7755833830247805e-14,137.5065892801613
IPR004307,TspO/MBR-related protein,4.584927532057809e-15,0.00013648898438471666,12,1.8042710773927897e-14,137.43698212596954
IPR001650,"Helicase, C-terminal domain-like",5.6682118369494255e-15,0.003015248596511543,78,2.2275614173240596e-14,136.5217031295339
IPR006127,"Periplasmic solute binding protein, ZnuA-like",6.389921164093769e-15,0.0006106086143526798,36,2.507807552422265e-14,136.0070579404861
IPR038727,"NadR/Ttd14, AAA domain",7.917649426019963e-15,0.00004202960084745399,7,3.103207758907824e-14,135.08189147546102
IPR002933,Peptidase M20,9.1808514796868e-15,0.002339558431867015,34,3.5934715321834507e-14,134.44485791314986
IPR025280,Domain of unknown function DUF4041,9.343476690658347e-15,0.000027233465855238047,6,3.652222256026775e-14,134.3744280133792
IPR029903,RmlD-like substrate binding domain,1.0910319529059782e-14,0.00016307914002290183,13,4.258968105319722e-14,133.7069561227082
IPR015277,"Restriction endonuclease, type II, AvaI/BsoBI",1.1495778760127978e-14,1.0721836950881121e-7,2,4.481509473868072e-14,133.48575681145607
IPR008441,AfumC-like glycosyltransferase,1.5464228821814084e-14,0.00001560027276353203,5,6.020519525288367e-14,132.20366030796873
IPR019065,"Restriction endonuclease, type II, NgoFVII, N-terminal domain",1.6061650353149153e-14,6.540320540037483e-6,4,6.244769657304391e-14,132.04483576250067
IPR041045,Large polyvalent protein associated domain 25,1.7139249205464032e-14,0.000015761100317795246,5,6.646017378076213e-14,131.7743852745804
IPR027926,"Uncharacterised protein YqbF, N-terminal domain",1.7139249205464032e-14,0.000015761100317795246,5,6.646017378076213e-14,131.7743852745804
IPR025536,Domain of unknown function DUF4422,1.755527493345556e-14,0.00004449562334615665,7,6.798297703314265e-14,131.6759982120696
IPR001029,"Flagellin, N-terminal domain",1.7954611746432222e-14,0.0001663493002929206,13,6.94371987434965e-14,131.584078079177
IPR001853,DSBA-like thioredoxin domain,1.808593655077159e-14,0.0001022863245114059,10,6.985243838682114e-14,131.55818429070806
IPR004623,Potassium-transporting ATPase A chain,1.8192146872988848e-14,0.0001233547341198873,11,7.016970936724271e-14,131.53850322252202
IPR002901,Mannosyl-glycoprotein endo-beta-N-acetylglucosamidase-like domain,1.9791457044955703e-14,0.0009982030201270322,60,7.623763374252421e-14,131.17830591757354
IPR029127,MvaI/BcnI restriction endonuclease,2.0630855132311768e-14,1.6618847273865737e-6,3,7.926162525141122e-14,131.00937026747187
IPR032793,Type II restriction endonuclease EcoO109IR,2.0630855132311768e-14,1.6618847273865737e-6,3,7.926162525141122e-14,131.00937026747187
IPR005019,Methyladenine glycosylase,2.3284710369861794e-14,0.0002764089565937153,18,8.933975715594341e-14,130.48955232365378
IPR002817,Phosphomethylpyrimidine synthase ThiC/5-hydroxybenzimidazole synthase BzaA/B,2.3690324628295913e-14,0.00006358049311872505,8,9.065746275080169e-14,130.42596439796915
IPR004968,"DNA primase/nucleoside triphosphatase, C-terminal",2.3690324628295913e-14,0.00006358049311872505,8,9.065746275080169e-14,130.42596439796915
IPR001248,Purine-cytosine permease,2.4358028599065772e-14,0.000168386449313588,13,9.309044743758295e-14,130.3109488226244
IPR005183,"Domain of unknown function DUF305, CopM-like",2.883062072710142e-14,0.000029913925092958325,6,1.1003938486940802e-13,129.58451846022888
IPR035232,Protein of unknown function DUF5347,3.0207619547778807e-14,1.769103096895385e-6,3,1.1499401906177938e-13,129.39324747089984
IPR041115,SMODS and SLOG-associating 2TM effector domain 5,3.0207619547778807e-14,1.769103096895385e-6,3,1.1499401906177938e-13,129.39324747089984
IPR028076,Staphopain proregion,4.1354297050770455e-14,0.00010668227766126715,10,1.572218125163581e-13,128.03487201309795
IPR015397,"Glycosyl transferase 1, domain A",4.3987915197084377e-14,0.00003098610878804644,6,1.6701661551392972e-13,127.77240321265222
IPR012310,"DNA ligase, ATP-dependent, central",4.490955068547307e-14,0.00003103971797280085,6,1.7029421300239205e-13,127.6880011013388
IPR008846,Phenol-soluble modulin beta protein,4.603618084583036e-14,0.00021684915233157067,15,1.7433961473563809e-13,127.58603918074866
IPR021707,Protein of unknown function DUF3290,5.122210853368859e-14,0.00006674343501923497,8,1.9372719647760822e-13,127.12809406379249
IPR004288,"Competence protein, ComC",5.796271736886761e-14,0.00001779824933846266,5,2.1893689617567092e-13,126.5968104311356
IPR016090,Phospholipase A2 domain,7.59793185379866e-14,7.93415934365203e-6,4,2.8661797264782523e-13,125.42696580243464
IPR002589,Macro domain,8.045376208436272e-14,0.0001322002496043642,11,3.031048711085293e-13,125.1840708415842
IPR026325,Protein of unknown function DUF932,8.351905868904816e-14,2.0907582054218185e-6,3,3.1343832063998003e-13,125.0384790823405
IPR041304,AbiTii,8.351905868904816e-14,2.0907582054218185e-6,3,3.1343832063998003e-13,125.0384790823405
IPR049920,Probable CBASS effector molecule IK1_05631-like,8.351905868904816e-14,2.0907582054218185e-6,3,3.1343832063998003e-13,125.0384790823405
IPR008183,Aldose 1-/Glucose-6-phosphate 1-epimerase,9.003281611745723e-14,0.0005488508335156046,31,3.374494753194155e-13,124.71791242781325
IPR025201,"Sensor protein KdpD, transmembrane domain",9.220002135691218e-14,0.00011113183999588282,10,3.451287063886469e-13,124.6201891637443
IPR024380,Domain of unknown function DUF3848,9.74156390829228e-14,2.144367390176224e-6,3,3.6418461995615753e-13,124.38678399038662
IPR032774,WG containing repeat,1.0227872636054053e-13,0.00011172154102818128,10,3.8187550072642277e-13,124.1807820295326
IPR027954,"Transcobalamin-like, C-terminal domain",1.0334903474261915e-13,0.000133754915962242,11,3.8537824208373075e-13,124.14112808647138
IPR025389,Protein of unknown function DUF4300,1.0457572710182981e-13,8.255814452178462e-6,4,3.8945443196543515e-13,124.0954334955413
IPR041635,"Type ISP restriction-modification enzyme LLaBIII, C-terminal specificity domain",1.1450214917756805e-13,0.00003355934965625791,6,4.2587789158391376e-13,123.70714904684004
IPR015093,Card1 domain,1.160034126398619e-13,8.363032821687274e-6,4,4.30912039818901e-13,123.65611371416706
IPR015866,"Serine-tRNA synthetase, type1, N-terminal",1.2297737908633513e-13,0.00029061539055363276,18,4.562366888241135e-13,123.4080979334
IPR001615,Delta-endotoxin CytB,1.3103242114827698e-13,2.2515857596850352e-6,3,4.848864721679895e-13,123.14359932083171
IPR015278,Type-2 restriction enzyme BglII,1.3103242114827698e-13,2.2515857596850352e-6,3,4.848864721679895e-13,123.14359932083171
IPR002035,"von Willebrand factor, type A",1.3444554050903088e-13,0.0002028035459259164,14,4.968861801322358e-13,123.03743082094827
IPR046100,Protein of unknown function DUF6037,1.5820335929521755e-13,0.000019674570804866855,5,5.839506274744992e-13,122.33623870561945
IPR048641,"Dual-specificity RNA methyltransferase RlmN, N-terminal domain",1.624313696718201e-13,0.00020425099391428535,14,5.987988292832204e-13,122.2271905742106
IPR025621,YoqO-like protein,1.8308871226787092e-13,0.000034899579275118046,6,6.732492874818558e-13,121.71824097541943
IPR007561,Cell division protein SepF/SepF-related,1.8287175478158875e-13,0.00025003323769454773,16,6.732492874818558e-13,121.71824097541943
IPR021512,Protein of unknown function DUF3173,1.961903205872029e-13,0.00007264044534221959,8,7.205176005444378e-13,121.42355405931232
IPR046920,"ABC-three component systems, C-terminal domain 1",1.9920697605654712e-13,2.412413313948252e-6,3,7.306761536866558e-13,121.36275066038239
IPR029476,Deoxyribonuclease NucA/NucB,2.0812561582201357e-13,0.000035274843568398885,6,7.624300197700899e-13,121.17800012207312
IPR028900,Tox-SHH domain,2.3140728504962114e-13,9.113561408248952e-6,4,8.466545084124156e-13,120.72293774675288
IPR022608,Transcription regulator SplA,2.362874350078817e-13,0.00002047870857618294,5,8.634262662694024e-13,120.63774743816943
IPR005320,Peptidase S51,2.495410703250837e-13,0.00009494186620005232,9,9.107155958297171e-13,120.40617226150859
IPR013207,LGFP,2.758986113593239e-13,2.1443673901762242e-7,2,1.0056504384047356e-12,119.97552952733079
IPR005720,"Dihydroorotate dehydrogenase, catalytic",2.796740022709177e-13,0.0003412760701465461,20,1.0181390644469364e-12,119.92192899015794
IPR039519,"YokE-like, PH domain",2.8131020449190244e-13,0.00016291831246863862,12,1.0228186487511066e-12,119.90201362210166
IPR024967,"DNA-binding domain, IS481-type",2.946790630391572e-13,2.5732408682114688e-6,3,1.070092338508322e-12,119.70578745329396
IPR022616,"Glycosyl hydrolase, family 4, C-terminal",3.1557217855668663e-13,0.00023212776998657626,15,1.1445379013324604e-12,119.41369821104773
IPR046656,Protein of unknown function DUF6674,3.339261384049028e-13,2.6268500529658745e-6,3,1.2096007696753993e-12,119.17357945498894
IPR013029,"YchF, C-terminal domain",3.355896232658693e-13,0.00025517971943097065,16,1.2141182896318546e-12,119.15738998572353
IPR010699,Protein of unknown function DUF1275,3.374495730894201e-13,0.0001413674201973676,11,1.2193345168881649e-12,119.13877132028348
IPR016477,Fructosamine/Ketosamine-3-kinase,3.570890466992254e-13,0.00014174268449064842,11,1.288702549721462e-12,118.89847312221337
IPR011075,"Tetracyclin repressor-like, C-terminal domain",3.634536571499857e-13,0.00009697901522071974,9,1.3100505120511226e-12,118.82711958785343
IPR024937,Domain X,4.2935829190760733e-13,0.000037472820143329514,6,1.5456898508673863e-12,118.10877644680062
IPR008407,"Branched-chain amino acid transport, AzlD",4.3342010352576567e-13,0.0002797863352332428,17,1.5583884363515816e-12,118.07324283031767
IPR010315,"Protein of unknown function DUF915, hydrolase-like",4.370241394019854e-13,0.0004894518568077232,27,1.5694118109558983e-12,118.04263083335256
IPR003752,Disulphide bond formation protein DsbB/BdbC,5.310979245998653e-13,0.00005682573583966994,7,1.9048973531773766e-12,117.20128421641755
IPR043857,Protein of unknown function DUF5819,5.372755571083779e-13,2.841286791983497e-6,3,1.924687376570061e-12,117.15639802080898
IPR032317,"RND efflux pump, membrane fusion protein, barrel-sandwich domain",5.612429745532305e-13,0.00007762609952437932,8,2.0080791580333988e-12,116.9721917139778
IPR024449,"Anti-sigma factor RsgI, N-terminal",5.725252552515339e-13,0.00003838417628415441,6,2.045935838619452e-12,116.89107990062004
IPR007267,"GtrA/DPMS, transmembrane domain",6.023307740404334e-13,0.00032696241781711975,19,2.149812162915427e-12,116.67599484350929
IPR020323,Protein of unknown function DUF2716,6.411223542814208e-13,0.000010346572657600282,4,2.2854679524261894e-12,116.41024864150212
IPR043743,Family of unknown function DUF5688,6.96442392310398e-13,0.000010453791027109093,4,2.4796410451491095e-12,116.05611183445552
IPR004199,Beta galactosidase small chain/ domain 5,7.095686543574717e-13,0.0001233547341198873,10,2.52329536110535e-12,115.98031910722824
IPR024630,Stc1 domain,7.184857873334963e-13,2.68045923772028e-7,2,2.551893490699726e-12,115.93137455878257
IPR012318,Crp-type HTH domain,8.932266274245975e-13,0.000592917583383726,32,3.168672561520835e-12,114.9912263681849
IPR003718,OsmC/Ohr family,8.999503102718485e-13,0.0004774433994227363,26,3.18864532776757e-12,114.96393784538662
IPR001054,Adenylyl cyclase class-3/4/guanylyl cyclase,9.243503600723604e-13,0.000010829055320389932,4,3.2711233616152946e-12,114.85303077318441
IPR000023,Phosphofructokinase domain,1.0802019502710958e-12,0.0002880957588701757,17,3.818022893321837e-12,114.18161471852898
IPR025874,Double zinc ribbon,1.115024648784685e-12,0.00004058215285908504,6,3.936333990140607e-12,114.04908059650936
IPR009751,CryBP1,1.1386536598692277e-12,3.2165510852643363e-6,3,4.010041149974237e-12,113.96851170742649
IPR049344,Potential transfer protein TraK-like,1.1386536598692277e-12,3.2165510852643363e-6,3,4.010041149974237e-12,113.96851170742649
IPR005545,YCII-related,1.1647108001542662e-12,0.00002401691476997371,5,4.0968597023520394e-12,113.87548908279615
IPR049522,ART-PolyVal-like domain,1.2584245474736293e-12,3.2701602700187416e-6,3,4.421163831847112e-12,113.54463391461724
IPR003797,DegV,1.3150049435918154e-12,0.0008863742607293422,49,4.6143855782355395e-12,113.35886118635128
IPR003852,"Signal transduction histidine kinase, osmosensitive K+ channel sensor, N-terminal",1.403917178465302e-12,0.00012775068726974856,10,4.920459726448102e-12,113.07994318506586
IPR045738,Protein of unknown function DUF6088,1.5296218399711487e-12,3.377378639527553e-6,3,5.354594580259147e-12,112.7127340591928
IPR013747,"Beta-ketoacyl-[acyl-carrier-protein] synthase III, C-terminal",2.018575651443904e-12,0.000338756438463089,19,7.057753716559262e-12,111.51333500609866
IPR045535,"Thoeris protein ThsA, Macro domain",2.026575676705925e-12,3.53820619379077e-6,3,7.077239129670032e-12,111.5013612996467
IPR043714,Domain of unknown function DUF5655,2.044222781747173e-12,0.00001195484820023245,4,7.1303273104961195e-12,111.46890533839624
IPR003897,Clostridium enterotoxin,2.6513491131653132e-12,3.6990337480539866e-6,3,9.236958200704962e-12,110.3447102165204
IPR013751,"Beta-ketoacyl-[acyl-carrier-protein] synthase III, N-terminal",2.7091462232067276e-12,0.0003417049436245813,19,9.427052967626275e-12,110.25624052748513
IPR003667,NqrDE/RnfAE,2.8592610762767794e-12,0.00004390592231385819,6,9.937551011231334e-12,110.02720629018299
IPR049240,Domain of unknown function DUF6875,2.9572853868283422e-12,3.752642932808392e-7,2,1.0266004985704102e-11,109.88598529159296
IPR033403,Domain of unknown function DUF5110,3.0864171380857174e-12,0.00008647161500885624,8,1.0701536711840608e-11,109.70553854319185
IPR011614,Catalase core domain,3.2443611515776636e-12,0.0002522848234542328,15,1.1235816054632384e-11,109.49395379394993
IPR006741,Accessory gene regulator B,3.2713885953631836e-12,0.00018125265365464535,12,1.1315977632359482e-11,109.4630791965906
IPR014017,"UvrD-like DNA helicase, C-terminal",3.32667066740434e-12,0.0008016717488173814,43,1.1493568324823526e-11,109.39545118118247
IPR003706,"CstA, N-terminal domain",3.3956392254622924e-12,0.0001100596563007947,9,1.1717969208814252e-11,109.31147647518094
IPR004370,4-oxalocrotonate tautomerase-like domain,3.5236865942240247e-12,0.00025303535204079444,15,1.2145472941793446e-11,109.15585569206971
IPR015294,"Penicillin-binding protein 4, C-terminal domain",3.933391796677403e-12,0.00008781184462771638,8,1.3541641651843338e-11,108.68328682983301
IPR007391,Vancomycin resistance VanW,3.9936557523502376e-12,0.00011107823081112841,9,1.3732901148411902e-11,108.62237706051575
IPR007630,RNA polymerase sigma-70 region 4,4.173891887621264e-12,0.0008374290750485699,45,1.4335770016847595e-11,108.43578974842607
IPR029492,Domain of unknown function DUF4435,4.3880513321564355e-12,4.0206888565804206e-6,3,1.5053597275962546e-11,108.22359706686674
IPR001328,Peptidyl-tRNA hydrolase,4.428614111470181e-12,0.0002551261102462163,15,1.5174898647528843e-11,108.1887420087649
IPR005146,B3/B4 tRNA-binding domain,4.4939547530945996e-12,0.00034685142536100425,19,1.5380718380309687e-11,108.13023379663434
IPR003779,Carboxymuconolactone decarboxylase-like,4.771325099094253e-12,0.0003022485836453388,17,1.6310883926094772e-11,107.87522502857739
IPR007370,Glutamate--cysteine ligase,4.995463239314489e-12,0.000208700556248901,13,1.7057108671945024e-11,107.68094583616246
IPR046531,Domain of unknown function DUF6596,5.150100049563998e-12,4.2887347803524485e-7,2,1.75440324118325e-11,107.55870578989732
IPR021341,Protein of unknown function DUF2958,5.150100049563998e-12,4.2887347803524485e-7,2,1.75440324118325e-11,107.55870578989732
IPR002109,Glutaredoxin,5.260163552072824e-12,0.0002801079903417693,16,1.7898059414054088e-11,107.47194054576285
IPR014975,Protein of unknown function DUF1836,5.9175767853053134e-12,0.00021014800423726997,13,2.0111484738869808e-11,106.96555866245833
IPR007111,NACHT nucleoside triphosphatase,6.005583536485954e-12,4.235125595598043e-6,3,2.0386823739689223e-11,106.90650431886304
IPR021560,Protein of unknown function DUF3021,6.71517989510002e-12,0.00013847252422062969,10,2.2769144853618206e-11,106.426532799834
IPR041519,RiboL-PSP-HEPN,6.984144081459961e-12,4.342343965106854e-6,3,2.365361688912572e-11,106.261024416117
IPR011606,"Branched-chain amino acid transport, permease",7.72063515210332e-12,0.00028380702408982325,16,2.611760104818246e-11,105.83066716347318
IPR003339,"ABC/ECF transporter, transmembrane component",8.735755390187786e-12,0.0006934348047982365,36,2.951733802756383e-11,105.29922811214445
IPR003805,Adenosylcobinamide-GDP ribazoletransferase,9.061952235614421e-12,0.00004835548464847385,6,3.058408879519867e-11,105.14504454094154
IPR025377,Domain of unknown function DUF4367,1.0275059537869088e-11,0.000029860315908203922,5,3.4638235390088165e-11,104.60444240784824
IPR008217,Ccc1 family,1.0659684662157184e-11,0.00011745772379690267,9,3.589334927811818e-11,104.44986014914505
IPR024478,"Chemotaxis methyl-accepting receptor HlyB-like, 4HB MCP domain",1.0745417132518198e-11,0.00011751133298165708,9,3.614029568445567e-11,104.42008298548686
IPR005151,Tail specific protease,1.0938328215550856e-11,0.00026359636143741234,15,3.674673395915472e-11,104.34781254853242
IPR031304,Transglycosylase SLT domain 2,1.1518187362341785e-11,4.717608258387693e-6,3,3.8650212138767144e-11,104.1284811803432
IPR010001,SigmaK-factor processing regulatory BofA,1.1774612257247463e-11,0.000049427668343561964,6,3.9465252117394946e-11,104.03785118429536
IPR029479,Nitroreductase,1.2711631997897768e-11,0.0012695191041690792,74,4.255696774497117e-11,103.71029323817824
IPR026395,CshA domain,1.2887243933269964e-11,0.000049802932636842804,6,4.309541663923763e-11,103.6556891624609
IPR012914,Purine catabolism PurC-like domain,1.2961146830809598e-11,0.00016790396665079834,11,4.3292902816312475e-11,103.63583293492896
IPR000868,Isochorismatase-like,1.3257534560747675e-11,0.0007860178668690949,41,4.4232232012746253e-11,103.5426114504456
IPR024257,Protein of unknown function DUF3796,1.5659941689592936e-11,0.00003114693634230965,5,5.2187874247832007e-11,102.82430392763978
IPR007169,Extracellular matrix regulatory protein A-like,1.6380766544971567e-11,0.0000727476637117284,7,5.4527757129151925e-11,102.6338236562632
IPR010582,Catalase immune-responsive domain,1.7066696240171504e-11,0.00024381457226303667,14,5.674627849069567e-11,102.46062614909317
IPR024419,Protein of unknown function YvrJ,1.7255399929307417e-11,0.000051035943886194135,6,5.7308366963394564e-11,102.41781966850071
IPR012657,23S rRNA-intervening sequence protein,1.9469143824398692e-11,5.1464817364229375e-6,3,6.458705732872194e-11,101.8985450203389
IPR002629,"Cobalamin-independent methionine synthase MetE, C-terminal/archaeal",2.030106440721743e-11,0.0003399894497124403,18,6.727034524027958e-11,101.72176343454947
IPR006145,"Pseudouridine synthase, RsuA/RluA-like",2.0762941061358855e-11,0.0014465366322281264,5,6.872274249139888e-11,101.62899517612269
IPR025506,Abortive infection alpha,2.3252149401730126e-11,0.000016189973795830492,4,7.687445312408735e-11,101.14217960725938
IPR011522,"Thiamin/hydroxymethyl pyrimidine-binding YkoF, putative",2.4514950149071642e-11,0.000016297192165339302,4,8.095763831788551e-11,100.91742169482418
IPR049539,Spore photoproduct lyase,2.6544960983520188e-11,0.00005291226535259833,6,8.756233736192859e-11,100.57682654026911
IPR041119,SMODS and SLOG-associating 2TM effector domain 6,2.7313853191943825e-11,6.433102170528672e-7,2,8.999683153413355e-11,100.45772780243612
IPR006068,"Cation-transporting P-type ATPase, C-terminal",2.8785008416243445e-11,0.0005773709198049484,29,9.47371157356274e-11,100.23479841469674
IPR029441,Integron-associated effector binding protein,2.9384535132699565e-11,0.00029715571109367023,16,9.660124514876203e-11,100.15017275678177
IPR032531,Protein of unknown function DUF4956,2.947921039459657e-11,0.00003318408536297707,5,9.680335305252658e-11,100.14109599437582
IPR012833,"Ribonucleoside-triphosphate reductase, anaerobic",3.241476196027727e-11,0.00024992601932503894,14,1.0632333619366538e-10,99.73371404640872
IPR031165,Yjdj-type Gcn5-related N-acetyltransferase,3.3767568766851314e-11,0.00020082000609000338,12,1.1063621407206566e-10,99.56102694031631
IPR025503,Protein of unknown function DUF4391,3.538521298162537e-11,5.682573583966994e-6,3,1.1580615157622847e-10,99.36268370447506
IPR029054,dUTPase-like,3.606105230664041e-11,0.0002752831637138728,15,1.178856822042191e-10,99.28538938902342
IPR026906,BspA-type LRR region,3.918010469639322e-11,0.00012651767602039722,9,1.2793861735126834e-10,98.92998347068193
IPR007349,Domain of unknown function DUF418,4.0958142719159517e-11,0.00012683933112892366,9,1.3359501584907064e-10,98.74209744178012
IPR024968,Surface layer protein A domain,4.3257680089006546e-11,0.00017782166583036338,11,1.4093787166429396e-10,98.50972291171601
IPR018966,VTC domain,5.02658268190839e-11,0.00003500679764462686,5,1.6358833817460786e-10,97.86247659386801
IPR008813,"Plasmid replication protein, RepL",5.209973002684785e-11,0.000017905467707971472,4,1.6936768423443515e-10,97.71169450543044
IPR020115,Anti-sigma-F factor Fin,5.2617972117882834e-11,0.00003516762519889008,5,1.7086192282377098e-10,97.67354710538581
IPR025399,Domain of unknown function DUF4372,5.336214310793516e-11,0.00001795907689272588,4,1.730856610708998e-10,97.61738908876323
IPR013332,"Ketopantoate reductase, N-terminal domain",5.4088866930340344e-11,0.00044050667112695085,22,1.7524792885430274e-10,97.56347105985913
IPR001623,DnaJ domain,6.479763425640964e-11,0.0003054115255458487,16,2.0971132241031133e-10,96.7837812114374
IPR007889,"DNA binding HTH domain, Psq-type",6.753070564974397e-11,6.325883801019861e-6,3,2.1831434332001488e-10,96.6091773007144
IPR021961,"Type IV methyl-directed restriction enzyme EcoKMcrB subunit, DNA-binding domain",7.026401962451897e-11,0.0000574154368719684,6,2.26899093272533e-10,96.441672396264
IPR023902,Sporulation delaying protein SdpA,7.105277372219026e-11,6.379492985774267e-6,3,2.2919235417467564e-10,96.3979987446701
IPR000322,"Glycoside hydrolase family 31, TIM barrel domain",8.660593119004115e-11,0.0001838258945228568,11,2.790529230388508e-10,95.54313423951855
IPR035088,"Protective antigen, Ca-binding domain",8.880169897607748e-11,0.0000191384789573228,4,2.8581209074419643e-10,95.439194031433
IPR004776,Membrane transport PIN-like,9.689138014246436e-11,0.00042544249021096286,21,3.115052530269306e-10,95.06534625276487
IPR001088,"Glycoside hydrolase, family 4",9.754952094805534e-11,0.00023582680373463024,13,3.132757743221689e-10,95.04073187898348
IPR024719,HpaB/PvcC/4-BUDH C-terminal,9.86895186266721e-11,0.00005907732159935497,6,3.165881587627897e-10,94.99505332935922
IPR000394,RNA polymerase sigma factor 54,9.986995279630272e-11,0.00013348687003846994,9,3.2002283775166895e-10,94.94819028068778
IPR007927,Protein of unknown function DUF722,1.0373717924704235e-10,0.00001951374325060364,4,3.320500710037053e-10,94.78796422558057
IPR002657,Bile acid:sodium symporter/arsenical resistance protein Acr3,1.0511966446627758e-10,0.0001855413884349978,11,3.3610629559612433e-10,94.73523352698477
IPR022686,"Replication-associated protein G2P, N-terminal",1.129564926566289e-10,9.113561408248952e-7,2,3.607679436875464e-10,94.42772058985169
IPR003425,CCB3/YggT,1.2330320988324295e-10,0.00023813199867906969,13,3.9338310724238124e-10,94.05184293600558
IPR005079,"Peptidase C45, hydrolase domain",1.251611311773381e-10,0.00010946995526849624,8,3.9887416230941854e-10,93.99164094875599
IPR013168,"Cpl-7 lysozyme, C-terminal",1.2613772842711434e-10,0.00001999622591339329,4,4.0154761582256055e-10,93.96262948360749
IPR046880,Tetratricopeptide Repeats-Sensor,1.4246571977268225e-10,9.649653255793008e-7,2,4.525381686896965e-10,93.44344784962118
IPR014944,Toxin SymE-like,1.4246571977268225e-10,9.649653255793008e-7,2,4.525381686896965e-10,93.44344784962118
IPR035198,Protein of unknown function DUF5309,1.463777221645586e-10,0.00002037149020667413,4,4.644585830596875e-10,93.33053007075272
IPR025991,Chemoreceptor zinc-binding domain,1.5879788701445055e-10,7.290849126599162e-6,3,5.033202592762367e-10,92.98155588349533
IPR032624,Protein of unknown function DUF4879,1.5917368388304125e-10,0.00002058592694569175,4,5.039635854537983e-10,92.97600842935063
IPR011434,"Putative host cell surface-exposed lipoprotein Ltp-like, HTH region",1.676821663596842e-10,0.00016366884105520032,10,5.303266779878949e-10,92.7545652522632
IPR025225,Protein of unknown function DUF3956,1.839319844315655e-10,0.00002096119123897259,4,5.810895629495612e-10,92.357569249297
IPR002716,PIN domain,2.0237026708801763e-10,0.00021743885336386913,12,6.386490247063413e-10,91.9473774670758
IPR046746,Bacterial Ig domain 15,2.1086452982775566e-10,0.00004042132530482182,5,6.64736182678633e-10,91.77350681222859
IPR024402,Domain of unknown function DUF2726,2.1481687357488857e-10,7.666113419880002e-6,3,6.764643664626081e-10,91.69755075424446
IPR006944,Bacteriophage/Gene transfer agent portal protein,2.4278439332255144e-10,0.00029527938962726607,15,7.63710130451521e-10,91.17071448535788
IPR049319,"Tip pilin GBS104-like, Ig-like domain",2.436384001017452e-10,0.00006374132067298826,6,7.655706623886735e-10,91.16014717612138
IPR013552,Thioester domain,2.579911915104096e-10,0.00008883041913805009,7,8.097979703383793e-10,90.91623316073344
IPR014795,"Vibrio phage ICP1, Orf50",2.6615222237640834e-10,1.1257928798425176e-6,2,8.345160004834481e-10,90.78565332016427
IPR012912,"Plasmid pRiA4b, Orf3",2.905863986478265e-10,0.00002219420248832392,4,9.101503098357272e-10,90.40886878732096
IPR001869,Thiol-activated cytolysin,2.993638871589668e-10,0.00004186877329319078,5,9.36636367978055e-10,90.28428983319316
IPR003526,"2-C-methyl-D-erythritol 2,4-cyclodiphosphate synthase",3.4111578801517843e-10,0.00009065313141969987,7,1.0661239419638374e-9,89.72192303581483
IPR013752,"Ketopantoate reductase, C-terminal domain",3.442311870604359e-10,0.00041831246863862693,20,1.0747089309081702e-9,89.68709142089764
IPR004302,"Cellulose/chitin-binding protein, N-terminal",3.6061603924551174e-10,0.00014372622432656142,9,1.1246592197218313e-9,89.48979052143281
IPR007539,Domain of unknown function DUF551,3.8463349582261716e-10,1.2330112493513289e-6,2,1.1981048227182069e-9,89.21505183669092
IPR006710,"Glycoside hydrolase, family 43",3.849877293851029e-10,0.00017095969018179948,10,1.1981048227182069e-9,89.21505183669092
IPR004839,"Aminotransferase, class I/classII",3.9264194936817567e-10,0.0024955611595023353,55,1.2206225206371004e-9,89.13418621518377
IPR005119,"LysR, substrate-binding",3.955301193715085e-10,0.0022205460417122347,158,1.2282916167064097e-9,89.10698512273737
IPR008286,"Orn/Lys/Arg decarboxylase, C-terminal",4.0522298119706395e-10,0.00022430082901243303,12,1.2570534182666367e-9,89.00646266653341
IPR041405,"Type III R-M EcoP15I, C-terminal",4.067040428462701e-10,8.52386037595049e-6,3,1.2603071083312685e-9,88.99523614245923
IPR000811,"Glycosyl transferase, family 35",4.668251460233339e-10,0.00011911960852428925,8,1.4450765666709572e-9,88.40109141418337
IPR000522,"ABC transporter, permease protein, BtuC-like",4.712232613323582e-10,0.0014909250372047741,8,1.457144252433888e-9,88.36497452392699
IPR001155,"NADH:flavin oxidoreductase/NADH oxidase, N-terminal",4.828424974181803e-10,0.0004452242793853385,21,1.4914922907536164e-9,88.2637898708356
IPR031100,LOG family,4.930421743536298e-10,0.00022628436884834606,12,1.521387280862629e-9,88.17760218864663
IPR002213,UDP-glucuronosyl/UDP-glucosyltransferase,5.16607356094229e-10,0.00004422757742238462,5,1.5924176008147694e-9,87.97943030852767
IPR025384,Protein of unknown function DUF4298,5.464444907978794e-10,8.952733853985736e-6,3,1.6826104912002285e-9,87.74016407553914
IPR003787,"Sulphur relay, DsrE/F-like",5.687467790360385e-10,0.00006845892893137595,6,1.7494362950095867e-9,87.57101867544912
IPR009296,Protein of unknown function DUF951,5.951439213558652e-10,0.0002543219724749002,13,1.8287035560312991e-9,87.37856690594839
IPR032869,WHH domain-containing protein,6.300642024581593e-10,9.167170593003357e-6,3,1.9339654888084133e-9,87.13551280074009
IPR020970,Bacteriocin class IIc,6.313915673262134e-10,1.3938388036145456e-6,2,1.9360019035996197e-9,87.13094220001591
IPR046038,Protein of unknown function DUF5996,6.525557501053679e-10,9.220779777757764e-6,3,1.998794713558039e-9,86.99231807856432
IPR003793,UPF0166,6.757122617078998e-10,9.274388962512169e-6,3,2.0675518941660396e-9,86.84543581138358
IPR004268,Peptidoglycan biosynthesis protein MurJ,6.866934042540577e-10,0.000024713834171780982,4,2.098949650738818e-9,86.77997979077705
IPR003711,"CarD-like/TRCF, RNAP-interacting domain",9.205430095575435e-10,0.00033527184145405264,16,2.8107889171411485e-9,85.51171767541939
IPR002543,FtsK domain,9.473196637994425e-10,0.0007934159343652029,38,2.889523158618383e-9,85.3917382045011
IPR037673,Large-conductance mechanosensitive channel/anditomin synthesis protein L,9.530403502998699e-10,0.0002594148450265687,13,2.903934860474839e-9,85.37013129725946
IPR006750,"Putative inner membrane exporter, YdcZ",1.0309482757696528e-9,0.0003611650776904305,17,3.1380429771861244e-9,85.0334111281187
IPR025119,Domain of unknown function DUF4046,1.1141534679649945e-9,0.000010078526733828254,3,3.387770086116709e-9,84.70086071103717
IPR032066,DNA-packaging protein gp3,1.1251155684276213e-9,1.6082755426321681e-6,2,3.4175385390989e-9,84.66286579255058
IPR013249,"RNA polymerase sigma factor 70, region 4 type 2",1.1650645131601781e-9,0.0009000446028417157,44,3.5352009577264094e-9,84.515858937904
IPR005543,PASTA domain,1.2283336063537388e-9,0.0013963584352980028,6,3.72330644088098e-9,84.29071218386284
IPR039535,Arylsulfotransferase-like,1.2842240314808666e-9,1.6618847273865737e-6,2,3.8886783756990724e-9,84.1019797493824
IPR001602,UPF0047 protein YjbQ-like,1.3111892479909148e-9,0.00004856992138749148,5,3.966211459690361e-9,84.0162413497981
IPR010435,Fn3-like domain,1.4138147329075242e-9,0.00007392706577632533,6,4.27221115145942e-9,83.69347290706214
IPR004193,"Glycoside hydrolase, family 13, N-terminal",1.4334821420363093e-9,0.0002105232685305508,11,4.327157273476064e-9,83.63797319785901
IPR004619,Type III pantothenate kinase,1.4382771765738247e-9,0.00007403428414583414,6,4.337141930599041e-9,83.62796365569153
IPR013112,FAD-binding 8,1.5682996285194276e-9,0.000010668227766126714,3,4.724340616490342e-9,83.25658798076006
IPR040829,SMODS-associated NUDIX domain,1.6524347887693572e-9,1.769103096895385e-6,2,4.9726520578446286e-9,83.03411927786601
IPR006480,Bacteriophage holin family,1.7095553787964397e-9,0.00015728934806942603,9,5.139240705742699e-9,82.89101040861688
IPR000887,KDPG/KHG aldolase,1.8147534709106067e-9,0.0001855413884349978,10,5.4498672720652206e-9,82.63614074551172
IPR045725,Domain of unknown function DUF6079,1.8637266431862783e-9,1.8227122816497904e-6,2,5.591179929558835e-9,82.52496531501447
IPR002701,"Chorismate mutase II, prokaryotic-type",2.0051171454817345e-9,0.000241080503840562,12,6.009169163643101e-9,82.21185570025263
IPR025887,"Glycoside hydrolase family 31, N-terminal domain",2.120708842412915e-9,0.00013134250264829373,8,6.349062612398418e-9,81.97290390033059
IPR005128,Alpha-acetolactate decarboxylase,2.134196371639518e-9,0.00026842118806530885,13,6.3828888407188045e-9,81.94982718829289
IPR026876,Fn3 associated repeat,2.2299516455570382e-9,0.000011311537983179581,3,6.662437498406069e-9,81.76366852145435
IPR028102,Protein of unknown function DUF4652,2.3464157143007916e-9,1.9299306511586017e-6,2,7.003222336643919e-9,81.54702085554796
IPR024445,ISXO2-like transposase domain,2.427439964144839e-9,0.0000114723655374428,3,7.2376430832784765e-9,81.40402837473273
IPR025324,Protein of unknown function DUF4230,2.496420375316771e-9,0.000011525974722197204,3,7.435711761413385e-9,81.28677453603456
IPR018060,"DNA binding HTH domain, AraC-type",2.5155708588013044e-9,0.002269812882501533,160,7.485106759453677e-9,81.25802000970765
IPR007569,Domain of unknown function DUF559,2.567025999028523e-9,0.000011579583906951611,3,7.622655614223191e-9,81.17893700880772
IPR011545,DEAD/DEAH box helicase domain,2.565481925742843e-9,0.0022119685721515296,40,7.622655614223191e-9,81.17893700880772
IPR021486,Protein of unknown function DUF3139,2.5749398560207335e-9,0.0001330043873756803,8,7.638377029660691e-9,81.16998908693789
IPR008040,"Hydantoinase/oxoprolinase, N-terminal",2.602262463843878e-9,0.00007784053626339693,6,7.703753649308374e-9,81.13297613533653
IPR027383,Putative zinc-finger,2.602262463843878e-9,0.00007784053626339693,6,7.703753649308374e-9,81.13297613533653
IPR011650,"Peptidase M20, dimerisation domain",2.616452567351559e-9,0.0019622569895655084,27,7.737906375656334e-9,81.11376529303557
IPR045536,Domain of unknown function DUF6431,2.788900939560647e-9,0.000011740411461214827,3,8.2395492804041e-9,80.84096544417825
IPR002524,Cation efflux protein,2.8093728537819685e-9,0.0007176661563072278,33,8.291630811364595e-9,80.81360043307146
IPR002931,Transglutaminase-like,2.8764539563908685e-9,0.00021781411765714996,11,8.481031078701489e-9,80.71551345317661
IPR009736,Protein of unknown function DUF1307,3.1937409634442505e-9,0.00010673588684602156,7,9.407018837781247e-9,80.2654798628906
IPR012651,Thiamine transporter ThiT,3.3559993151686658e-9,0.00013530958232011974,8,9.87496872152556e-9,80.0546427130559
IPR028954,Immunity protein 59,3.369385287967806e-9,0.000012115675754495667,3,9.904362398905366e-9,80.04173477273329
IPR037401,SnoaL-like domain,4.0500879350087756e-9,0.00013697146704750633,8,1.1893309585584683e-8,79.24697276184284
IPR000944,Transcription regulator Rrf2,4.14589853202536e-9,0.0006249758758668605,28,1.2162414607028117e-8,79.14980195917974
IPR003709,Peptidase M15B,4.381727389278637e-9,0.0002498188009555301,12,1.2841323685564328e-8,78.91390206819617
IPR009906,D-glutamate cyclase,4.419563341102454e-9,0.00003120054552706406,4,1.2939203516721643e-8,78.88092456197367
IPR015927,Peptidase S24/S26A/S26B/S26C,4.703803137862903e-9,0.0004288734780352448,19,1.3757562637921992e-8,78.61458501177758
IPR010902,NUMOD4,4.995373218605467e-9,0.00003168302818985371,4,1.4595699704863268e-8,78.35775080485686
IPR007721,D-ribose pyranase RbsD/L-fucose mutarotase FucU,5.252683330771652e-9,0.00022435443819718745,11,1.5332156749279417e-8,78.14396749357739
IPR002293,Amino acid/polyamine transporter I,5.703834653591865e-9,0.0018865072115075332,119,1.6632381849873878e-8,77.79045552934073
IPR000631,ATP/ADP-dependent (S)-NAD(P)H-hydrate dehydratase,5.81434970507933e-9,0.00022548023107702998,11,1.693770603397735e-8,77.71145408895897
IPR010057,"HTH-type transcriptional regulator Rgg, C-terminal domain",5.838370743008963e-9,0.00030675175516470883,14,1.6990707671271595e-8,77.69788532176995
IPR008567,Beta-keto acid cleavage enzymes,6.182137936575786e-9,0.000032540775145924204,4,1.7973194639137578e-8,77.45374722510442
IPR018597,"Bacteriophage Tuc2009, YjcQ",6.7968725589973795e-9,0.000013616732927619024,3,1.9740717511988404e-8,77.04637066163131
IPR002372,Pyrrolo-quinoline quinone repeat,6.862854197384157e-9,0.00003296964862395944,4,1.99125202383803e-8,77.00873769789058
IPR024524,Protein of unknown function DUF3800,7.134502015209844e-9,0.00003313047617822266,4,2.0680127113669884e-8,76.84446796110215
IPR049215,Family of unknown function (DUF6809),7.2935544662641824e-9,0.00001377756048188224,3,2.1120163677881188e-8,76.75302720412601
IPR003445,Cation transporter,7.64808140384165e-9,0.000411450492990063,18,2.21248069182562e-8,76.55120510673156
IPR000310,"Orn/Lys/Arg decarboxylase, major domain",7.674121957669187e-9,0.00022858956379278548,11,2.2178136400954754e-8,76.54074949836327
IPR022674,"Glucose-6-phosphate dehydrogenase, NAD-binding",8.358362776449383e-9,0.0002573240868211469,12,2.4131669164481584e-8,76.17412637318212
IPR027439,"Protective antigen, heptamerisation domain",8.571089571837044e-9,0.00001415282477516308,3,2.4721362207197646e-8,76.0692760224141
IPR041025,Homing endonuclease associated repeat,8.7679340463947e-9,0.000014206433959917484,3,2.5264126165303305e-8,75.97495718528062
IPR019199,Virulence-associated protein D / CRISPR associated protein Cas2,8.929682128124118e-9,0.00008641800582410183,6,2.5704790805143072e-8,75.89985926227669
IPR029464,"Type I restriction enzyme R protein, N-terminal domain",8.968529323715537e-9,0.00001426004314467189,3,2.5791155333288465e-8,75.88529202893722
IPR012450,"Bacteriophage bIL310, Orf15",9.172932297980235e-9,0.000014313652329426296,3,2.635297594178361e-8,75.79170334450772
IPR024674,HpaB/PvcC/4-BUDH N-terminal,9.233095992722182e-9,0.00005913093078410938,5,2.649971251454516e-8,75.76758837535793
IPR010290,Transmembrane secretion effector,9.372396605549745e-9,0.00017374736778902856,9,2.685259923192754e-8,75.71013669836002
IPR049492,BD-FAE-like domain,9.3744670843972e-9,0.0003388636568325978,15,2.685259923192754e-8,75.71013669836002
IPR000873,AMP-dependent synthetase/ligase domain,1.0092541230999038e-8,0.0017933344484043763,21,2.888110915563611e-8,75.39386132053833
IPR020257,Protein of unknown function DUF5512,1.030358270640397e-8,2.7876776072290913e-6,2,2.9456124678307818e-8,75.3082439060722
IPR002645,STAS domain,1.0327336112259741e-8,0.0005095553010906253,22,2.9495114694759456e-8,75.30249910693198
IPR004445,Sodium/glutamate symport carrier protein GltS,1.047407716326305e-8,0.00008759740788869875,6,2.988494032101277e-8,75.24547607097514
IPR040538,"Cch, helix turn helix domain",1.152637349171447e-8,0.00006047116040296952,5,3.2855234703655323e-8,74.83395426049533
IPR020968,"Bacteriocin class II, aureocin-like",1.1991181460913466e-8,2.8948959767379027e-6,2,3.4146762832054366e-8,74.66650461845222
IPR025110,"AMP-binding enzyme, C-terminal domain",1.361165070674078e-8,0.0015483404740767425,12,3.8723486303274255e-8,74.12025549759429
IPR003610,Carbohydrate-binding module family 5/12,1.4467939193589894e-8,0.00011928043607855247,7,4.1119406129150227e-8,73.85953166305958
IPR013972,YcbB domain,1.4816692944068609e-8,0.00006202582676084729,5,4.206959749260376e-8,73.76031643142912
IPR019251,"Domain of unknown function DUF2231, transmembrane",1.4900894663852606e-8,3.0557235310011195e-6,2,4.2226442021179985e-8,73.7441551046867
IPR009706,Protein of unknown function DUF1287,1.4900894663852606e-8,3.0557235310011195e-6,2,4.2226442021179985e-8,73.7441551046867
IPR000595,Cyclic nucleotide-binding domain,1.5249537750654225e-8,0.0006448112742259906,28,4.3172477748454096e-8,73.64793025663823
IPR022567,"Glycosyl hydrolase, C-terminal (DUF3459)",1.572737033277126e-8,0.00006240109105412812,5,4.448206778890494e-8,73.51815032387375
IPR001365,Adenosine deaminase domain,1.6003916553882817e-8,0.00009081395897396309,6,4.5220368867366564e-8,73.44665899389852
IPR007782,Vitamin K-dependent gamma-carboxylase,1.711513149938595e-8,3.1629419005099305e-6,2,4.831338185112239e-8,73.15932561605263
IPR035423,"M60-like domain, N-terminal",1.8193957657670017e-8,0.000037258383404311895,4,5.130907207907715e-8,72.89805839458441
IPR048450,"Glucosidase YgjK, N-terminal domain",1.9217872634307425e-8,0.000016189973795830492,3,5.414426724796178e-8,72.6644751935954
IPR048395,"Glycosyl hydrolase family 31, C-terminal domain",2.0591840274634083e-8,0.00018200318224120701,9,5.795927243323647e-8,72.36877074895374
IPR011663,UbiC transcription regulator-associated,2.0717143154195753e-8,0.0012642117948783928,65,5.825572751941641e-8,72.34661369738933
IPR029002,Phospholipase C/D,2.0765304663827872e-8,0.0000928511079946305,6,5.833490211919275e-8,72.34071526503983
IPR013767,PAS fold,2.1039495508207096e-8,0.0006080353734844683,26,5.9048285757393543e-8,72.28792705957514
IPR003820,Potassium-transporting ATPase C chain,2.1236765220784023e-8,0.00012271142390283442,7,5.954462248442904e-8,72.25157453841868
IPR006231,Malate:quinone-oxidoreductase,2.289220624282777e-8,0.0002125068083664638,10,6.412456619028413e-8,71.92975559919941
IPR019080,YqaJ viral recombinase,2.384381165826544e-8,0.000038545003838417625,4,6.672606026439733e-8,71.75704516628971
IPR014858,BREX protein BrxB,2.4749512252388706e-8,0.000016886893197637764,3,6.919422600955463e-8,71.59930144225487
IPR009651,Putative methionine gamma-lyase,2.4974436292841315e-8,0.00018409394044662883,9,6.975618412828091e-8,71.56417284631648
IPR014054,"Bacteriophage regulatory protein, Rha family",2.5322614792104377e-8,0.0001243196994454666,7,7.066099974524053e-8,71.50820222253994
IPR002729,CRISPR-associated protein Cas1,2.786804644180667e-8,0.00009520991212382435,6,7.768950614178609e-8,71.09637639274992
IPR013975,"Transcription regulator BetR, N-terminal",2.8519976175212513e-8,3.5918153785451756e-6,2,7.943099381749731e-8,71.00010003650344
IPR000056,Ribulose-phosphate 3-epimerase-like,2.861898815304807e-8,0.00037976746480020926,16,7.96306960441681e-8,70.98919488131334
IPR025883,Cadherin-like beta sandwich domain,2.8720502548279837e-8,0.000039456359979242524,4,7.983697371857389e-8,70.97795933672506
IPR001117,"Multicopper oxidase, second cupredoxin domain",2.9347785210650258e-8,0.00003956357834875134,4,8.150299207072014e-8,70.88826447506024
IPR030987,"Abortive infection protein, AbiV family",3.209466448632179e-8,3.6990337480539866e-6,2,8.904666188593181e-8,70.50382356399419
IPR021257,Protein of unknown function DUF2809,3.232093394363863e-8,0.00004004606101154098,4,8.958920473350783e-8,70.47744318542365
IPR006254,Isocitrate lyase,3.3368743042055755e-8,0.0000402068885658042,4,9.240574996261594e-8,70.34301003895261
IPR032256,Domain of unknown function DUF4829,3.4003039460090476e-8,3.7526429328083923e-6,2,9.407292510970004e-8,70.26535351784025
IPR032237,"CRISPR-associated endonuclease Cas9, PAM-interacting domain",3.444607616589274e-8,0.00004036771612006742,4,9.520830151634429e-8,70.21325182439514
IPR011098,G5 domain,3.4489703158179586e-8,0.0004327869485223164,18,9.523861212997317e-8,70.21186942001786
IPR014833,"TnsA endonuclease, N-terminal",3.5172591002872804e-8,0.000017905467707971472,3,9.70324270240086e-8,70.13083105690781
IPR013651,"ATP-grasp fold, RimK-type",3.5553640337010295e-8,0.000040528543674330635,4,9.79909406641985e-8,70.08814073301512
IPR009270,Domain of unknown function DUF927,3.807123767959484e-8,0.00006824449219235833,5,1.047388196047364e-7,69.79892324859185
IPR045721,Protein of unknown function DUF6075,3.807378216084382e-8,3.859861302317203e-6,2,1.047388196047364e-7,69.79892324859185
IPR005170,Transporter-associated domain,3.959841057853507e-8,0.0004592698857909928,19,1.0883031597267508e-7,69.63250109916376
IPR026588,Choice-of-anchor A domain,3.987847599526549e-8,0.00006856614730088477,5,1.0949683239377982e-7,69.60598444237564
IPR014948,BrxA,4.422780738123891e-8,0.000018602387109778744,3,1.212107954170044e-7,69.16458698806306
IPR015191,"Elongation factor SelB, fourth winged-helix domain",4.422780738123891e-8,0.000018602387109778744,3,1.212107954170044e-7,69.16458698806306
IPR046929,Transposon related HTH domain protein,4.577033539235798e-8,0.00006953111262646407,5,1.2532046760949848e-7,69.0197799330002
IPR007710,Nucleoside 2-deoxyribosyltransferase,4.621636991466607e-8,0.00022076262281864228,10,1.2642301563899273e-7,68.98173854415204
IPR035390,Thiol-activated cytolysin C-terminal,4.653037775426164e-8,0.00004192238247794518,4,1.2716268184763537e-7,68.95640321435565
IPR005877,YSIRK Gram-positive signal peptide,4.660287525226926e-8,0.001025382876797516,48,1.2724155827304979e-7,68.9537102091297
IPR001646,Pentapeptide repeat,4.7201447224661765e-8,0.0003607898133971497,15,1.287553041226508e-7,68.90234870995508
IPR019302,"CD-NTase-associated protein 12/Pycsar effector protein, TIR domain",4.7300219775978484e-8,4.0742980413348254e-6,2,1.2890415034276005e-7,68.89733099388714
IPR005551,Apo-citrate lyase phosphoribosyl-dephospho-CoA transferase,5.1649432439199805e-8,0.00007038885958253455,5,1.4062534546471206e-7,68.51936397641566
IPR000320,"Hedgehog, N-terminal signalling domain",5.3609184754405606e-8,5.3609184754405606e-8,1,1.4541803045939233e-7,68.37381741733209
IPR010357,Thioredoxin domain-containing protein 17-like domain,5.3609184754405606e-8,5.3609184754405606e-8,1,1.4541803045939233e-7,68.37381741733209
IPR024456,"Integrase catalytic domain, putative",5.3609184754405606e-8,5.3609184754405606e-8,1,1.4541803045939233e-7,68.37381741733209
IPR041659,"Argonaute, PAZ domain, Aquifex",5.3609184754405606e-8,5.3609184754405606e-8,1,1.4541803045939233e-7,68.37381741733209
IPR001626,"ABC transporter, TroCD-like",5.390548505510602e-8,0.0004879507996345998,20,1.4608586842071483e-7,68.35391793399981
IPR021725,Pathogenicity locus,5.700873999428362e-8,0.00001940652488109483,3,1.5420917052257053e-7,68.11889798860132
IPR013973,PglZ domain,5.700873999428362e-8,0.00001940652488109483,3,1.5420917052257053e-7,68.11889798860132
IPR002123,Phospholipid/glycerol acyltransferase,6.085497991864134e-8,0.0003376306455832465,14,1.6446072422869152e-7,67.83937801588522
IPR000556,"Glycoside hydrolase, 48F",6.107931153815235e-8,4.342343965106854e-6,2,1.6491414115301137e-7,67.82742102624712
IPR015273,"Cysteinyl-tRNA synthetase, class Ia, DALR",6.239333659637848e-8,0.0002537858806273561,11,1.6830616976414397e-7,67.7389996337409
IPR013221,"Mur ligase, central",6.750202351952747e-8,0.001625591309307841,16,1.8191857724856015e-7,67.40122949179623
IPR043831,Domain of unknown function DUF5808,6.786072230069467e-8,0.000043959531498612595,4,1.8271640464342165e-7,67.38222459071751
IPR005118,"Transcription-repair-coupling factor, C-terminal domain",6.839844181672071e-8,0.000254965282691953,11,1.8399433241472103e-7,67.35195554375905
IPR013568,SEFIR domain,7.410968562840774e-8,4.556780704124476e-6,2,1.9917404911745343e-7,67.00767247535201
IPR001867,OmpR/PhoB-type DNA-binding domain,7.675736657892275e-8,0.003244267033782364,276,2.060998903721351e-7,66.85922239228985
IPR012301,"Malic enzyme, N-terminal domain",7.747542997116989e-8,0.00039413472631439,16,2.078365720293757e-7,66.82278029285884
IPR003220,InsA N-terminal domain,8.508711727445149e-8,0.00002074675449995497,3,2.2804598710689387e-7,66.41977565574615
IPR011095,"D-alanine--D-alanine ligase, C-terminal",8.908607795279297e-8,0.000315490052279677,13,2.3820106040497543e-7,66.23056309490502
IPR046009,Protein of unknown function DUF5965,8.912117863574356e-8,4.771217443142098e-6,2,2.3820106040497543e-7,66.23056309490502
IPR025376,Domain of unknown function DUF4366,8.911917157748215e-8,0.000020907582054218186,3,2.3820106040497543e-7,66.23056309490502
IPR007046,"RNA polymerase sigma factor 54, core-binding domain",8.94513314042543e-8,0.00013654259356947108,7,2.388645442992725e-7,66.21848309680567
IPR015330,"DNA primase/polymerase, bifunctional, N-terminal",9.377019382761616e-8,0.00007478481273239582,5,2.50168238976513e-7,66.01767828586699
IPR045989,Protein of unknown function DUF5945,9.742925693308342e-8,4.87843581265091e-6,2,2.596926080592973e-7,65.85540412037028
IPR004879,Domain of unknown function DUF255,9.766151224890671e-8,0.00002122923716274462,3,2.600739449477735e-7,65.8490315465612
IPR018958,Knr4/Smi1-like domain,9.893555996652066e-8,0.00016892254116113205,8,2.6322636210070644e-7,65.79670618319689
IPR002780,Hydrogenase formation HypD protein,1.1096363938426023e-7,5.039263366914127e-6,2,2.9477695959093643e-7,65.3050646488885
IPR003343,"Bacterial Ig-like domain, group 2",1.1099626256201927e-7,0.0002612911664929729,11,2.9477695959093643e-7,65.3050646488885
IPR025608,TcpE family,1.1251482862097479e-7,0.0001389013976986649,7,2.985379802172543e-7,65.25000409762407
IPR018579,"Restriction endonuclease, type II, LlaJI",1.1577370983825596e-7,5.092872551668533e-6,2,3.06905579898504e-7,65.12995215520279
IPR001209,Small ribosomal subunit protein uS14,1.1589106488812342e-7,0.00042592497287375253,17,3.069376432459291e-7,65.12949845841683
IPR025058,Protein of unknown function DUF3995,1.1852643152791465e-7,0.00002192615656455189,3,3.1363255384337486e-7,65.03578865564178
IPR029303,"Polysaccharide biosynthesis protein, C-terminal domain",1.1895808051955598e-7,0.0008900196852926418,39,3.144893588350183e-7,65.02394044900484
IPR001674,"GMP synthase, C-terminal",1.2374845363467978e-7,0.0002627386144813419,11,3.2685732862203463e-7,64.85641773067871
IPR001127,"Phosphotransferase system, sugar-specific permease EIIA type 1",1.2464233598512172e-7,0.0013357800565255244,68,3.289204088077963e-7,64.82909178637674
IPR000825,"SUF system FeS cluster assembly, SufBD",1.2725371222551924e-7,0.0004772825718684731,19,3.355079790683672e-7,64.7429714695801
IPR003833,"Carboxyltransferase domain, subdomain C and D",1.3455022742316877e-7,0.00020355407451247808,9,3.544249893098104e-7,64.50475665067285
IPR031989,Domain of unknown function DUF5067,1.3659450913872134e-7,0.0001090946909752154,6,3.594851883109309e-7,64.44318998931581
IPR025081,Domain of unknown function DUF3961,1.3699093787660437e-7,0.000022462248412095947,3,3.6020340383063875e-7,64.43452187524595
IPR000119,Histone-like DNA-binding protein,1.4105177498321386e-7,0.00034969271215298776,14,3.7054682509103753e-7,64.3115690349113
IPR041394,Cthe_2314-like HEPN,1.4799850745449145e-7,5.414527660194966e-6,2,3.88446127576325e-7,64.10669203680695
IPR021637,Protein of unknown function DUF3243,1.498583600802744e-7,0.00004856992138749148,4,3.9262082479252484e-7,64.06026668942266
IPR024499,Mbeg1-like,1.498583600802744e-7,0.00004856992138749148,4,3.9262082479252484e-7,64.06026668942266
IPR041100,T-Q ester bond containing domain,1.5669040931592678e-7,0.00014238599470770127,7,4.1015191522912253e-7,63.87055256143981
IPR003447,FemABX peptidyl transferase,1.5875268731746651e-7,0.0004308034086864034,17,4.151774315854102e-7,63.81766262106395
IPR000551,MerR-type HTH domain,1.6445470203449029e-7,0.0019167964008937723,116,4.2970422144495853e-7,63.668303797551346
IPR025551,Immunity protein WapI-like,1.6913420276896052e-7,0.00002326638618341203,3,4.4153566273436783e-7,63.55034212803871
IPR002180,Lumazine/riboflavin synthase,1.8332574356893872e-7,0.00017599895354871359,8,4.781555172155861e-7,63.20430828735485
IPR041413,MmyB-like transcription regulator ligand binding,1.836365000126341e-7,0.000023588041291938464,3,4.785380107567838e-7,63.20083560068352
IPR002821,Hydantoinase A/oxoprolinase,1.8386983945962143e-7,0.00008009212202308196,5,4.787182605930858e-7,63.199200061433736
IPR003497,BRO N-terminal domain,1.8752112979133973e-7,0.00014431592535885988,7,4.87789129769444e-7,63.11767882033253
IPR048635,"Transcription-repair-coupling factor, D3 domain",1.9681446809704825e-7,0.00011257928798425177,6,5.110516375520861e-7,62.91535215773476
IPR014852,Uncharacterised protein YwhD,1.9681446809704825e-7,0.00011257928798425177,6,5.110516375520861e-7,62.91535215773476
IPR002740,EVE domain,2.067816759241657e-7,0.00008105708734866127,5,5.364549528424085e-7,62.70466740712656
IPR008900,"Zona occludens toxin, N-terminal",2.0838601668664835e-7,5.897010322984616e-6,2,5.401365552517926e-7,62.6749642963066
IPR003719,Phenazine biosynthesis PhzF-like,2.1106682006096737e-7,0.0001456025457929656,7,5.465993315255603e-7,62.623309037720404
IPR009364,Bacterial toxin YdaT,2.1443672752184368e-7,1.0721836950881121e-7,1,5.543417530617873e-7,62.562224090831194
IPR025528,BrnA antitoxin of type II toxin-antitoxin system,2.1443672752184368e-7,1.0721836950881121e-7,1,5.543417530617873e-7,62.562224090831194
IPR016125,"Peptidase C15, pyroglutamyl peptidase I-like",2.1585666865087707e-7,0.0001779288841998722,8,5.575181982160829e-7,62.53740952036152
IPR003819,TauD/TfdA-like domain,2.239928922272835e-7,6.0042286924934275e-6,2,5.780205962254502e-7,62.38056686375843
IPR026889,Transposase zinc-binding domain,2.3045464513743892e-7,0.00002449939743276336,3,5.941695360042192e-7,62.26089618914766
IPR029494,"ssDNA thymidine ADP-ribosyltransferase, DarT",2.4046021712135046e-7,6.111447062002239e-6,2,6.194187218426307e-7,62.08015672292005
IPR032678,"tRNA synthetases class I, catalytic domain",2.517920681764949e-7,0.00027244187692188927,11,6.480367791726913e-7,61.884003451502885
IPR001952,Alkaline phosphatase,2.8093285831939855e-7,0.00014876548769347556,7,7.223987785355963e-7,61.41222997018608
IPR019587,Polyketide cyclase/dehydrase,2.9315400712649434e-7,0.000052858656167843924,4,7.531604271196982e-7,61.23112506944067
IPR003679,Aminoglycoside N(3)-acetyltransferase,2.9551791175240775e-7,0.00005291226535259833,4,7.585653438996664e-7,61.200070025203175
IPR025831,"ATP-dependent DNA helicase RecG, C-terminal domain",3.0270953924590056e-7,0.000053073092906861544,4,7.763421428681144e-7,61.09946838004686
IPR007711,Toxin HigB-1,3.155629775618356e-7,6.540320540037483e-6,2,8.085954679879723e-7,60.922686971271666
IPR011466,Protein of unknown function DUF1572,3.1703742024950245e-7,0.0000258396270516235,3,8.116603313850299e-7,60.906256789701516
IPR033752,MetA family,3.3737094477410515e-7,0.00011794020645969233,6,8.629593640011322e-7,60.640096543491964
IPR048433,YNCE-like beta-propeller,3.591100498177861e-7,6.754757279055106e-6,2,9.177606531714849e-7,60.37270565596258
IPR001173,Glycosyltransferase 2-like,3.6209991551969754e-7,0.002379443665324293,162,9.245913779819948e-7,60.3405016077064
IPR007069,"Transposase, IS801/IS1294",3.62897307874478e-7,0.000026429328083921962,3,9.258167539474871e-7,60.33474964316756
IPR025938,RRXRR domain,3.7066682938487055e-7,6.808366463809512e-6,2,9.448116035719252e-7,60.24654781634685
IPR003817,Phosphatidylserine decarboxylase-related,3.8943917170473007e-7,0.00005478858681900253,4,9.917944320445352e-7,60.035783341767115
IPR019626,"Stress-induced protein, KGG, repeat",4.1106116953387696e-7,0.000055163851112283367,4,1.04594622195531e-6,59.80490644444333
IPR039532,"Transcriptional regulator TetR, C-terminal, Firmicutes type",4.1805279767644506e-7,0.0007816219137192337,32,1.0628090305357576e-6,59.73544764108216
IPR041030,SHIRT domain,4.1970424480701633e-7,7.022803202827134e-6,2,1.0660780294923863e-6,59.72211006812482
IPR002925,Dienelactone hydrolase,4.2374275633576767e-7,0.00008722214359541792,5,1.075399371170669e-6,59.68430221808303
IPR013199,M protein trans-acting positive regulator (MGA) HTH domain,4.556910714405358e-7,0.00012104953917544785,6,1.1554740559309587e-6,59.37239801368356
IPR032677,GTP cyclohydrolase II,4.664177194611993e-7,0.0001873641007166476,8,1.1816455864021348e-6,59.275127628374385
IPR040556,Predicted pPIWI-associating nuclease,4.824825851931479e-7,1.608275542632168e-7,1,1.2191674336423045e-6,59.13936646708493
IPR022009,"Restriction endonuclease, type II, NotI",4.824825851931479e-7,1.608275542632168e-7,1,1.2191674336423045e-6,59.13936646708493
IPR008859,"Thrombospondin, C-terminal",4.824825851931479e-7,1.608275542632168e-7,1,1.2191674336423045e-6,59.13936646708493
IPR001086,Prephenate dehydratase,4.845764614979106e-7,0.00018784658337943724,8,1.2233982352622573e-6,59.1243215030251
IPR035398,Alpha-L-rhamnosidase C-terminal domain,4.993259147495989e-7,0.000027876776072290913,3,1.2595453005275348e-6,58.99786208145749
IPR014875,Mor transcription activator,5.316318771166251e-7,0.000056986563393933156,4,1.3398777473397398e-6,58.72934825573887
IPR025285,Domain of unknown function DUF4145,5.533202623434592e-7,0.000028359258735080565,3,1.3933349611343065e-6,58.55944465568143
IPR046335,"Transcriptional regulator LacI/GalR-like, sensor domain",5.642314462512009e-7,0.0017048256843748527,95,1.41958489841976e-6,58.47838629335611
IPR011235,MepB-like,5.721328989876735e-7,0.00012346195248939611,6,1.4382237357310827e-6,58.42173548142867
IPR016787,Uncharacterised conserved protein UCP021328,5.760997907949393e-7,0.000090009821202647,5,1.4469483117640338e-6,58.39546982575917
IPR009825,"ECF transporter, substrate-specific component-like",5.933147432322597e-7,0.0003145250869540977,12,1.488903434823812e-6,58.27133468186777
IPR008258,Transglycosylase SLT domain 1,6.067699249530506e-7,0.0002230142085783273,9,1.5213595022898498e-6,58.17768148595089
IPR006879,Carbohydrate deacetylase YdjC-like,6.10460570720789e-7,0.0001241588718912034,6,1.52929813077476e-6,58.155078422992126
IPR032687,"HTH-type transcriptional regulator AraC-type, N-terminal",6.479607077327237e-7,7.826940974143218e-6,2,1.6218484324022509e-6,57.899897346174846
IPR027994,WxL domain,6.546781491874559e-7,0.0008289052146726194,34,1.637256846509967e-6,57.858831848079824
IPR024932,Flavin transferase ApbE,6.59149622785569e-7,0.0002556622020937603,10,1.6470268209449181e-6,57.832993285208744
IPR000073,Alpha/beta hydrolase fold-1,6.620173204117649e-7,0.001712813452903259,95,1.652776118425262e-6,57.817859710610584
IPR005322,Peptidase C69,6.765986104204301e-7,0.00025603746638704116,10,1.6877344294148626e-6,57.72695890005057
IPR006827,"Lantibiotic dehydratase, N-terminal",6.833693542899254e-7,0.00002937783324541427,3,1.7031666983841218e-6,57.68742843144068
IPR024300,"SipL, SPOCS domain",6.868132502497378e-7,0.00005886288486033735,4,1.7102881620224044e-6,57.66930710290437
IPR007438,Protein of unknown function DUF488,7.058408278702116e-7,0.00015948732464435666,7,1.756170523950117e-6,57.554333164396205
IPR027797,Pre-toxin TG domain,7.084805723419277e-7,0.00009193975185380562,5,1.7612355916019279e-6,57.54182546764558
IPR031690,Protein of unknown function DUF5079,7.455472602392403e-7,0.00009242223451659526,5,1.8518022238991692e-6,57.324053986777635
IPR011608,PRD domain,7.511102975190218e-7,0.0030305272141665485,110,1.8640320234599724e-6,57.29546630880915
IPR010298,"NYN/PIN ribonuclease, YacP-like",7.578000681273376e-7,0.00022606993210932844,9,1.8790348628055412e-6,57.26065162111496
IPR046060,Protein of unknown function DUF6018,8.448527749544934e-7,8.363032821687274e-6,2,2.0931101884174196e-6,56.79207908325418
IPR012618,"Tetracycline resistance leader peptide, TetL",8.577466801718388e-7,2.1443673901762242e-7,1,2.1178571713641677e-6,56.741033321322156
IPR048356,"Malate synthase, N-terminal domain",8.557079991335981e-7,0.000030503626125256788,3,2.1178571713641677e-6,56.741033321322156
IPR028958,Immunity protein 42,8.577466801718388e-7,2.1443673901762242e-7,1,2.1178571713641677e-6,56.741033321322156
IPR019064,Type-2 restriction enzyme NlaIV,8.577466801718388e-7,2.1443673901762242e-7,1,2.1178571713641677e-6,56.741033321322156
IPR001015,Ferrochelatase,8.618682718982405e-7,0.0001952982600602996,8,2.1262334017388067e-6,56.723890636492776
IPR004338,Ion-translocating oxidoreductase NqrB/RnfD,8.647395785500517e-7,0.000030557235310011194,3,2.1315136188097642e-6,56.713118881845546
IPR045462,"Aminoacyl-tRNA synthetase, class I, anticodon-binding",8.699448783775089e-7,0.00025968289095034075,10,2.1425331633013645e-6,56.69072447104966
IPR048355,"Malate synthase, C-terminal domain",9.206092488998649e-7,0.00003087889041853763,3,2.2653979491915663e-6,56.448554969812506
IPR001465,"Malate synthase, TIM barrel domain",9.594969016133768e-7,0.000031093327157555246,3,2.359100307845368e-6,56.272535927228915
IPR020602,GTP cyclohydrolase I domain,1.0554253614275158e-6,0.0001302167097684512,6,2.5927719915102244e-6,55.86235673428429
IPR004603,DNA mismatch endonuclease VSR,1.057612719103172e-6,8.845515484476925e-6,2,2.593775179903153e-6,55.86067669870612
IPR027856,Protein of unknown function DUF4573,1.057612719103172e-6,8.845515484476925e-6,2,2.593775179903153e-6,55.86067669870612
IPR041468,"ParB/Spo0J, HTH domain",1.0648073526403744e-6,0.00043584267205331754,16,2.609225412016245e-6,55.83488400406837
IPR002586,CobQ/CobB/MinD/ParA nucleotide binding domain,1.071948876259153e-6,0.0001646338063807796,7,2.624519666810823e-6,55.80950168502465
IPR032091,"Maltogenic Amylase, C-terminal",1.1151698031415271e-6,0.000353552573455305,13,2.7280496190945412e-6,55.64147734784261
IPR006048,"Alpha-amylase/branching enzyme, C-terminal all beta",1.1167752255542485e-6,0.0001308600199855041,6,2.729686972100745e-6,55.638871529899674
IPR026988,YaaC-like protein,1.128979943199607e-6,0.00003195107411362574,3,2.757207298467382e-6,55.59530580576837
IPR001024,PLAT/LH2 domain,1.1918966881253304e-6,9.113561408248952e-6,2,2.9084273996430657e-6,55.36341772617865
IPR024259,"Alkylmercury lyase, helix-turn-helix domain",1.249039123988381e-6,9.220779777757764e-6,2,3.0427720012950032e-6,55.16730588650431
IPR046742,Domain of unknown function DUF6792,1.249039123988381e-6,9.220779777757764e-6,2,3.0427720012950032e-6,55.16730588650431
IPR021247,Protein of unknown function DUF2785,1.290474880261326e-6,0.00013252190471289065,6,3.141089107547602e-6,55.029197432043915
IPR007137,"Resuscitation-promoting factor, domain of unknown function DUF348",1.2964639362867512e-6,0.00013257551389764504,6,3.1530348942553515e-6,55.0127122294106
IPR006637,Clostridial hydrophobic repeat,1.3024781115613623e-6,0.00013262912308239946,6,3.1650218110941102e-6,54.9962329278559
IPR025455,Protein of unknown function DUF4276,1.3402289003741602e-6,2.68045923772028e-7,1,3.2459364397766202e-6,54.88659988553084
IPR007460,"Ribonuclease toxin, BrnT, of type II toxin-antitoxin system",1.3402289003741602e-6,2.68045923772028e-7,1,3.2459364397766202e-6,54.88659988553084
IPR025222,Domain of unknown function DUF3945,1.3402289003741602e-6,2.68045923772028e-7,1,3.2459364397766202e-6,54.88659988553084
IPR007761,Mannitol repressor MtlR-like,1.3402289003741602e-6,2.68045923772028e-7,1,3.2459364397766202e-6,54.88659988553084
IPR005496,Integral membrane protein TerC,1.398255824522843e-6,0.0002977990213107231,11,3.383663057517519e-6,54.70612890179836
IPR008414,Hemolysin BL-binding component,1.4281834295342367e-6,0.00013370130677748757,6,3.453219635590244e-6,54.617757982820635
IPR025302,Domain of unknown function DUF4162,1.4769013896627476e-6,0.0003581629633441838,13,3.5680567127229264e-6,54.4756825131753
IPR013525,"ABC-2 type transporter, transmembrane domain",1.48607478616542e-6,0.0020565555455485077,125,3.5872467520350705e-6,54.452387489550645
IPR008334,"5'-Nucleotidase, C-terminal",1.4915368469220024e-6,0.0007031380672387838,27,3.5974536357523236e-6,54.440047945745896
IPR005067,"Fatty acid desaturase, type 2",1.5319824668702116e-6,9.703262440547415e-6,2,3.6887763289958632e-6,54.331176776622826
IPR020810,"Enolase, C-terminal TIM barrel domain",1.5331950997060995e-6,0.0002992464692990921,11,3.6887763289958632e-6,54.331176776622826
IPR021862,Protein of unknown function DUF3472,1.5319824668702116e-6,9.703262440547415e-6,2,3.6887763289958632e-6,54.331176776622826
IPR018476,"Glycerophosphoryl diester phosphodiesterase, membrane domain",1.596411896677338e-6,0.0002036612928819869,8,3.837705763158382e-6,54.15928325675382
IPR025055,Endospore appendages core,1.6080258189593958e-6,0.00006556403295463805,4,3.862440929230312e-6,54.13138149458497
IPR046076,Domain of unknown function DUF6094,1.6361880766961713e-6,9.864089994810631e-6,2,3.926851384070811e-6,54.05955534762
IPR002772,Glycoside hydrolase family 3 C-terminal domain,1.6597441846722224e-6,0.00013547040987438297,6,3.980110232322533e-6,54.00104899628208
IPR002196,"Glycoside hydrolase, family 24",1.6720758618853663e-6,9.917699179565036e-6,2,4.006387192487862e-6,53.97247081144526
IPR007634,"RNA polymerase sigma factor 54, DNA-binding",1.7998715799431755e-6,0.00013643537519996226,6,4.3090521569082925e-6,53.656182491652004
IPR046174,Protein of unknown function DUF6176,1.826807466130616e-6,0.00003463153335134602,3,4.369951247938373e-6,53.59523408079795
IPR015393,Domain of unknown function DUF1972,1.8953963549863453e-6,0.00003484597009036364,3,4.530308009131297e-6,53.438722699256466
IPR006076,FAD dependent oxidoreductase,1.900808165510503e-6,0.0005959733069147271,22,4.539522203627049e-6,53.429898553473116
IPR048446,"Cyclic GMP-AMP synthase, C-terminal domain",1.9299290992291344e-6,3.216551085264336e-7,1,4.601531687123594e-6,53.3709758298317
IPR024457,"Putative integrase, N-terminal",1.9299290992291344e-6,3.216551085264336e-7,1,4.601531687123594e-6,53.3709758298317
IPR026893,Tyrosine/serine-protein phosphatase IphP-type,1.9624726603360177e-6,0.00023974027422170186,9,4.675302514329925e-6,53.3019028296181
IPR007202,4Fe-4S domain,2.0390017591366688e-6,0.000035274843568398885,3,4.853656432361245e-6,53.139309685913254
IPR004680,Citrate transporter-like domain,2.041319192027616e-6,0.00030380325000321654,11,4.855209432261442e-6,53.13792031808758
IPR015262,"tRNA(Ile)-lysidine synthase, substrate-binding domain",2.0762803591329125e-6,0.0000353820619379077,3,4.9343386530004666e-6,53.06771047371163
IPR001106,Aromatic amino acid lyase,2.1862783414387773e-6,0.00010325128983698519,5,5.1915208824393114e-6,52.84705394735056
IPR024979,Protein of unknown function DUF3884,2.2112431885487855e-6,0.00003575732623118854,3,5.2465298110726275e-6,52.80127855109163
IPR014832,TnsA endonuclease C-terminal,2.2390530995425162e-6,0.000010668227766126714,2,5.308194177452014e-6,52.75053198721417
IPR006035,Ureohydrolase,2.292892056084163e-6,0.00030567957146962076,11,5.431416113356149e-6,52.65086923627605
IPR007061,Protein of unknown function DUF664,2.4380015404312667e-6,0.000036347027263486996,3,5.770464684981797e-6,52.387892124946156
IPR020254,Protein of unknown function DUF2626,2.4595388154619788e-6,0.0000364006364482414,3,5.816719534377234e-6,52.35321876137823
IPR007688,Plasmid conjugal transfer TrbL/VirB6,2.5712938875083974e-6,0.000011043492059407554,2,6.076088311162469e-6,52.16375922634822
IPR013601,FAE1/Type III polyketide synthase-like protein,2.626847095678638e-6,3.752642932808392e-7,1,6.192308917541559e-6,52.08147386007796
IPR041487,HEPN/Toprim N-terminal domain 1,2.626847095678638e-6,3.752642932808392e-7,1,6.192308917541559e-6,52.08147386007796
IPR018470,Periplasmic metal-binding protein Tp34-type,2.626847095678638e-6,3.752642932808392e-7,1,6.192308917541559e-6,52.08147386007796
IPR031161,Peptidase family M60 domain,2.6956902906554045e-6,0.00007001359528925372,4,6.349461136955703e-6,51.972631306413994
IPR012441,Protein of unknown function DUF1643,2.733246988887331e-6,0.00010566370315093344,5,6.432726569487859e-6,51.91604908398538
IPR011127,"D-alanine--D-alanine ligase, N-terminal domain",2.834373901900136e-6,0.0003396141854191595,12,6.665350240274836e-6,51.76177025031475
IPR007374,ASCH domain,3.0562623003556673e-6,0.00021293568184449905,8,7.175572357356784e-6,51.44143451844445
IPR018976,Imelysin-like domain,3.055613639802302e-6,0.00007113938816909623,4,7.175572357356784e-6,51.44143451844445
IPR002938,FAD-binding domain,3.157751627742128e-6,0.0001788402403406971,7,7.407887165322643e-6,51.30305641316801
IPR013520,"Exonuclease, RNase T/DNA polymerase III",3.199113079892062e-6,0.0008750627227461626,35,7.498885643862744e-6,51.25003269232079
IPR007168,"Phage shock protein, PspC, N-terminal",3.2281240671064274e-6,0.00021373981961581514,8,7.560811068017945e-6,51.21431614092579
IPR001233,"RNA-splicing ligase, RtcB",3.260263163864759e-6,0.0000717290892013947,4,7.629957773539035e-6,51.17477865553604
IPR044019,"Cyanophycin synthase-like, N-terminal",3.2847301548133896e-6,0.000011740411461214827,2,7.6810530324265e-6,51.14579236371854
IPR010146,"CRISPR-associated protein, Csn2-type",3.3473015516306566e-6,0.000038330567099400006,3,7.821098817752399e-6,51.06732226868247
IPR005180,Domain of unknown function DUF302,3.406408809496845e-6,0.000011847629830723639,2,7.952832736983828e-6,50.99478151480205
IPR000504,RNA recognition motif domain,3.430982674177492e-6,4.2887347803524485e-7,1,8.003796382321253e-6,50.96703968406531
IPR019096,YopX protein,3.6933814580842048e-6,0.0001453344998691936,6,8.609033038987643e-6,50.65045625481888
IPR004101,"Mur ligase, C-terminal",3.7816758126019678e-6,0.001343285342391141,10,8.807800854271036e-6,50.5513251339018
IPR011642,"Nucleoside transporter/FeoB GTPase, Gate domain",3.7873950946527902e-6,0.0013434461699454044,10,8.814081481251026e-6,50.54822938998085
IPR044081,Domain of unknown function DUF5776,3.8119398015157496e-6,0.0002162058421145178,8,8.864127959505524e-6,50.52363983244476
IPR006340,Protein of unknown function DUF436,3.977962795909814e-6,0.00018205679142596143,7,9.242820328982484e-6,50.341954891239375
IPR000719,Protein kinase domain,4.031669343219059e-6,0.00040421325304821823,14,9.360149526135968e-6,50.28717213456653
IPR018540,Aspartyl-phosphate phosphatase Spo0E-like,4.069823198528491e-6,0.00018237844653448787,7,9.441212766037454e-6,50.24972215048528
IPR031848,PrlF antitoxin,4.1371018711810426e-6,0.0000124373308630221,2,9.589657437491192e-6,50.181969064544134
IPR001375,"Peptidase S9, prolyl oligopeptidase, catalytic domain",4.158051080333266e-6,0.0002839142424593321,10,9.630561517277048e-6,50.16348390264309
IPR021124,"CRISPR-associated protein, Cas5",4.208718770525747e-6,0.00003983162427252336,3,9.740177726073872e-6,50.11433118609169
IPR018385,C4-dicarboxylate anaerobic carrier-like,4.254203333590704e-6,0.0002842895067526129,10,9.837634354282706e-6,50.07109323357133
IPR007380,Domain of unknown function DUF438,4.276688249802988e-6,0.000039938842642032176,3,9.881793135043989e-6,50.051642418500876
IPR002347,Short-chain dehydrogenase/reductase SDR,4.2812190925983136e-6,0.0015509673241297084,79,9.88442982899183e-6,50.050483773633935
IPR015126,"Mu DNA binding, I gamma subdomain",4.342335584693572e-6,4.824826627896504e-7,1,0.000010017603295068398,49.99236170707399
IPR009327,Cupin domain of unknown function DUF985,4.364053812283417e-6,0.00011091740325686519,5,0.000010059747760172685,49.97412908717318
IPR010144,"CRISPR-associated protein, Csd1-type",4.429913299429741e-6,0.000012651767602039722,2,0.000010203496983520635,49.91250959574792
IPR001031,Thioesterase,4.487382664250289e-6,0.00011123905836539163,5,0.000010327709430902796,49.859959894026275
IPR002591,Type I phosphodiesterase/nucleotide pyrophosphatase/phosphate transferase,4.635169526551203e-6,0.00011161432265867246,5,0.00001065942771247895,49.722661112554334
IPR019644,Protein of unknown function DUF2508,4.876145366656628e-6,0.00011220402369097092,5,0.000011204759565934379,49.50597458210426
IPR005331,Sulfotransferase,4.9690663871405225e-6,0.00004095741715236588,3,0.000011409289436930524,49.42741402315302
IPR000905,Gcp-like domain,5.304912022723795e-6,0.0005174894604342773,18,0.000012170828842063404,49.14679845001044
IPR004923,Iron permease FTR1/Fip1/EfeU,5.34301166228202e-6,0.00007639308827502798,4,0.000012248602206929536,49.11913469540599
IPR044038,"dATP/dGTP diphosphohydrolase, N-terminal",5.360905542707944e-6,5.36091847544056e-7,1,0.000012279969020059988,49.10802728832796
IPR010280,(Uracil-5)-methyltransferase family,5.567128461236722e-6,0.0004382550853672658,15,0.000012742344264494727,48.94750665605363
IPR019052,Domain of unknown function DUF2383,5.668127864562662e-6,0.000013455905373355806,2,0.00001296334184554096,48.87283026398359
IPR041490,"HTH-type transcriptional repressor KstR2, C-terminal",5.6745775132316295e-6,0.00007698278930732645,4,0.000012967921652494852,48.871296220022266
IPR007621,TPM domain,5.692825660511269e-6,0.00011402673597262072,5,0.000012999435885709366,48.86075493619259
IPR019700,Anti-sigma-G factor Gin,5.83999256730217e-6,0.0000420832100322084,3,0.000013325053463421853,48.753310398006384
IPR004007,DhaL domain,5.907322198480274e-6,0.0005195802186396991,18,0.000013468140368075433,48.70692365942776
IPR025330,Domain of unknown function DUF4236,6.1333727762428815e-6,0.000013723951297127835,2,0.000013972589855878315,48.547230888126734
IPR015168,SsuA/THI5-like,6.214016717259226e-6,0.00022365751879538018,8,0.000014145255852871117,48.4938919281744
IPR003682,rRNA small subunit methyltransferase G,6.2967235477250265e-6,0.0002579137878534454,9,0.000014322344668616362,48.4398587914493
IPR045526,Domain of unknown function DUF6471,6.486692229215002e-6,5.897010322984617e-7,1,0.000014742941964451244,48.314158440592074
IPR001948,Peptidase M18,6.833868232852046e-6,0.000043209002912050916,3,0.000015519906360589227,48.09110903387242
IPR011063,"tRNA(Ile)-lysidine/2-thiocytidine synthase, N-terminal",7.301448239910325e-6,0.00029334945897610743,10,0.000016568889546753702,47.807065971858336
IPR045920,Protein of unknown function DUF6339,7.366441270566144e-6,0.000014367261514180702,2,0.00001670337694010177,47.771957181822835
IPR002734,"Bacterial bifunctional deaminase-reductase, C-terminal",7.4011346134218786e-6,0.00035639386024728843,12,0.000016769004298941877,47.75492723936141
IPR006132,"Aspartate/ornithine carbamoyltransferase, carbamoyl-P binding",7.5821336811914924e-6,0.0006465803773228859,23,0.000017165762278225458,47.653369061399864
IPR023372,"Restriction endonuclease, type II, EcoRII, N-terminal",7.719695290722644e-6,6.433102170528672e-7,1,0.00001745010191298235,47.58202032308433
IPR009394,DNA repair protein MmcB-like,7.719695290722644e-6,6.433102170528672e-7,1,0.00001745010191298235,47.58202032308433
IPR004813,"Oligopeptide transporter, OPT superfamily",7.850153890274563e-6,0.00004422757742238462,3,0.000017731253868350604,47.51260552111923
IPR004788,"Ribose 5-phosphate isomerase, type A",8.036231785568956e-6,0.0002619344767100258,9,0.00001813750146030888,47.41422539587753
IPR014879,"Sporulation initiation factor Spo0A, C-terminal",8.10591944452612e-6,0.00008057460468587162,4,0.00001828063503498698,47.380087217640934
IPR005804,Fatty acid desaturase domain,8.625302362808263e-6,0.00008121791490292449,4,0.000019436925571830674,47.11372428338825
IPR025962,SdpI/YhfL protein family,8.64030211570305e-6,0.00019336832940914102,7,0.0000194556918682549,47.1095332054142
IPR008254,Flavodoxin/nitric oxide synthase,8.662592008255434e-6,0.0005271391136900703,18,0.00001949083201857473,47.10169621458914
IPR039448,Right handed beta helix domain,9.07988103504007e-6,0.00008175400675046854,4,0.000020413980800444753,46.90072298023236
IPR006124,Metalloenzyme,9.120068750455957e-6,0.00039022125582731837,13,0.000020488536576525092,46.88489060605007
IPR006448,"Putative phage terminase, small subunit, P27 family",9.142486568818797e-6,0.00022976896585738242,8,0.000020507300642058163,46.88091501670196
IPR001967,"Peptidase S11, D-alanyl-D-alanine carboxypeptidase A, N-terminal",9.13908965221452e-6,0.0005787111494238085,20,0.000020507300642058163,46.88091501670196
IPR007263,DCC1-like thiol-disulfide oxidoreductase family,9.150678048998849e-6,0.00011981652792609652,5,0.00002050989791766383,46.88036501206749
IPR007344,GrpB/Dephospho-CoA kinase,9.483161916600982e-6,0.00023035866688968088,8,0.000021238786596627083,46.72870298769585
IPR025685,YoaP-like domain,0.000010098203757726832,0.000015546663578777623,2,0.000022598896513838406,46.45912766589372
IPR005101,"Cryptochrome/DNA photolyase, FAD-binding domain",0.000010263356675473341,0.00012126397591446547,5,0.00002295088041846646,46.39200649841413
IPR003661,"Signal transduction histidine kinase, dimerisation/phosphoacceptor domain",0.00001027629404251588,0.0032914431163662407,142,0.000022962201860518245,46.38986469496036
IPR028061,"Fis1, C-terminal tetratricopeptide repeat",0.000010507348952339893,7.505285865616784e-7,1,0.000023442562773544854,46.299949123822145
IPR048555,Probable sensor domain DACNH,0.000010507348952339893,7.505285865616784e-7,1,0.000023442562773544854,46.299949123822145
IPR007813,Type IV pilus inner membrane component PilN,0.00001081235865383457,0.000015814709502549653,2,0.000024104616081484407,46.178997812114915
IPR032312,"Beta-galactosidase, domain 4",0.000011062758358665121,0.000046854427475350496,3,0.00002464400563320664,46.082887006061775
IPR007887,NTF2-like N-terminal transpeptidase,0.000011218699418169333,0.00016039868078518156,6,0.000024972311071283797,46.02541263853651
IPR029132,Choloylglycine hydrolase/NAAA C-terminal,0.000011490807200504819,0.00033339551998764843,11,0.000025558500226294473,45.924646341816526
IPR012854,"Copper amine oxidase-like, N-terminal",0.000011688864235087671,0.00016098838181748001,6,0.000025979213498106438,45.853740010152144
IPR001448,"Small acid-soluble spore protein, alpha/beta-type",0.000011970027142457553,0.00030198053772156674,10,0.000026583853120644495,45.75382071258002
IPR046687,Protein of unknown function DUF6557,0.000012061998673034552,8.041377713160841e-7,1,0.000026767723082624622,45.72388569220523
IPR008456,Collagen binding domain,0.00001213592110874732,0.0004248527891786644,14,0.00002691128969818037,45.70065488584015
IPR020260,Uncharacterised protein family YueH,0.00001232814768470268,0.00008502416702048729,4,0.000027316777088596515,45.63570541271794
IPR019079,"Capsule synthesis protein, CapA",0.000012635838765618921,0.00016211417469732254,6,0.000027977301321598156,45.53194179682035
IPR013560,Domain of unknown function DUF1722,0.00001274851593598205,0.00012405165352169457,5,0.000028205366061702318,45.49668259436346
IPR018750,"Protein of unknown function DUF2306, membrane",0.000013013749913335245,0.00001656523808911133,2,0.00002877035234820741,45.4105481930727
IPR006157,Dihydroneopterin aldolase/epimerase domain,0.000013253015005242093,0.0001999622591339329,7,0.000029277114966125715,45.33471721876766
IPR025072,Fur-regulated basic protein A,0.00001342990195266319,0.00004840909383322826,3,0.000029645415665379156,45.28042455930759
IPR000550,"7,8-Dihydro-6-hydroxymethylpterin-pyrophosphokinase, HPPK",0.000013618951095794614,0.00020039113261196813,7,0.00003003998592688131,45.223002751258996
IPR025469,Protein of unknown function DUF4320,0.000013875907938601015,0.00001683328401288336,2,0.0000305836338238553,45.14510914741548
IPR024997,Protein of unknown function DUF3892,0.00001490587543725835,0.00004926684078929875,3,0.000032828952247013106,44.837429777824426
IPR003469,"Glycoside hydrolase, family 68",0.000014966143822797515,0.000017154939121409793,2,0.000032936811613039665,44.823184442033764
IPR043630,"Sgo0707, N-terminal domain",0.000015492941437015842,9.113561408248952e-7,1,0.000034044775606886355,44.6794952396213
IPR009970,Histone H1-like nucleoprotein HC2,0.000015492941437015842,9.113561408248952e-7,1,0.000034044775606886355,44.6794952396213
IPR046866,"Flagellar Assembly Protein A , N-terminal region",0.000015534701073638468,0.00001731576667567301,2,0.0000341108345863929,44.67107654622771
IPR000361,FeS cluster biogenesis,0.000017565546848295154,0.0004321436383052636,14,0.000038541109563302233,44.140757865595745
IPR013114,"Beta-hydroxydecanoyl thiol ester dehydrase, FabA/FabZ",0.000019028893129383504,0.0003740848912162423,12,0.00004172049050021225,43.79650594294325
IPR032750,"Transposon Tn7 transposition protein TnsD, C-terminal",0.000019067843568562997,0.000018227122816497905,2,0.00004174311700144873,43.79415124844425
IPR045798,"TrbL/VirB6 plasmid conjugal transfer like protein, Firmicutes",0.000019067843568562997,0.000018227122816497905,2,0.00004174311700144873,43.79415124844425
IPR024248,Protein of unknown function DUF2695,0.000019352738285884762,1.0185745103337064e-6,1,0.00004233502238682668,43.73300206236658
IPR002197,"DNA binding HTH domain, Fis-type",0.000020112707947904445,0.0002778027953973298,9,0.00004396451002705349,43.568977625771375
IPR045324,Small multidrug resistance protein,0.0000204902835569976,0.0004637730573103629,15,0.00004475630475820599,43.49145777580877
IPR023387,DUF1653-like domain,0.000020924119894126936,0.00001865599629453315,2,0.000045669710786881846,43.40371738646098
IPR017932,Glutamine amidotransferase type 2 domain,0.000021261347499874445,0.0005456342824303402,18,0.000046371046604064236,43.33753101877748
IPR001820,Protease inhibitor I35 (TIMP),0.00002144345548337091,1.072183695088112e-6,1,0.000046733270694700726,43.3037382319239
IPR001130,3'-5' ssDNA/RNA exonuclease TatD-like,0.00002155158022233859,0.0003127023746724479,10,0.000046933837138416225,43.28513938011727
IPR031608,Putative cyclic bacteriocin,0.000022150960081272926,0.000018924042218305177,2,0.00004820313402760586,43.16924724278841
IPR025277,"Apiosidase-like, catalytic domain",0.00002265646719837341,0.00001903126058781399,2,0.000049266411894449564,43.074490665293425
IPR001661,"Glycoside hydrolase, family 37",0.000022912433569614713,0.000019084869772568393,2,0.0000497858839709363,43.02893777371879
IPR019074,"Spore cortex biosynthesis protein, YabQ-like",0.000023314053007480045,0.00005312670209161595,3,0.00005062083288891423,42.95670713462954
IPR041166,"LapB, rubredoxin metal binding domain",0.000023534059650952318,0.00024563728454468647,8,0.000051060504421262615,42.91914899161834
IPR019059,"Restriction endonuclease, type II, HaeIII",0.000023641384322572816,1.1257928798425176e-6,1,0.00005121714463939252,42.905846371507195
IPR009387,Toxin HigB-2,0.000023641384322572816,1.1257928798425176e-6,1,0.00005121714463939252,42.905846371507195
IPR003824,Undecaprenyl-diphosphatase UppP,0.000023751885805203422,0.0003145250869540977,10,0.00005141833630881454,42.88881979493827
IPR046059,Domain of unknown function DUF6017,0.000025314681434605353,0.000019567352435358045,2,0.0000547608390677368,42.61529906051265
IPR025630,Protein of unknown function DUF4288,0.000025592770462914335,0.000019620961620112452,2,0.000055321362987292955,42.57107128443997
IPR015077,Domain of unknown function DUF1858,0.000025634077936383796,0.00005398444904768644,3,0.000055369608342589,42.56728548463035
IPR027790,S-adenosylmethionine synthase,0.000025946524105146596,1.1794020645969233e-6,1,0.00005596158601376293,42.52109985615793
IPR008886,Uncharacterised protein family UPF0227/Esterase YqiA,0.000025946524105146596,1.1794020645969233e-6,1,0.00005596158601376293,42.52109985615793
IPR006139,"D-isomer specific 2-hydroxyacid dehydrogenase, catalytic domain",0.000026287314392922423,0.0011466468527119814,48,0.00005665469975592149,42.467640576734446
IPR007936,Virulence-associated protein E-like domain,0.000026945114495799303,0.00009403051005922743,4,0.00005802950802788092,42.363511113531374
IPR013670,EcoEI R protein C-terminal domain,0.00002911118010586045,0.000020264271837165317,2,0.00006264811895844211,42.0309196438624
IPR045768,"Stage II sporulation protein E, N-terminal",0.000029132784216690546,0.000055163851112283367,3,0.00006264837667836993,42.030901778024734
IPR014202,"Sporulation stage II, protein R",0.000029639038420021405,0.00005532467866654658,3,0.00006369007813764364,41.959282183034325
IPR004161,"Translation elongation factor EFTu-like, domain 2",0.000030256616306957186,0.0013428028597283516,12,0.00006496928803467389,41.87291892420511
IPR010360,Protein of unknown function DUF956,0.000030393016858572713,0.00013595289253717262,5,0.00006521415537865932,41.85658126114803
IPR005031,"Coenzyme Q-binding protein COQ10, START domain",0.00003087843353461739,1.2866204341057344e-6,1,0.00006620699425510611,41.79096128295281
IPR040491,Domain of unknown function DUF5626,0.00003100021997759088,0.00002058592694569175,2,0.00006641928101003306,41.777058299581284
IPR006660,Arsenate reductase-like,0.00003122081063556314,0.000700243171262046,24,0.00006684279281446558,41.74945412779658
IPR002736,Triphosphoribosyl-dephospho-CoA protein,0.00003139503948316364,0.00009590683152563162,4,0.00006716649679596858,41.72847302614744
IPR002678,DUF34/NIF3,0.000031646218326303056,0.0002861122190342627,9,0.00006765423214039568,41.69705030733306
IPR006680,Amidohydrolase-related,0.00003270724650281486,0.0014895848075859141,17,0.0000698713046170023,41.55701147647682
IPR004006,DhaK domain,0.00003294002851843541,0.0002868627476208244,9,0.00007031707405545949,41.529392088672445
IPR039447,"Urease accessory protein UreH-like, transmembrane domain",0.00003297948751432028,0.000020907582054218186,2,0.00007034980657773075,41.52737092292344
IPR045489,Domain of unknown function DUF6429,0.00003350520161241097,1.3402296188601401e-6,1,0.00007136681366091335,41.46503692907834
IPR040754,Pre ATP-grasp domain,0.00003350520161241097,1.3402296188601401e-6,1,0.00007136681366091335,41.46503692907834
IPR041679,"DNA2/NAM7 helicase-like, C-terminal",0.000033775636393893916,0.00009681818766645652,4,0.00007189033264568954,41.43329506848151
IPR040763,"Ribonucleotide reductase, alpha helical domain",0.0000340038315419433,0.000021068409608481403,2,0.00007232324783100414,41.407220791669346
IPR006175,YjgF/YER057c/UK114 family,0.000035370956826950606,0.0002882029772396845,9,0.00007517617354765887,41.23919783562737
IPR032692,"Integral membrane protein YccS, N-terminal",0.000036239177495370354,1.3938388036145456e-6,1,0.00007696536167261469,41.13704685464511
IPR019593,Spore coat protein Z/Y,0.000036909901813354904,0.0000574154368719684,3,0.00007833280472179249,41.06056323177924
IPR041415,"BclA, C-terminal domain",0.00003708598688120442,0.00009799758973105344,4,0.00007864926381497606,41.04305338172161
IPR001347,SIS domain,0.00003901598706084423,0.0023743507927726244,150,0.00008268213537021931,40.82588315698261
IPR002201,"Glycosyl transferase, family 9",0.0000390803603127385,1.4474479883689514e-6,1,0.00008274436299044448,40.822615831175895
IPR031998,Protein of unknown function DUF5065,0.000039102102949531034,0.00002181893819504308,2,0.00008274436299044448,40.822615831175895
IPR003442,tRNA threonylcarbamoyl adenosine modification protein TsaE,0.00003959621157524209,0.000254965282691953,8,0.00008372918995896007,40.771231103688656
IPR010406,Protein of unknown function DUF1003,0.0000396377843423172,0.000058112356273775674,3,0.00008375636169724418,40.7698219629016
IPR020058,"Glutamyl/glutaminyl-tRNA synthetase, class Ib, catalytic domain",0.000040049825969860984,0.00029056178136887834,9,0.00008456574404642624,40.72805525665828
IPR000524,"Transcription regulator HTH, GntR",0.00004027439169150337,0.003224056371129953,139,0.00008497838362693476,40.706915338793486
IPR000307,Small ribosomal subunit protein bS16,0.0000404128398039344,0.0002553405469852339,8,0.00008520885095319791,40.69515291143094
IPR000847,"Transcription regulator HTH, LysR",0.000041578562633632535,0.002323422067255939,144,0.00008760338774542809,40.57479098732639
IPR021375,Protein of unknown function DUF2997,0.000042028749159277,1.5010571731233569e-6,1,0.00008848796573895431,40.531157888337326
IPR000192,Aminotransferase class V domain,0.00004334207194947392,0.0013164807500139384,58,0.00009118721630928279,40.40066041885211
IPR002102,"Cellulosome anchoring protein, cohesin domain",0.000043909232164632275,0.000022462248412095947,2,0.00009231385796111587,40.347330987110006
IPR010310,Type VII secretion system ESAT-6-like,0.00004425038625112652,0.000220065703416835,7,0.00009296406794545024,40.31684880568981
IPR014867,Spore coat protein CotH/Invasin CotH2/3/7,0.000044632469084253634,0.0000592917583383726,3,0.00009369926555052814,40.28263813259532
IPR012545,Protein of unknown function DUF1697,0.00004608121635415496,0.00005961341344689903,3,0.00009667109848109053,40.14703346457638
IPR002495,"Glycosyl transferase, family 8",0.00004683136462054342,0.00018248566490399666,6,0.00009817416192200187,40.08002797459668
IPR045691,Protein of unknown function DUF6056,0.00004883800871523927,0.00006020311447919749,3,0.00010230720791209605,39.90093767596009
IPR002939,"Chaperone DnaJ, C-terminal",0.00004945970495991245,0.0002590931899180423,8,0.00010353517563754825,39.84912075425294
IPR000305,GIY-YIG endonuclease,0.00005124347454285177,0.0006160231420128748,20,0.00010719223225750053,39.698366848851535
IPR046726,Protein of unknown function DUF6618,0.00005151714230432121,1.6618847273865737e-6,1,0.00010761030584484287,39.68146134271699
IPR007746,Broad mercury transporter MerE,0.00005151714230432121,1.6618847273865737e-6,1,0.00010761030584484287,39.68146134271699
IPR002509,NodB homology domain,0.00005359359805577412,0.0008208638369594586,29,0.00011186752464612551,39.51295971684135
IPR001638,Solute-binding protein family 3/N-terminal domain of MltF,0.00005511289110083006,0.001189534200515506,8,0.00011495650246782579,39.39466458009098
IPR000653,DegT/DnrJ/EryC1/StrS aminotransferase,0.000057285428056764654,0.0001454417182387024,5,0.00011940265061724498,39.22986032204423
IPR027379,Cardiolipin synthase N-terminal,0.000058409140139078594,0.0005413455476499878,17,0.00012157105827662611,39.15169802750633
IPR007301,TQO small subunit DoxD,0.00005837874973255091,1.769103096895385e-6,1,0.00012157105827662611,39.15169802750633
IPR012000,"Thiamine pyrophosphate enzyme, central domain",0.00005936899436334239,0.0008590335765045954,31,0.00012348073292689472,39.08400801402759
IPR046107,Protein of unknown function DUF6044,0.00006100152523699759,0.00002439217906325455,2,0.00012678577875344617,38.96929457458042
IPR041164,SLOG cluster4,0.00006197035381321423,1.8227122816497904e-6,1,0.00012870765791975265,38.903956124324466
IPR040570,"L-amino acid ligase, C-terminal domain 2",0.00006207773614972638,0.00002449939743276336,2,0.00012883891716199437,38.8995293390316
IPR020811,"Enolase, N-terminal",0.00006356627584027698,0.0002995681244076185,9,0.00013183446682094428,38.7997103288876
IPR025940,"Toxin SpoIISA, type II toxin-antitoxin system",0.00006483032218972342,0.00002476744335653539,2,0.00013436049716079138,38.717283978507005
IPR028964,Immunity protein 8,0.00006566915662094486,1.8763214664041962e-6,1,0.00013590579184292068,38.66762034718414
IPR024422,"Protein of unknown function, OB-fold-containing",0.00006566915662094486,1.8763214664041962e-6,1,0.00013590579184292068,38.66762034718414
IPR020139,Protein of unknown function DUF2642,0.00006652503867060962,0.000024928270910798605,2,0.00013757944167623945,38.61446457333142
IPR002178,PTS EIIA type-2 domain,0.00006822728916206949,0.0021595923986464753,52,0.0001409998406779551,38.507813780731595
IPR022205,Protein of unknown function DUF3732,0.00006947515697467266,1.9299306511586017e-6,1,0.00014347702389387075,38.43217640358731
IPR032250,Domain of unknown function DUF4825,0.00007001353037810429,0.000025249926019325038,2,0.0001444865212898458,38.40172665035274
IPR011337,DNA mismatch repair MutH/Type II restriction enzyme Sau3AI,0.00007241391317459944,0.00002546436275834266,2,0.0001493344913841103,38.25839872865857
IPR006131,"Aspartate/ornithine carbamoyltransferase, Asp/Orn-binding domain",0.00007249548792653673,0.000648831963082571,21,0.00014939706204507498,38.256579430169914
IPR045390,"ABC-three component system, Middle Component 3",0.00007338835365885118,1.9835398359130074e-6,1,0.0001509170939839281,38.212615660399216
IPR006783,"Transposase, ISC1217",0.00007338835365885118,1.9835398359130074e-6,1,0.0001509170939839281,38.212615660399216
IPR004233,"FokI, recognition domain, subdomain 2",0.00007338835365885118,1.9835398359130074e-6,1,0.0001509170939839281,38.212615660399216
IPR003488,DNA recombination-mediator protein A,0.00007446776179768783,0.0002669201308921855,8,0.00015302888893732044,38.15226574922662
IPR008269,"Peptidase S16, Lon proteolytic domain",0.00007581920692962765,0.0003031063306014093,9,0.00015569634324422128,38.07721587351634
IPR046473,"Sgo0707-like, N2 domain",0.00007740874542345829,2.0371490206674127e-6,1,0.00015873692099493977,37.99322047917721
IPR046306,Protein of unknown function DUF6421,0.00007740874542345829,2.0371490206674127e-6,1,0.00015873692099493977,37.99322047917721
IPR006140,"D-isomer specific 2-hydroxyacid dehydrogenase, NAD-binding domain",0.00007923608095383852,0.001302810407901565,56,0.00016236993117455596,37.894943934079414
IPR022555,"Protein of unknown function, DUF2577",0.00007998478354550303,0.00002610767297539553,2,0.0001637890651816621,37.85715095797727
IPR005883,Type IV pilus inner membrane component PilM,0.00008064130765848474,0.000026161282160149933,2,0.00016501758114536243,37.82469783133605
IPR017259,Uncharacterised conserved protein UCP037672,0.00008073408165399294,0.00006556403295463805,3,0.00016509157230227447,37.8227509630739
IPR005499,6-carboxyhexanoate--CoA ligase,0.00008112319369375846,0.00006561764213939246,3,0.00016577101107988765,37.804914136457
IPR004234,"FokI, recognition domain, subdomain 1",0.00008153633098399684,2.0907582054218185e-6,1,0.000166382044191277,37.78893544207639
IPR029243,Lantibiotic alpha component,0.00008153633098399684,2.0907582054218185e-6,1,0.000166382044191277,37.78893544207639
IPR000160,GGDEF domain,0.00008511881772815734,0.0009038508549592785,33,0.00017357095978692784,37.60522935031019
IPR015217,"Invasin, domain 3",0.00008577110902149531,2.144367390176224e-6,1,0.00017477886366644327,37.57511088566888
IPR004030,"Nitric oxide synthase, N-terminal",0.00008586306930278705,0.00010930912771423302,4,0.00017482610148882082,37.57393726814251
IPR024976,Domain of unknown function DUF3885,0.00008591419870832656,0.00006626095235644533,3,0.00017482610148882082,37.57393726814251
IPR010026,"Phage holin, LL-H family",0.00008603943620293229,0.00002659015563818518,2,0.0001749588535339962,37.570640757951246
IPR003697,Nucleoside triphosphate pyrophosphatase Maf-like protein,0.00008618570493840808,0.00010936273689898743,4,0.00017513415721282085,37.56629143223512
IPR012861,Protein of unknown function DUF1634,0.00008965820238820351,0.00006674343501923497,3,0.0001820635920362127,37.39776893077327
IPR002469,"Dipeptidylpeptidase IV, N-terminal domain",0.0000901130781825086,2.19797657493063e-6,1,0.00018285994153110303,37.37881423432409
IPR018969,"Xylulose 5-phosphate/Fructose 6-phosphate phosphoketolase, C-terminal",0.00009047549654820936,0.0001100596563007947,4,0.00018346769675561787,37.36440391116346
IPR018970,"Xylulose 5-phosphate/Fructose 6-phosphate phosphoketolase, N-terminal",0.00009217345443171704,0.00011032770222456673,4,0.00018678095422021329,37.28667410219232
IPR008902,"Alpha-L-rhamnosidase, concanavalin-like domain",0.00009316122977906379,0.000027126247485729234,2,0.00018852057323785567,37.24641248343448
IPR011491,Flagellar hook protein FlgE,0.00009316122977906379,0.000027126247485729234,2,0.00018852057323785567,37.24641248343448
IPR040576,Dynamin-like helical domain,0.00009456223707911866,2.2515857596850352e-6,1,0.000190958090943705,37.19061935731292
IPR041329,"YubB, ferredoxin-like domain",0.00009456223707911866,2.2515857596850352e-6,1,0.000190958090943705,37.19061935731292
IPR015214,"Pesticidal crystal protein, central domain, Cry2A/18",0.00009456223707911866,2.2515857596850352e-6,1,0.000190958090943705,37.19061935731292
IPR005502,ADP-ribosylation/Crystallin J1,0.00009485803740808855,0.00006738674523628784,3,0.00019142286303251642,37.18006192495047
IPR006485,Bacteriophage-like holin,0.00009519399693107442,0.00015359031432137204,5,0.00019196797721370194,37.167712112927106
IPR007160,Domain of unknown function DUF362,0.00009538107814348025,0.00002728707503999245,2,0.00019221231780676464,37.16218784284061
IPR004027,SEC-C motif,0.0000963656722414248,0.000272013003443854,8,0.00019406236205524497,37.12058686851434
IPR013102,"Pyrimidine nucleoside phosphorylase, C-terminal",0.00009823776021828992,0.00023475462003954214,7,0.00019769586528401201,37.040024136560575
IPR000425,Major intrinsic protein,0.00010076539533043079,0.0004984581998464633,15,0.00020264268467830082,36.93269069500333
IPR012925,TipAS antibiotic-recognition domain,0.00010186443077617828,0.0002354515394413494,7,0.00020471170237307778,36.88857330123105
IPR009105,Colicin E3-like ribonuclease domain,0.00010378211835509684,2.3588041291938467e-6,1,0.00020827849767616132,36.81355563574155
IPR031707,Putative abortive phage resistance protein AbiGii toxin,0.00010378211835509684,2.3588041291938467e-6,1,0.00020827849767616132,36.81355563574155
IPR006472,"Citrate lyase, alpha subunit",0.00010455388055059327,0.00006851253811613036,3,0.00020968302316748966,36.784367304461675
IPR010895,CHRD,0.00010545981675512671,0.000027983994441799726,2,0.00021135451935254263,36.74988461301314
IPR021462,Protein of unknown function DUF3114,0.00010626669657513168,0.00002803760362655413,2,0.00021282533462437087,36.71976675095683
IPR026891,Fibronectin type III-like domain,0.00010793826937135737,0.00011263289716900618,4,0.00021602470383450795,36.654965816012236
IPR040704,"HEPN, AbiU2-like",0.00010855283778627105,2.412413313948252e-6,1,0.0002171056755725421,36.633288230788914
IPR025889,General stress protein 17M-like domain,0.00011283646714374207,0.0001978715009285111,6,0.00022551825784177649,36.46818292105528
IPR039564,Peptidase C39-like,0.00011550165588545492,0.000346422551882969,10,0.000230686868878073,36.369771256180364
IPR003000,Sirtuin family,0.00011824533490619292,0.0002383464354180873,7,0.00023587206301203418,36.27323494460751
IPR004365,"OB-fold nucleic acid binding domain, AA-tRNA synthetase-type",0.00011842136496900483,0.0013952326424181603,15,0.00023587206301203418,36.27323494460751
IPR025559,Enhanced intracellular survival protein domain,0.00011829340215318606,0.00015723573888467164,5,0.00023587206301203418,36.27323494460751
IPR046680,Protein of unknown function DUF6550,0.00011841582660598009,2.5196316834570635e-6,1,0.00023587206301203418,36.27323494460751
IPR048327,"Dyp-type peroxidase, N-terminal domain",0.0001228593261955683,0.00011456282782016477,4,0.0002445445700930219,36.1164197588019
IPR025364,Domain of unknown function DUF4268,0.00012350809283950438,2.5732408682114688e-6,1,0.00024566821195088316,36.09651035084637
IPR007348,CopC domain,0.0001241676125371691,0.00007054968713679777,3,0.0002468116960861521,36.076342634989366
IPR015590,Aldehyde dehydrogenase domain,0.00012523447626423885,0.0015498951404346204,21,0.0002487627607537605,36.042146320584216
IPR031339,Domain of unknown function DUF4942,0.00013401416080785998,2.6804592377202802e-6,1,0.0002660213021890536,35.75083584975191
IPR048328,"Dyp-type peroxidase, C-terminal domain",0.0001361298119215616,0.00011611749417804254,4,0.0002700370963015467,35.68576570609878
IPR012614,"Small acid-soluble spore protein, SspP",0.00013752890633082497,0.000029913925092958325,2,0.00027262698223024174,35.644311637111755
IPR025983,Cysteine-rich CPCC domain,0.0001395010543673662,0.00003002114346246714,2,0.0002761609467313238,35.58837737119704
IPR032575,Lipocalin-like domain (DUF4923),0.00013942795918087935,2.7340684224746855e-6,1,0.0002761609467313238,35.58837737119704
IPR003760,ABC transporter substrate-binding protein PnrA-like,0.00014166597744394828,0.00020210662652410912,6,0.0002802564384169289,35.5244440143834
IPR005593,Xylulose 5-phosphate/Fructose 6-phosphate phosphoketolase,0.0001419689951281484,0.0001167608043950954,4,0.0002806654846058852,35.51810992306316
IPR004843,"Calcineurin-like phosphoesterase domain, ApaH type",0.00014462852486143532,0.001988418271725658,43,0.00028572952472625027,35.44044881202171
IPR008701,Necrosis inducing protein,0.00014494893151447677,2.7876776072290913e-6,1,0.0002859750232044751,35.436718960952724
IPR049239,Domain of unknown function DUF6874,0.00014494893151447677,2.7876776072290913e-6,1,0.0002859750232044751,35.436718960952724
IPR040628,Bacterial archaeo-eukaryotic release factor family 6,0.00014670724569885692,0.00007258683615746519,3,0.0002892483627166104,35.38729090682708
IPR022488,Polyphosphate kinase-2-related,0.0001490506593053782,0.00011751133298165708,4,0.00029367008279356947,35.32140294333377
IPR001236,"Lactate/malate dehydrogenase, N-terminal",0.0001521765203875298,0.000642077205803516,20,0.0002996264236664665,35.23419889415456
IPR026487,Sporadically distributed protein CHP04141,0.0001528387955537418,0.00003071806286427441,2,0.0003007273467170791,35.218270774255494
IPR006114,"6-phosphogluconate dehydrogenase, C-terminal",0.00015526017699358017,0.0003529092632382521,10,0.00030528568854570453,35.152935544675074
IPR041380,"Eis-like, acetyltransferase domain",0.0001558381154521377,0.00016200695632781373,5,0.00030621559613101985,35.13972693647068
IPR032701,Prokaryotic E2 family B domain,0.000156312390960674,2.8948959767379027e-6,1,0.00030673414000089187,35.13237883656103
IPR041501,"Defence against restriction A, C-terminal",0.000156312390960674,2.8948959767379027e-6,1,0.00030673414000089187,35.13237883656103
IPR005532,Sulfatase-modifying factor enzyme,0.00015821366814612207,0.00003098610878804644,2,0.00031025625844928847,35.082794492085156
IPR009366,Protein Veg,0.00015992170300200832,0.0002443506641105807,7,0.0003133949502378066,35.03908005638725
IPR011541,"Nickel/cobalt transporter, high-affinity",0.00016053726075542757,0.0000737126290373077,3,0.00031438996129135445,35.02531329761684
IPR045788,MobC-like protein,0.00016215487443575188,2.948505161492308e-6,1,0.0003169193122350218,34.99051295232069
IPR004104,"Gfo/Idh/MocA-like oxidoreductase, C-terminal",0.00016196815437592344,0.0007314437167891101,24,0.0003169193122350218,34.99051295232069
IPR019476,"Type IV secretion system coupling protein TraD, DNA-binding domain",0.00016215487443575188,2.948505161492308e-6,1,0.0003169193122350218,34.99051295232069
IPR003778,"Carboxyltransferase domain, subdomain A and B",0.00016311534561724153,0.0002047870857618294,6,0.0003185829523240967,34.9677746742271
IPR007346,Endonuclease I,0.00016597365644656015,0.00003136137308132728,2,0.0003239485824619607,34.89523916105428
IPR019649,Protein of unknown function DUF2512,0.00016678287479823665,0.00007419511170009735,3,0.000325310276195089,34.87702217614758
IPR008316,Uncharacterised conserved protein UCP029876,0.00016748895940907254,0.00007424872088485176,3,0.00032646912141501034,34.86157889529033
IPR027351,(+) RNA virus helicase core domain,0.0001681045245963659,3.0021143462467138e-6,1,0.00032745009600735,34.84854877901369
IPR041471,"UvrB, interaction domain",0.0001692330771647118,0.0005107347031552222,15,0.0003294283397945925,34.822390424249434
IPR013529,"Glycoside hydrolase, family 42, N-terminal",0.00017105625572209863,0.00007451676680862379,3,0.0003327551979223747,34.77875151746982
IPR004313,Acireductone dioxygenase ARD family,0.0001716876875747786,0.000031629419005099305,2,0.00033365396172276235,34.76703714079748
IPR014043,Acyl transferase,0.0001717471181570186,0.0003203148789075735,9,0.00033365396172276235,34.76703714079748
IPR027470,"Cation efflux protein, cytoplasmic domain",0.00017254400848906024,0.00035526806736744593,10,0.0003349789139507987,34.74982529808018
IPR019650,Protein of unknown function DUF2513,0.00017401386306249985,0.00003173663737460812,2,0.00033760773432485,34.715876125910285
IPR043718,Domain of unknown function DUF5659,0.00017416133953760334,3.0557235310011195e-6,1,0.00033766919288008736,34.71508560248489
IPR009295,S. aureus uracil DNA glycosylase inhibitor,0.0001768933619292174,0.00007494564028665903,3,0.00034273823480770625,34.65037444330685
IPR002477,Peptidoglycan binding-like,0.00018521698446851618,0.00042260120341897935,12,0.0003586273085725054,34.4535664307617
IPR008769,Poly granule associated,0.00018659645597000484,3.1629419005099305e-6,1,0.00036105857041044065,34.42422341743139
IPR035115,Protein of unknown function DUF5514,0.00019297475347905335,3.2165510852643363e-6,1,0.0003731527726425196,34.28113327086939
IPR049514,"Filamentation induced by cAMP protein Fic-like, C-terminal domain",0.0001994602078044965,3.2701602700187416e-6,1,0.0003851827589125244,34.14333160479819
IPR008628,Golgi phosphoprotein 3-like,0.0001994602078044965,3.2701602700187416e-6,1,0.0003851827589125244,34.14333160479819
IPR032758,Antitoxin MqsA/HigA-2,0.00020605281686913787,3.3237694547731473e-6,1,0.00039765057180040107,34.00498388718379
IPR013611,"Transport-associated OB, type 2",0.00020904056181147675,0.00039316976098881067,11,0.0004031496549221338,33.94533707600898
IPR015037,Protein of unknown function DUF1919,0.00021275257856132753,3.377378639527553e-6,1,0.0004100373556409988,33.87176575939452
IPR012652,Energy coupling factor transporter S component ThiW,0.00021315161906471607,0.00012319390656562407,4,0.0004105350866530463,33.866497196928286
IPR025156,"Ribonuclease M5, C-terminal domain",0.0002175504245075535,0.0002506765479116006,7,0.0004187307180620633,33.780651781211866
IPR004014,"Cation-transporting P-type ATPase, N-terminal",0.0002187163313964022,0.0006257800136381766,19,0.00042069711236933296,33.76030468934675
IPR021005,"Zinc finger, CGNR",0.0002214338010691201,0.00003372017721052112,2,0.00042564335129700344,33.709541460554114
IPR024623,Uncharacterised protein family YtxH,0.00022246743543710988,0.00021084492363907724,6,0.0004273485123416419,33.692178035404346
IPR004341,CAT RNA-binding domain,0.00022296978506416992,0.0005174894604342773,15,0.00042803152945827485,33.68524239011577
IPR012312,Hemerythrin-like,0.0002292379507240776,0.00016897615034588647,5,0.00043977491073119096,33.56769550877471
IPR010621,Domain of unknown function DUF1214,0.0002386990241003789,0.000034363487427573994,2,0.000457624164547472,33.39491050970842
IPR015109,"Restriction endonuclease, type II, EcoRII, C-terminal",0.00024062310816676063,3.5918153785451756e-6,1,0.0004610098445560276,33.36289800443953
IPR010679,Domain of unknown function DUF1254,0.00024316749599648932,0.000034524314981837206,2,0.0004655787382309671,33.32006861003801
IPR024951,Sulphate adenylyltransferase catalytic domain,0.00024671568451070734,0.00007934159343652029,3,0.0004720622939850542,33.260006874912314
IPR019719,Protein of unknown function DUF2599,0.00024785860011614953,3.645424563299581e-6,1,0.00047331740532985725,33.24847524900849
IPR025980,ATP-sulfurylase PUA-like domain,0.0002476886269132876,0.00007939520262127469,3,0.00047331740532985725,33.24847524900849
IPR045474,GEVED domain,0.00024785860011614953,3.645424563299581e-6,1,0.00047331740532985725,33.24847524900849
IPR005479,"Carbamoyl-phosphate synthetase large subunit-like, ATP-binding domain",0.00025354082713039777,0.0012424464658681042,11,0.0004838514737645549,33.152879317931166
IPR001857,Large ribosomal subunit protein bL19,0.0002585616373751524,0.0002543219724749002,7,0.0004927880618208787,33.073398218422454
IPR035391,"Arylsulfotransferase, N-terminal domain",0.0002585131204592803,0.000035060406829381266,2,0.0004927880618208787,33.073398218422454
IPR049484,"Transcriptional regulator Rv0078-like, C-terminal domain",0.0002626509993647036,3.7526429328083923e-6,1,0.0005002549406580507,33.00808613456503
IPR004183,"Extradiol ring-cleavage dioxygenase, class III enzyme, subunit B",0.00026805964182598295,0.0000353820619379077,2,0.0005102231824833984,32.92239812688424
IPR040890,"CopZ, zinc binding domain",0.0002702079019238409,3.8062521175627976e-6,1,0.0005139766745009263,32.890565898868196
IPR024229,Protein of unknown function DUF3781,0.0002729300744980317,0.00003554288949217092,2,0.0005184782392418636,32.85269466421517
IPR007577,"Glycosyltransferase, DXD sugar-binding motif",0.0002729300744980317,0.00003554288949217092,2,0.0005184782392418636,32.85269466421517
IPR007404,"LexA-binding, inner membrane-associated putative hydrolase",0.000275282327182972,0.0002556622020937603,7,0.0005226062930114234,32.81825364980525
IPR006748,Aminoglycoside/hydroxyurea antibiotic resistance kinase,0.00027787193655546134,3.859861302317203e-6,1,0.0005268365195030723,32.78324128036468
IPR018841,Protein of unknown function DUF2442,0.00027787193655546134,3.859861302317203e-6,1,0.0005268365195030723,32.78324128036468
IPR000890,"Aliphatic acid kinase, short-chain",0.00028897897015399686,0.00046452358589692456,13,0.0005475391013444151,32.61584861160445
IPR025234,YjzH-like,0.00029135339986269894,0.00003613259052446938,2,0.0005516795545452143,32.583131108632266
IPR018484,"Carbohydrate kinase FGGY, N-terminal",0.0002928967857887022,0.0009754727257911644,35,0.0005542420683710939,32.563005132559894
IPR019070,Type II restriction endonuclease SinI,0.0002935213921772314,3.967079671826015e-6,1,0.0005550637999927411,32.55657095449702
IPR025626,YyzF-like protein,0.00029827677591968326,0.000036347027263486996,2,0.0005636909128851565,32.48958966271958
IPR028883,tRNA-specific adenosine deaminase,0.0002995596182305006,0.0002574849143754101,7,0.0005657486054145984,32.47376507919395
IPR000489,Pterin-binding domain,0.0003003015116352525,0.00025753852356016454,7,0.000566782658853331,32.46583445791405
IPR000045,"Prepilin type IV endopeptidase, peptidase domain",0.0003079077057332035,0.00012935896281238073,4,0.0005807625290543475,32.360014121941546
IPR002723,"N(4)-bis(aminopropyl)spermidine synthase, C-terminal",0.0003095993461677808,4.0742980413348254e-6,1,0.0005828222681893148,32.344638632730366
IPR046007,Protein of unknown function DUF5963,0.0003095993461677808,4.0742980413348254e-6,1,0.0005828222681893148,32.344638632730366
IPR013517,FG-GAP repeat,0.0003095993461677808,4.0742980413348254e-6,1,0.0005828222681893148,32.344638632730366
IPR040619,"Cas9, alpha-helical lobe domain",0.00031779900363123524,4.127907226089231e-6,1,0.0005978721900572142,32.23391647258201
IPR025184,"Adenylyltransferase AadA, C-terminal domain",0.00032042113294484403,0.00008298701799981988,3,0.0006024165207396294,32.201031265024504
IPR015058,Protein of unknown function DUF1878,0.0003601636870769475,0.000038116130360382386,2,0.0006762793006950681,31.698739050949662
IPR011613,GH15-like domain,0.00036040398946506714,4.39595314986126e-6,1,0.0006762793006950681,31.698739050949662
IPR039567,Glycine zipper domain,0.00036040398946506714,4.39595314986126e-6,1,0.0006762793006950681,31.698739050949662
IPR011116,SecA Wing/Scaffold,0.0003619922273546864,0.00037253022485836455,10,0.0006788227234509747,31.6824362819262
IPR002150,Large ribosomal subunit protein bL31 type A/B,0.00036608233885165913,0.0002618808675252714,7,0.000686051478207865,31.636432955719364
IPR016040,NAD(P)-binding domain,0.00037422720905456715,0.00124823625782158,50,0.0007008648308305188,31.543657322256852
IPR043749,Protein of unknown function DUF5694,0.00037819572528910553,4.5031715193700704e-6,1,0.0007073885406946964,31.503419797960333
IPR024442,"Transposase, zinc-ribbon",0.00037819572528910553,4.5031715193700704e-6,1,0.0007073885406946964,31.503419797960333
IPR019060,Domain of unknown function DUF2382,0.0003848741545554667,0.00003875944057743525,2,0.0007194186119767569,31.430183308012943
IPR001264,"Glycosyl transferase, family 51",0.0003915268061126068,0.0007645205837825784,1,0.0007313851163512885,31.358538817779518
IPR000326,Phosphatidic acid phosphatase type 2/haloperoxidase,0.0003940610221289701,0.0006412194588474454,19,0.0007356478492497291,31.33330030400137
IPR046639,Protein of unknown function DUF6751,0.0003964158509066817,4.610389888878882e-6,1,0.0007395704550504696,31.31020446708161
IPR014030,"Beta-ketoacyl synthase, N-terminal",0.00039761901117342307,0.0004725649636100854,13,0.0007413408162287096,31.299820881354933
IPR024041,Ammonium transporter AmtB-like domain,0.0004015741783145498,0.0002230142085783273,6,0.000748236615952222,31.259610428407036
IPR045352,Protein of unknown function DUF6530,0.00040861186679938224,0.00003934914160973371,2,0.0007608634761091945,31.186932629292095
IPR000801,Esterase-like,0.0004096806430475712,0.0004419541191153198,12,0.0007623667869347271,31.17836032313555
IPR004456,"2,3-bisphosphoglycerate-independent phosphoglycerate mutase",0.00041506434295025645,4.717608258387693e-6,1,0.0007714006526723695,31.127199980187342
IPR028946,Bacterial toxin 44,0.00041506434295025645,4.717608258387693e-6,1,0.0007714006526723695,31.127199980187342
IPR003846,Protein adenylyltransferase SelO,0.0004175075626772095,0.00003956357834875134,2,0.0007754471673673523,31.104477861191647
IPR021464,Protein of unknown function DUF3116,0.0004197537757926662,0.00003961718753350574,2,0.0007791228581867693,31.083940539763397
IPR007358,Nucleoid-associated protein NdpA,0.0004201209156608814,0.00008695409767164589,3,0.0007793082634014823,31.082907186913463
IPR025549,YjzC-like protein,0.00042200895064455817,0.00003967079671826014,2,0.0007823128417543113,31.06619540702127
IPR024437,Domain of unknown function DUF3825,0.0004245492189288493,4.771217443142098e-6,1,0.000786521932907576,31.042891621596777
IPR049177,"MgtC/SapB/SrpB/YhiD, N-terminal domain",0.00043068336944464925,0.00022451526575145066,6,0.0007973794954289507,30.983349363893954
IPR046655,Domainn of unknown function DUF6673,0.0004341411775015741,4.824826627896504e-6,1,0.0008032713664940294,30.951377136730628
IPR021328,Spore coat protein CotB-like,0.00043628520420250567,0.00013552401905913736,4,0.0008067264777771125,30.932736887322775
IPR021223,Abortive phage resistance protein AbiGi,0.00044384021559260776,4.87843581265091e-6,1,0.0008201762158859595,30.860928288783953
IPR001451,Hexapeptide repeat,0.0004444252625524339,0.0022817677307017657,64,0.0008207372169746024,30.857958727053845
IPR025747,ThiC-associated domain,0.00045453535234899113,0.00004042132530482182,2,0.0008388766376263659,30.76301900359946
IPR025897,Antitoxin SpoIISB,0.00046355951785424467,4.985654182159721e-6,1,0.0008539100152008702,30.68587892731088
IPR049449,"Acyl-CoA thioesterase-like, N-terminal HotDog domain",0.00046355951785424467,4.985654182159721e-6,1,0.0008539100152008702,30.68587892731088
IPR046028,Protein of unknown function DUF5986,0.00046355951785424467,4.985654182159721e-6,1,0.0008539100152008702,30.68587892731088
IPR033755,PdxS/SNZ N-terminal domain,0.00046404509757057196,0.0001366498119389799,4,0.0008542648387094621,30.6840746870284
IPR006683,Thioesterase domain,0.0004663919785264548,0.0007164331450578765,22,0.0008580435390429921,30.66490674521488
IPR003462,Ornithine cyclodeaminase/mu-crystallin,0.0004711397005893944,0.00018296814756678633,5,0.0008662316310962638,30.623659617286094
IPR001109,"Hydrogenase expression/formation protein, HupF/HypC",0.00047357977570114195,5.039263366914127e-6,1,0.0008696213009726258,30.606698309484734
IPR049450,"Acyl-CoA thioesterase-like, C-terminal domain",0.00047357977570114195,5.039263366914127e-6,1,0.0008696213009726258,30.606698309484734
IPR025672,Sigma factor regulator C-terminal domain,0.0004956225599045479,0.00008947372935510295,3,0.0009095251004919205,30.41185311053809
IPR004703,"Phosphotransferase system, sugar-specific permease component",0.00050856395205848,0.0005672387838863657,16,0.0009326870969827217,30.302640313297427
IPR024131,Uncharacterised protein family UPF0489,0.0005147314431469842,5.253700105931749e-6,1,0.0009434047066100603,30.25301961406324
IPR009425,Single-strand annealing protein SAK3,0.000525127799706522,0.00004192238247794518,2,0.0009615423097079066,30.170316012139526
IPR029319,"DNA ligase, OB-like domain",0.0005252870025256156,5.307309290686155e-6,1,0.0009615423097079066,30.170316012139526
IPR031564,"Putative Flagellin, Flp1-like domain",0.0005685797085444287,5.521746029703777e-6,1,0.0010401370326948269,29.82909440871608
IPR025915,Phage protein (N4 Gp49/phage Sf6 gene 66) family,0.0005796704848178469,5.5753552144581825e-6,1,0.0010597612123691797,29.747919798606578
IPR045678,Protein of unknown function DUF6198,0.0006006017490640856,0.00004336983046631413,2,0.001096652911879069,29.59930803881374
IPR041479,"TetR transcriptional regulator CgmR-like, C-terminal domain",0.0006006017490640856,0.00004336983046631413,2,0.001096652911879069,29.59930803881374
IPR024556,Protein of unknown function DUF3599,0.0006021731323053519,5.682573583966994e-6,1,0.001098834076221781,29.590678810264922
IPR009242,Protein of unknown function DUF896,0.0006233853597261837,0.00035049684992430384,9,0.0011368303370616333,29.443043454934397
IPR005359,Protein with unknown function UPF0154,0.0006321561613118876,0.00023298551694264676,6,0.0011521046039909152,29.38508087862769
IPR040657,"GshAB, ATP-grasp-like domain",0.000638696815000094,0.00009349441821168337,3,0.0011632978841600713,29.34309061813409
IPR022383,"Lactate/malate dehydrogenase, C-terminal",0.0006479083709880159,0.000667327131822841,20,0.001179338832584928,29.28361401028049
IPR012893,"HipA-like, C-terminal",0.0006484627052680329,5.897010322984616e-6,1,0.0011796115087720424,29.282609989450876
IPR015358,"Transcription regulator MerR, DNA binding",0.0006603026348185417,5.950619507739022e-6,1,0.001199652637464715,29.209444868447054
IPR013514,"Protein of unknown function DUF3199, YqbG",0.0006603026348185417,5.950619507739022e-6,1,0.001199652637464715,29.209444868447054
IPR021866,SpoIIAA-like,0.0006722495713482932,6.0042286924934275e-6,1,0.0012205976027718699,29.134274873238553
IPR032359,Kiwa protein KwaB-like,0.0006843035110247842,6.057837877247833e-6,1,0.0012417106646846737,29.05979588837043
IPR007060,Septum formation initiator FtsL/DivIC,0.0006860609533956953,0.0004553564153039212,12,0.001244125460262343,29.0513582225592
IPR001279,Metallo-beta-lactamase,0.0007189734876485562,0.0028130347516179253,108,0.0013029998073233,28.850556485072417
IPR005474,"Transketolase, N-terminal",0.0007231635965801594,0.0003542494928571122,9,0.0013097795326880402,28.82801800370871
IPR028912,Tox-MPTase4 domain,0.0007335892233450716,6.272274616265455e-6,1,0.0013262117626109576,28.773871245054625
IPR010262,"Arylsulfotransferase, bacteria",0.0007336006766431668,0.000045621416225999165,2,0.0013262117626109576,28.773871245054625
IPR032240,"CRISPR-associated endonuclease Cas9, REC lobe",0.0007336006766431668,0.000045621416225999165,2,0.0013262117626109576,28.773871245054625
IPR013595,"Peptidase S33 tripeptidyl aminopeptidase-like, C-terminal",0.000758873996214372,6.379492985774267e-6,1,0.0013710511604467838,28.629463393131992
IPR012654,Conserved hypothetical protein CHP02391,0.0007716768477209063,6.4331021705286726e-6,1,0.0013924564900706453,28.56218366292435
IPR011635,CARDB domain,0.0007716768477209063,6.4331021705286726e-6,1,0.0013924564900706453,28.56218366292435
IPR023210,NADP-dependent oxidoreductase domain,0.0007724413003747111,0.0017270198868631764,32,0.0013929739220115386,28.560570139654843
IPR002202,"Hydroxymethylglutaryl-CoA reductase, class I/II",0.0007810487764866237,0.00019363637533291304,5,0.0014076256070673638,28.515128412209762
IPR001898,Solute carrier family 13,0.0008199747518414698,0.00032004683298380145,8,0.0014768661991165694,28.306588490465764
IPR003834,"Cytochrome C biogenesis protein, transmembrane domain",0.0008317457072746244,0.00009789037136154464,3,0.001497142273094324,28.247369267886604
IPR046733,Protein of unknown function DUF6625,0.0008372955906448198,6.7011480943007e-6,1,0.0015062023086491638,28.221166910642307
IPR008457,Copper resistance protein D domain,0.0008411232375730294,0.000047229691768631335,2,0.0015121549696442379,28.20403698905864
IPR021731,AMIN domain,0.0008507402068344724,6.754757279055106e-6,1,0.0015285018133883682,28.15734041698053
IPR001119,S-layer homology domain,0.0008548914137941205,0.0013296686094635222,15,0.0015350143858520046,28.138875500455136
IPR011258,"BPG-independent PGAM, N-terminal",0.0008680305108433224,0.00014871187850872114,4,0.0015567164859945203,28.077904752801256
IPR049428,"RecA-like, N-terminal",0.0008680456125607305,0.0002820379209929279,7,0.0015567164859945203,28.077904752801256
IPR008670,"Long-chain-fatty-acyl-CoA reductase, LuxC",0.0008779502725165338,6.8619756485639176e-6,1,0.0015725448370136439,28.033969629319753
IPR049050,Novel STAND NTPase 3,0.0008779502725165338,6.8619756485639176e-6,1,0.0015725448370136439,28.033969629319753
IPR021509,Protein of unknown function DUF3169,0.0008908587346834083,0.00009906977342614155,3,0.0015946863537979242,27.973247221425108
IPR005569,Arc-like DNA binding domain,0.0008917157132788714,6.9155848333183224e-6,1,0.0015952411165160668,27.9717366517214
IPR013534,"Starch synthase, catalytic domain",0.0009216641577416829,0.00009965947445844001,3,0.0016478066731911386,27.830937426943606
IPR003825,"Colicin V production, CvpA",0.000929996011098613,0.00024193825079663249,6,0.0016616840492423748,27.794515489723533
IPR028081,Leucine-binding protein domain,0.0009388267074089836,0.00009998112956696645,3,0.001676435198288179,27.756132293331518
IPR015392,Domain of unknown function DUF1971,0.0009478467590170598,7.130021572335945e-6,1,0.0016915062113180823,27.71726403116192
IPR025331,Tuberculosis necrotizing toxin,0.0009621468186119469,7.183630757090351e-6,1,0.0017149267255943993,27.657544315103408
IPR032721,"Deaminases, BURPS668_1122 family",0.0009621468186119469,7.183630757090351e-6,1,0.0017149267255943993,27.657544315103408
IPR002744,MIP18 family-like,0.0009642936450045374,0.00032417474020989066,8,0.0017177032796782108,27.65051855131042
IPR015886,"DNA glycosylase/AP lyase, H2TH DNA-binding",0.0009771158553618644,0.0002431176528612294,6,0.0017394809732815607,27.595803172722526
IPR019267,"CRISPR-associated protein Cas6, C-terminal",0.0010056884397076642,7.3444583113535675e-6,1,0.001789254112378004,27.4732797594103
IPR013108,Amidohydrolase 3,0.0010358940313426347,0.00028643387414278913,7,0.0018418701191433675,27.347409976614653
IPR014883,VRR-NUC domain,0.0010412211148790231,0.00004985654182159721,2,0.0018502137544102568,27.327780948411977
IPR014031,"Beta-ketoacyl synthase, C-terminal",0.0010424764754672889,0.0004667751716566096,12,0.0018513163230588394,27.32519369673962
IPR004685,Branched-chain amino acid transport system II carrier protein,0.0010475673866969049,0.0005587685326951696,15,0.0018592248932490412,27.30668074461708
IPR004679,2-hydroxycarboxylate transporter,0.0010504625229342266,0.00010196466940287946,3,0.0018632291465183726,27.297337307458697
IPR003251,"Rubrerythrin, diiron-binding domain",0.0010637912138191158,0.00015289339491956477,4,0.0018857235133717578,27.245219836132243
IPR007757,MT-A70-like,0.0010652404584117201,7.55889505037119e-6,1,0.001887145307854542,27.241946584096397
IPR007115,6-pyruvoyl tetrahydropterin synthase/QueD family,0.0010830357721310314,0.00015326865921284563,4,0.0019175059572155968,27.17263278131606
IPR041440,"HypF, Kae1-like domain",0.0010956577493232275,7.666113419880002e-6,1,0.001938675969069497,27.124947729763882
IPR008577,Putative viral structural protein (DUF859),0.0011110266981794062,7.719722604634407e-6,1,0.0019646778968412056,27.067086407546732
IPR019539,"Galactokinase, N-terminal domain",0.001168849546490551,0.00015487693475547777,4,0.0020656759257978463,26.849378118955123
IPR012544,Bacterial Pleckstrin homology domain,0.0011760326536941418,0.00010400181842354687,3,0.0020771115797529483,26.825401730992724
IPR001608,"Alanine racemase, N-terminal",0.0011970888906039135,0.0006953111262646407,20,0.0021130213105333,26.75096122919126
IPR032093,"Phospholipase D, N-terminal",0.0012054843260895364,8.041377713160841e-6,1,0.002126553112448329,26.723237659454078
IPR002677,Large ribosomal subunit protein bL32,0.001208486890419952,0.00029034734462986077,7,0.002130560926520302,26.71506041997096
IPR005526,"Septum formation inhibitor MinC, C-terminal",0.0012181070674396302,0.00010464512864059973,3,0.0021462236910295843,26.68325015493558
IPR010610,"Erythromycin biosynthesis protein CIII-like, C-terminal domain",0.0012339688521740123,0.00005205451839652784,2,0.0021728581962194566,26.629686154231056
IPR041383,RuvC endonuclease subdomain 3,0.0012378249129163786,8.148596082669651e-6,1,0.00217833279786612,26.618757695592514
IPR002491,ABC transporter periplasmic binding domain,0.0012478879561612034,0.0011582264366189331,10,0.0021947172980494993,26.5862141337365
IPR005025,NADPH-dependent FMN reductase-like,0.00125263417629846,0.0008061213111519971,25,0.0022017367438736044,26.572346097593005
IPR007016,O-antigen ligase-related,0.001260456329254908,0.00020446543065330298,5,0.0022141509976550066,26.54792765023593
IPR031612,Putative phage holin,0.0013106553923130605,0.000052858656167843924,2,0.0023009458904183528,26.380935941818716
IPR031778,"Sortilin, N-terminal",0.001320545667174007,8.41664200644168e-6,1,0.002316914058651868,26.35090075206779
IPR024975,"Protein NO VEIN, C-terminal",0.0013316846474876731,0.000053073092906861544,2,0.0023350525749092333,26.31703336624243
IPR010905,"Glycosyl hydrolase, family 88",0.0013476102241805202,0.0001579326582864789,4,0.0023615573399701907,26.26801505039506
IPR049169,"Glycoside hydrolase 120, insertion domain",0.0013543815722763665,8.52386037595049e-6,1,0.0023719979968515824,26.24885682068598
IPR011130,"SecA, preprotein cross-linking domain",0.0013612120968158027,0.00037097555850048675,9,0.0023825296964675156,26.2296167749694
IPR014509,Uncharacterised conserved protein UCP020606,0.0013714597039796216,8.577469560704897e-6,1,0.0023990260928641732,26.199650284284587
IPR002044,Carbohydrate binding module family 20,0.0013886446144893666,8.631078745459302e-6,1,0.002427630513100116,26.148174124619604
IPR002220,DapA-like,0.001391509336665499,0.0004419541191153198,11,0.0024311810819152755,26.141826923505263
IPR018760,Domain of unknown function DUF2326,0.0014059362982916162,8.684687930213708e-6,1,0.002454916314861289,26.099633078641954
IPR045792,Domain of unknown function DUF6036,0.0014233347498381343,8.738297114968113e-6,1,0.00248380857601915,26.048818777313816
IPR002797,Polysaccharide biosynthesis protein,0.0014417440467410902,0.0009226676788080748,30,0.0025144292107039585,25.995605866620267
IPR049373,"L-tyrosine decarboxylase, C-terminal",0.0014461910929998952,0.00005419888578670406,2,0.0025206773623357407,25.984827389027974
IPR021338,Protein of unknown function DUF2953,0.0014859216232008723,0.0000545741500799849,2,0.002588379601704745,25.86972031389614
IPR021835,Protein of unknown function DUF3427,0.0014967589635529305,0.00010850498994291694,3,0.0026057009777434898,25.840754240674343
IPR013739,Beta-galactosidase C-terminal,0.0015031925007572549,0.00005473497763424812,2,0.0026153396970215723,25.82471894192272
IPR025736,PucR C-terminal helix-turn-helix domain,0.0015252788434644983,0.00044458096916828564,11,0.0026521843217307555,25.7639629658369
IPR011115,"SecA DEAD-like, N-terminal",0.0015528868938591309,0.00037462098306378634,9,0.002698580561676535,25.688646122590157
IPR032080,Protein of unknown function DUF4809,0.0016405520784820709,0.00005596798888359945,2,0.0028492256467264553,25.452731550962284
IPR022476,Spore protein YabP/YqfC,0.0016678102481279917,0.00011059574814833875,3,0.0028948420735364425,25.383751239788545
IPR008136,"CinA, C-terminal",0.0017285788484151972,0.0001634544043161827,4,0.002998534159416249,25.230909992986113
IPR024045,"NusG, domain 2",0.001745013803311466,0.00016366884105520032,4,0.0030252439063354545,25.192396051750315
IPR022998,Thiamine phosphate synthase/TenI,0.0017692961292142028,0.00030037226217893457,7,0.0030655184270877095,25.134960689484394
IPR019219,Protein of unknown function DUF2130,0.0017937161596305491,9.810480810056226e-6,1,0.0031059835638258203,25.078008467911808
IPR007170,Stage V sporulation protein G,0.0018035632974401563,0.00016441936964176198,4,0.003121181350347475,25.056809967409247
IPR012454,Protein of unknown function DUF1659,0.0018199685116623496,0.00005746904605672281,2,0.003147703546860861,25.020061765750672
IPR046322,"DUF4931, N-terminal domain",0.0018400107186804192,0.00005762987361098602,2,0.0031804808865869014,24.975072100150648
IPR025699,ABC-2 membrane transporter-like,0.0018445031243954169,0.0003014980550587771,7,0.003186357293090661,24.96705527430815
IPR049530,EC042_2821-like Restriction Endonuclease-like domain,0.0018529537600979113,9.971308364319442e-6,1,0.0031990604881264122,24.949775481587295
IPR049285,"DUF4931, C-terminal domain",0.0018602144826877036,0.00005779070116524924,2,0.0032096955216078956,24.93536163718902
IPR013661,"Peptidase M9, collagenase, N-terminal domain",0.001873773811485106,0.00005789791953475805,2,0.003229269760219012,24.908956742516295
IPR002909,IPT domain,0.001872912884040818,0.000010024917549073847,1,0.003229269760219012,24.908956742516295
IPR025579,Domain of unknown function DUF4357,0.001892978625899988,0.000010078526733828254,1,0.0032604404448460514,24.867237282002566
IPR025468,Putative transposon-transfer assisting protein,0.001933429937582433,0.000010185745103337065,1,0.0033281474014110832,24.777974473447053
IPR006805,"Anthranilate synthase component I, N-terminal",0.0019541876933461366,0.0002150800492346753,5,0.0033618945804114067,24.734159089403963
IPR007318,Phospholipid methyltransferase,0.001974307643234272,0.000010292963472845875,1,0.0033945053582966614,24.692235014462597
IPR003784,BioY protein,0.0019798696677670864,0.0003034279857099357,7,0.003402062434418871,24.682577205074626
IPR025465,Domain of unknown function DUF4316,0.0019949063774270994,0.000010346572657600282,1,0.003425881623426044,24.65227647552952
IPR008147,"Glutamine synthetase, N-terminal domain",0.002011895479252839,0.0002612911664929729,6,0.0034530236712779746,24.61800444450961
IPR009908,"Methylamine utilisation protein, MauE",0.0020364235755045202,0.000010453791027109093,1,0.0034930653801006945,24.567932855472296
IPR010981,"SinR repressor/SinI anti-repressor, dimerisation domain",0.0020422018895921348,0.000059184539968863785,2,0.003500917525015088,24.55818120269742
IPR025357,Domain of unknown function DUF4261,0.002057342026069859,0.000010507400211863498,1,0.0035247998519504753,24.528655384346525
IPR041379,"Collagenase ColG-like, catalytic helper subdomain",0.0020786419396963784,0.00005945258589263581,2,0.003559201348299847,24.486474427401554
IPR041677,"DNA2/NAM7 helicase, helicase domain",0.002093350579029415,0.000059559804262144625,2,0.0035822830331278016,24.458401038946977
IPR005915,Tandem five-TM protein,0.002095900936360749,0.00038314484343973687,9,0.0035845437715119905,24.455661119971374
IPR014940,BAAT/Acyl-CoA thioester hydrolase C-terminal,0.002099498596699619,0.00001061461858137231,1,0.0035885919741946593,24.450759184930163
IPR000417,Hydroxyethylthiazole kinase,0.00210102003534012,0.00021690276151632506,5,0.003589088707118799,24.45015807608218
IPR009081,Phosphopantetheine binding ACP domain,0.002110990070438846,0.001476611384875348,22,0.003604008808782011,24.432141562055318
IPR026838,Endospore coat-associated protein YheC/D,0.002117211172653613,0.00011536696559148086,3,0.003612514791959003,24.42190365950823
IPR010738,Protein of unknown function DUF1310,0.0021379343554173568,0.00005988145937067106,2,0.0036457406902906503,24.38214224540289
IPR000089,Biotin/lipoyl attachment,0.0021562692491076474,0.0012896761576367355,15,0.0036748574695487433,24.347595004951266
IPR002169,"Peptidase M9A/M9B, collagenase, bacterial",0.002160485297544513,0.00006004228692493428,2,0.0036798920138082945,24.34164925482808
IPR010056,"Phage replisome organiser, N-terminal domain",0.0021680408600718527,0.000060095896109688684,2,0.0036906054570750276,24.329023804271557
IPR008000,Rhamnose/fucose mutarotase,0.002175615764436758,0.000060149505294443084,2,0.0037013393051911238,24.316411009038777
IPR010651,Sugar transport protein,0.0021976098678357257,0.0004207248819525752,10,0.0037365774779061084,24.275260082216107
IPR046930,Bacterial helix-turn-helix,0.002206754444864345,0.000010882664505144337,1,0.003749939371342908,24.259757538467014
IPR009671,Regulator of ribonuclease activity B domain,0.0022285251746435326,0.000010936273689898742,1,0.0037847288347469662,24.21965231036237
IPR029099,"Ribose-phosphate pyrophosphokinase, N-terminal domain",0.002235547729541415,0.00038502116490614103,9,0.0037944453896058016,24.208516932430094
IPR025369,Domain of unknown function DUF4274,0.0022504024082554974,0.000010989882874653149,1,0.003817436545941263,24.182281731259216
IPR020210,"Uncharacterised protein family, YpbF, transmembrane",0.0023166730617383575,0.000011150710428916365,1,0.003927568981412238,24.058761785391404
IPR008763,"Peptidase S55, SpoIVB",0.002323254647191191,0.0000611680798047768,2,0.003936438437658055,24.048965361423132
IPR003148,"Regulator of K+ conductance, N-terminal",0.002337144141470548,0.00045717912758557095,11,0.003957672657681834,24.025601294933207
IPR015366,"Peptidase S53, activation domain",0.002338976240161243,0.000011204319613670772,1,0.0039584763298376,24.024719476300795
IPR035167,Protein of unknown function DUF5316,0.002383901995025233,0.000011311537983179581,1,0.004032168339613445,23.944613447572074
IPR013236,"M protein trans-acting positive regulator (MGA), PRD domain",0.002406524557055477,0.000011365147167933988,1,0.004068072816448563,23.90611282027863
IPR035280,Bacteriocin helveticin-J,0.0024750308943583743,0.000011525974722197204,1,0.004181454280387613,23.786726473866466
IPR032781,ABC-transporter extension domain,0.0024831608207131245,0.0011178587204988657,39,0.0041927602508393,23.774999705834112
IPR019121,"CRISPR-associated protein, CXXC-CXXC domain",0.0027344139689018353,0.000012115675754495667,1,0.0046116547908142,23.361432096287782
IPR015985,Tellurite resistance methyltransferase TehB-like domain,0.0027344139689018353,0.000012115675754495667,1,0.0046116547908142,23.361432096287782
IPR009214,Protein of unknown function DUF1129,0.00274587827919942,0.0002238183463496434,5,0.0046283127526852656,23.34577301799773
IPR018330,RecT family,0.002773534415386686,0.00012104953917544785,3,0.004672227819334243,23.304759890404547
IPR018951,"Fumarase C, C-terminal",0.002777808750231467,0.000270029463607941,6,0.004676726510204941,23.300580264100127
IPR016772,Uncharacterised conserved protein UCP020408,0.002810247996226135,0.00006422380333577792,2,0.00472861116964536,23.25266396244698
IPR033480,Single Cache domain 2,0.00283192586861887,0.00001233011249351329,1,0.004759594139995749,23.22430078849926
IPR027924,"Phage-like element PBSX protein, XkdF",0.00283192586861887,0.00001233011249351329,1,0.004759594139995749,23.22430078849926
IPR001910,Inosine/uridine-preferring nucleoside hydrolase domain,0.002854035339632752,0.0004965818783800591,12,0.004793990236387734,23.193028548011654
IPR019665,"Putative oxidoreductase/dehydrogenase, Rossmann-like domain",0.0028565696389135863,0.000012383721678267694,1,0.004795484782424881,23.191674828228525
IPR007742,"Periplasmic copper-binding protein NosD, beta helix domain",0.0028813197115989085,0.0000124373308630221,1,0.0048342510236032326,23.156708021420176
IPR003869,"Polysaccharide biosynthesis protein, CapD-like domain",0.0029176055834159308,0.00022542662189227556,5,0.004892316205428899,23.104854809417795
IPR049261,"RecA-like, C-terminal",0.002931641152628402,0.0002715305207810644,6,0.004913026207508288,23.086509192061353
IPR002129,Pyridoxal phosphate-dependent decarboxylase,0.002966754341193371,0.00017626699947248563,4,0.004969015312418075,23.037296649392268
IPR018764,Anti-sigma K factor RskA,0.003006664331889796,0.000012705376786794127,1,0.0050329696852988775,22.981756854476984
IPR005323,"Pullulanase, carbohydrate-binding module 41",0.0030360887588224044,0.00006551042376988365,2,0.005079308560370701,22.9419540363214
IPR048792,"CarD, C-terminal domain",0.003065220887218161,0.00006567125132414687,2,0.005125105566013852,22.902971846595022
IPR001932,PPM-type phosphatase-like domain,0.003104444359438731,0.00022708850661966212,5,0.0051877133249990486,22.850240312022493
IPR003849,Preprotein translocase YajC,0.0031103427092390055,0.00027319240550845094,6,0.005194592978316689,22.844484758635282
IPR025464,Protein of unknown function DUF4315,0.003134665306908381,0.000012973422710566157,1,0.005232217535744041,22.81314207992413
IPR035331,"Clostridial binary toxin B/anthrax toxin PA, domain 3",0.0031605841745528124,0.000013027031895320561,1,0.00527246192963158,22.779865474463463
IPR002550,"CNNM, transmembrane domain",0.00317281182214446,0.0005319639403179668,13,0.005289833775513577,22.765579747533646
IPR013123,"RNA 2-O ribose methyltransferase, substrate binding",0.0032620720325237463,0.0005008170039756571,12,0.005434889528565867,22.648092791070056
IPR002033,Sec-independent periplasmic protein translocase TatC,0.0032655983302040128,0.00012464135455399303,3,0.005434889528565867,22.648092791070056
IPR003783,Regulatory protein RecX,0.0032672706939560927,0.0002745862443120655,6,0.005434889528565867,22.648092791070056
IPR025700,L-lysine 6-monooxygenase/L-ornithine 5-monooxygenase,0.0032653216105166184,0.000013241468634338184,1,0.005434889528565867,22.648092791070056
IPR013166,"Citrate lyase ligase, C-terminal",0.003274886695984783,0.00006679704420398938,2,0.005444452454670255,22.640457904485913
IPR017016,Uncharacterised conserved protein UCP033595,0.0033183273900697172,0.000013348687003846996,1,0.005513528586577376,22.585703693510865
IPR045509,HD-associated domain,0.0033273517481868897,0.00022896482808606634,5,0.005525374543116726,22.576382775531503
IPR029432,Siphovirus Gp37-like protein,0.0033449895155864325,0.0000134022961886014,1,0.0055515022353159,22.55589480980223
IPR003331,UDP-N-acetylglucosamine 2-epimerase domain,0.003391856060856632,0.00035923514703927194,8,0.00562608206681339,22.497939371362897
IPR013094,Alpha/beta hydrolase fold-3,0.00341026893513293,0.0004341271781411766,10,0.005653407740106665,22.476896908369824
IPR002694,"Zinc finger, CHC2-type",0.0034180353688959956,0.00027587286474617124,6,0.005663063145284503,22.469485957996188
IPR009677,Protein of unknown function DUF1266,0.0034256127324134335,0.000013563123742864617,1,0.005672394507505719,22.462335721700725
IPR025711,PepSY domain,0.0034279915621669567,0.0007673618705745618,22,0.005673112029102636,22.461786401721753
IPR048574,"Rubrerythrin, rubredoxin-like domain",0.003490693053462722,0.0001261424117271164,3,0.0057736023504805995,22.385531309054223
IPR010627,"Prepilin peptidase A24, N-terminal",0.0034946492323762136,0.00023030505770492646,5,0.00577386286900287,22.38533534958688
IPR031330,"Glycoside hydrolase 35, catalytic domain",0.0034948106871708043,0.0000679228370838319,2,0.00577386286900287,22.38533534958688
IPR025463,Domain of unknown function DUF4314,0.0035071910283568214,0.000013723951297127835,1,0.005791035695746597,22.372437580819952
IPR020483,Uncharacterised protein family YgbA,0.00353459599286988,0.00001377756048188224,1,0.005832983540016169,22.341092490954836
IPR007551,Protein of unknown function DUF520,0.003548718215457499,0.00006819088300760392,2,0.005852976423231938,22.32623225293114
IPR021683,Putative zincin peptidase,0.0035843883225143837,0.00023100197710673373,5,0.005908465996863733,22.285252594864406
IPR012427,Protein of unknown function DUF1622,0.0036252017433954656,0.00006856614730088477,2,0.005972366262000666,22.238535665383914
IPR005131,Serine dehydratase beta chain,0.0036281876292861125,0.0002775883586583122,6,0.005973910291924509,22.237413033279214
IPR000422,"3,4-dihydroxy-2-butanone 4-phosphate synthase, RibB",0.0036359471596409962,0.00018141348120890856,4,0.005983308079860691,22.230586348081594
IPR031358,"Stealth protein CR1, conserved region 1",0.0036452766124010607,0.000013991997220899863,1,0.0059952772711570745,22.221907267354545
IPR010644,Heme-dependent peroxidase ChdC/CLD,0.0036588695325565296,0.0001272145954222045,3,0.00601424101292832,22.208191720972337
IPR013738,Beta-galactosidase trimerisation,0.003669441021156152,0.0000687805840399024,2,0.006028219728276811,22.19810926058971
IPR031374,Uncharacterised protein family UPF0715,0.0037012532547484596,0.000014099215590408673,1,0.006077057708809971,22.163066394962367
IPR005501,LamB/YcsF/PxpA-like,0.003719222932092386,0.00012758985971548533,3,0.006103125531784692,22.144476971905938
IPR011470,Protein of unknown function DUF1576,0.0037931226385452626,0.00006937028507220085,2,0.006220891796399317,22.06147352528955
IPR002847,Coenzyme F420:L-glutamate ligase-like domain,0.0039005110208626867,0.000014474479883689512,1,0.006393417727282516,21.94266919103287
IPR024571,ERAP1-like C-terminal domain,0.003931473272160417,0.00007001359528925372,2,0.006440548349224594,21.910771551705825
IPR045357,"Aminopeptidase N-like , N-terminal domain",0.00394316551510999,0.00007006720447400812,2,0.0064560755991357275,21.90031392769373
IPR018392,LysM domain,0.003988462419901469,0.002459053304684585,83,0.006526574868929677,21.85314675658723
IPR002022,Pectate lyase,0.004016704091734097,0.000014688916622707135,1,0.0065691021489044455,21.824939848424542
IPR020976,LCI fold,0.004046017208927019,0.000014742525807461541,1,0.006613333061228244,21.79579604770516
IPR009403,Protein of unknown function UPF0637,0.00407203267867158,0.00018436198637040088,4,0.006652127333897102,21.77039446181383
IPR001956,Carbohydrate-binding module 3,0.00410496119703666,0.000014849744176970351,1,0.006702165089898601,21.73784878686821
IPR004937,Urea transporter,0.004109521156020586,0.0000708177330605698,2,0.006705855451010648,21.73545812300732
IPR004254,AdipoR/Haemolysin-III-related,0.0041187411706255445,0.0002812873924063662,6,0.006717141640684613,21.728154938750187
IPR032599,"YcdB/YcdC, repeated domain",0.004194581536405245,0.00007119299735385064,2,0.006837003778735436,21.651341800701985
IPR002176,Crossover junction endodeoxyribonuclease RuvC,0.004224119922964011,0.000015064180915987974,1,0.006881303740426289,21.623292719923356
IPR026002,L-2-amino-thiazoline-4-carboxylic acid hydrolase,0.004254174288326947,0.00001511779010074238,1,0.00692639431868307,21.59492787757184
IPR010864,D-lyxose isomerase,0.004284334508030181,0.000015171399285496786,1,0.006971606822218754,21.56667113781744
IPR029144,"Threonine synthase, N-terminal",0.004293349144977922,0.00007162187083188589,2,0.0069823793121894144,21.559965621795026
IPR000999,Ribonuclease III domain,0.004301930692576013,0.0005098233470143973,12,0.006992435841444622,21.553715097736532
IPR001434,"Large cysteine-rich periplasmic protein OmcB-like, DUF11 domain",0.004345246680345367,0.001346180238367879,18,0.007058907699101443,21.512624968170226
IPR001107,Band 7 domain,0.004386566542945328,0.00032647993515433013,7,0.007122064609815466,21.473940908191565
IPR041664,"Orc1-like, AAA ATPase domain",0.004436723082189247,0.000015439445209268813,1,0.007199490544053336,21.426982343651893
IPR007213,Methyltransferase Ppm1/Ppm2/Tcmp,0.0044959277623621416,0.00007247961778795638,2,0.00729150464685651,21.37182843094971
IPR001943,UVR domain,0.004614750613511533,0.0006653972011716824,1,0.007480051578098739,21.260954074822713
IPR008840,Siphovirus Gp157,0.00463915820839679,0.00007306931882025484,2,0.0075154362976028,21.24045802017696
IPR004176,"Clp, repeat (R) domain",0.004650609183257898,0.0009493650528157688,6,0.007529803652626337,21.232163483268813
IPR021021,"Fibronectin-binding repeat, SSURE",0.004717686815713296,0.000015921927872058462,1,0.007634170230088774,21.172381601893907
IPR007554,CDP-glycerol glycerophosphotransferase,0.004734474331902164,0.0007530482182451355,21,0.007657086606670389,21.159364407229177
IPR002161,Pyridoxal 5'-phosphate synthase subunit PdxT/SNO,0.0047438196049713645,0.00013332604248420674,3,0.007667947875884977,21.15320847970875
IPR004197,"Cellulase, Ig-like domain",0.0047494336718103955,0.00001597553705681287,1,0.007672769300276517,21.150478596805545
IPR031927,Domain of unknown function DUF4767,0.004786026191006529,0.00013354047922322436,3,0.007727603750263033,21.119551554184255
IPR013655,PAS fold-3,0.004796623858978232,0.00013359408840797875,3,0.007740428983276439,21.112349695616714
IPR008914,Phosphatidylethanolamine-binding protein,0.004849889448631938,0.0001338621343317508,3,0.007822056212505936,21.066790673543025
IPR041472,"BL00235/CARNS1, N-terminal",0.005007212702576021,0.000016404410534848115,1,0.008071327938480751,20.930550069248135
IPR005946,Ribose-phosphate pyrophosphokinase,0.00505521522322906,0.00037167247790229405,8,0.00814186431858722,20.89276139266844
IPR004837,Sodium/calcium exchanger membrane region,0.00505655565190722,0.00013488070884208449,3,0.00814186431858722,20.89276139266844
IPR003826,"S-adenosylmethionine decarboxylase family, prokaryotic",0.00515943078543966,0.00007510646784092225,2,0.008302925038820116,20.80768882993736
IPR012907,"Peptidase S11, D-Ala-D-Ala carboxypeptidase A, C-terminal",0.0051773457490226936,0.0002881493680549301,6,0.008327159516905778,20.795031158210584
IPR021361,Protein of unknown function DUF2829,0.0051906049469073135,0.00013552401905913736,3,0.008343883145083641,20.786317867724083
IPR009498,"Bacteriophage 4268, Orf1, C-terminal",0.0052049830114406686,0.000016726065643374548,1,0.008353181321607589,20.78148091308264
IPR039498,Uncharacterised nucleotidyltransferase,0.0052049830114406686,0.000016726065643374548,1,0.008353181321607589,20.78148091308264
IPR018931,Domain of unknown function DUF2520,0.0052049830114406686,0.000016726065643374548,1,0.008353181321607589,20.78148091308264
IPR032837,Glycerol-1-phosphate dehydrogenase,0.005238314215502113,0.000016779674828128954,1,0.008402048543676656,20.75614813610929
IPR048494,"Dit-like phage tail protein, N-terminal domain",0.005271750958612712,0.00001683328401288336,1,0.00845103122337255,20.730902937373102
IPR003767,Malate/L-lactate dehydrogenase-like,0.005288575983827365,0.0000755889505037119,2,0.008473344818044284,20.7194511986164
IPR021214,Protein of unknown function DUF2568,0.0053052932300634535,0.000016886893197637764,1,0.008490798605304628,20.710514601016424
IPR025108,Protein of unknown function DUF4030,0.0053052932300634535,0.000016886893197637764,1,0.008490798605304628,20.710514601016424
IPR005583,DNA-binding and peroxide stress resistance protein YaaA,0.005361323533098938,0.00007585699642748393,2,0.008575764905384807,20.667271331659474
IPR006094,"FAD linked oxidase, N-terminal",0.005393483760491084,0.0005174358512495229,12,0.008622477327627193,20.643679389146854
IPR007553,2-thiouracil desulfurase,0.005490616623781806,0.0001369178578627519,3,0.00877295236983438,20.56854228509242
IPR000297,"Peptidyl-prolyl cis-trans isomerase, PpiC-type",0.005559737201578344,0.00024354652633926466,5,0.008878528849837048,20.516589897763534
IPR007921,CHAP domain,0.005647500436546947,0.001051704986511929,34,0.009003888066140458,20.455699126674865
IPR025057,Domain of unknown function DUF3994,0.005646517623290219,0.00001742298504518182,1,0.009003888066140458,20.455699126674865
IPR007505,PD-(D/E)XK nuclease superfamily 7,0.005646517623290219,0.00001742298504518182,1,0.009003888066140458,20.455699126674865
IPR007760,Manganese catalase,0.005681888588696904,0.0001377756048188224,3,0.009053763456087527,20.43170856323856
IPR010154,CRISPR-associated protein Cas7/Cst2/DevR,0.00571602775409703,0.000017530203414690633,1,0.009103187837764577,20.408064958206044
IPR000914,Solute-binding protein family 5 domain,0.00572413077647967,0.0015579901273325356,65,0.009111116454265676,20.40428402366379
IPR043602,"Cation efflux system protein CusB, domain 1",0.005750940904176348,0.00001758381259944504,1,0.009143807893445054,20.38872906813689
IPR013969,Oligosaccharide biosynthesis protein Alg14-like,0.005750940904176348,0.00001758381259944504,1,0.009143807893445054,20.38872906813689
IPR019454,Putative cell-wall binding lipoprotein YkyA-like,0.005791749790140453,0.00013825808748161206,3,0.009198661431399543,20.36275365616609
IPR003369,Sec-independent protein translocase protein TatA/B/E,0.005791749790140453,0.00013825808748161206,3,0.009198661431399543,20.36275365616609
IPR008146,"Glutamine synthetase, catalytic domain",0.005796800143565138,0.0002916339650639665,6,0.009201670777700567,20.36133309213554
IPR029101,"Sigma factor regulator, N-terminal",0.005828582596003226,0.0000775188811548705,2,0.009247087513572038,20.339950322293774
IPR007197,Radical SAM,0.005854443760752826,0.0025697562712024328,93,0.009283065800084415,20.323085711763014
IPR006483,"CRISPR-associated Cas3-type, HD domain",0.005927087053180488,0.000017851858523217065,1,0.0093931444821056,20.27188997444258
IPR046865,"Flagellar Assembly Protein A, beta solenoid domain",0.005962632283748767,0.000017905467707971472,1,0.009444343150141992,20.24828241679534
IPR025273,Domain of unknown function DUF4064,0.006079636297584312,0.0003776767065947875,8,0.009624440523211647,20.166245069876744
IPR003798,DNA recombination RmuC,0.006178114715942978,0.000018227122816497905,1,0.00977503120547462,20.098818475030626
IPR013542,"Epoxyqueuosine reductase QueG, DUF1730",0.006206277337349906,0.00019588796109259806,4,0.009814265030212758,20.081422182519045
IPR025334,Domain of unknown function (DUF4240),0.006214396855470333,0.00001828073200125231,1,0.009821778444743355,20.078098667133375
IPR003708,Bacterial protein export chaperone SecB,0.006250784221518717,0.000018334341186006714,1,0.009863250427461352,20.05979940020068
IPR025043,Domain of unknown function DUF3981,0.006250784221518717,0.000018334341186006714,1,0.009863250427461352,20.05979940020068
IPR021520,"Stealth protein CR2, conserved region 2",0.006250784221518717,0.000018334341186006714,1,0.009863250427461352,20.05979940020068
IPR004147,ABC1 atypical kinase-like domain,0.006308042805065391,0.00007912715669750267,2,0.00994821677640383,20.022547598144204
IPR028973,PhnB-like,0.006392707259235158,0.00033838117416980814,7,0.010076288847529579,19.966993914825604
IPR025923,YodL-like,0.00639738571747834,0.000018548777925024337,1,0.010078215425265716,19.96616362689494
IPR000281,Helix-turn-helix protein RpiR,0.006405690958725087,0.0011510428058618427,39,0.010085850343219413,19.962874803169008
IPR025020,Protein of unknown function DUF3908,0.006434299040756379,0.000018602387109778744,1,0.010125426876872965,19.94586658349106
IPR008207,"Signal transduction histidine kinase, phosphotransfer (Hpt) domain",0.006490746856009575,0.00007971685772980113,2,0.010208747482267487,19.910275385113117
IPR021315,Glycolipid exporter Gap/Sap,0.006545669899988881,0.00001876321466404196,1,0.010289581363001388,19.876022943762376
IPR007816,ResB-like domain,0.0065750389127452215,0.00007998490365357317,2,0.010330179671101867,19.858921248027887
IPR025059,Protein of unknown function DUF3997,0.006771249547708621,0.000019084869772568393,1,0.010626998751947437,19.735893704254956
IPR032719,Glycosyltransferase WbsX,0.006771249547708621,0.000019084869772568393,1,0.010626998751947437,19.735893704254956
IPR004954,Putative mucin/carbohydrate-binding domain,0.006913416124127045,0.00014281486818573652,3,0.01084428263472537,19.64799171919472
IPR003848,Domain of unknown function DUF218,0.0070992986367639935,0.0004583585296501679,10,0.01112986818537839,19.53509979124572
IPR001701,Glycoside hydrolase family 9,0.007116708949599407,0.000019567352435358045,1,0.011151167811408852,19.526796485357472
IPR009739,"Lysozyme inhibitor LprI, N-terminal",0.007194632338188419,0.000019674570804866855,1,0.01126721154573439,19.481835515795414
IPR021631,Protein of unknown function DUF3238,0.007272975378148379,0.00001978178917437567,1,0.011371579733340843,19.441791991806546
IPR012577,NIPSNAP,0.007272975378148379,0.00001978178917437567,1,0.011371579733340843,19.441791991806546
IPR048667,Imm-5-like,0.007272975378148379,0.00001978178917437567,1,0.011371579733340843,19.441791991806546
IPR005580,"DEAD box helicase DbpA/CsdA, RNA-binding domain",0.007387838012733173,0.00008245092615227581,2,0.011544981589029973,19.37606755322731
IPR002942,RNA-binding S4 domain,0.007428401957320644,0.0019525001179402065,49,0.011602153244535082,19.354614025456808
IPR015883,"Glycoside hydrolase family 20, catalytic domain",0.0075175452411194955,0.00008282619044555666,2,0.01173509738924221,19.305133018527783
IPR041273,"N-acyltransferase, N-terminal domain",0.007550479320477618,0.000020157053467656508,1,0.011773902512573655,19.290795644493294
IPR025051,Protein of unknown function DUF3990,0.007550479320477618,0.000020157053467656508,1,0.011773902512573655,19.290795644493294
IPR049312,"tRNA uridine 5-carboxymethylaminomethyl modification enzyme, C-terminal, N-terninal subdomain",0.007760361103492572,0.00025373227144260174,5,0.012091967847305058,19.175030162871877
IPR014782,"Peptidase M1, membrane alanine aminopeptidase",0.007762744790862506,0.00008352310984736393,2,0.012091967847305058,19.175030162871877
IPR025648,Protein of unknown function DUF4358,0.007792427166438955,0.00002047870857618294,1,0.012131723234028828,19.160775059862594
IPR041644,GNAT-like C-terminal domain,0.007833118408738059,0.000020532317760937347,1,0.012188566317972348,19.140473753341244
IPR031944,"Ribosome biogenesis GTPase RsgA, N-terminal",0.007893514454502634,0.0002542683632901458,5,0.012269449972990235,19.111749058181783
IPR025867,"MnmE, helical domain",0.007893514454502634,0.0002542683632901458,5,0.012269449972990235,19.111749058181783
IPR021345,Protein of unknown function DUF2961,0.00791481500621761,0.000020639536130446157,1,0.012296004559472856,19.10235984467848
IPR006032,Small ribosomal subunit protein uS12,0.00806940207370746,0.000254965282691953,5,0.012529486925948324,19.02066712708297
IPR009718,"Rex DNA-binding, C-terminal domain",0.00807706911010341,0.0003022485836453388,6,0.012534717150112583,19.018854615885942
IPR004154,Anticodon-binding,0.008135792465262784,0.0009722025655211456,7,0.012619133419524616,18.989704679160265
IPR023798,Small ribosomal subunit protein uS7 domain,0.008165429731765188,0.0002553405469852339,5,0.012658369536324982,18.976222300989647
IPR001576,Phosphoglycerate kinase,0.008248480490519374,0.0002556622020937603,5,0.012780323650560307,18.93458147909026
IPR014910,Putative monooxygenase YdhR,0.008413784227615668,0.000021282846347499025,1,0.013029524592526442,18.85071430074756
IPR010897,"Sporulation stage II, protein P",0.00843103491339583,0.00008534582212901371,2,0.01304930881500119,18.844124910675088
IPR007685,RelA/SpoT,0.008467943777673282,0.0007148248695152443,2,0.013099482257663284,18.82745869007087
IPR025143,Protein of unknown function DUF4083,0.008498409711358216,0.000021390064717007835,1,0.013139640889883645,18.814165040055467
IPR023451,Thymidylate synthase/dCMP hydroxymethylase domain,0.008558924121626831,0.00025684160415835724,5,0.013226191170463083,18.785652043239164
IPR009577,Putative small multi-drug export,0.008626131622560783,0.00002155089227127105,1,0.013322987188234768,18.75398389736446
IPR005490,"L,D-transpeptidase catalytic domain",0.008687703995051319,0.0003897923823492831,8,0.013410981921423846,18.7253942293557
IPR001915,Peptidase M48,0.008743090155613132,0.0001491407519867564,3,0.01348933909723169,18.70009327826731
IPR013118,"Mannitol dehydrogenase, C-terminal",0.008819955317454173,0.00025780656948393653,5,0.013600734905180524,18.66437624229669
IPR025325,Protein of unknown function DUF4231,0.00892780470395151,0.00002192615656455189,1,0.01375976665788721,18.61388930929813
IPR025870,Glyoxalase-like domain,0.009034876260794163,0.0001500521081275813,3,0.013917432211556145,18.56440885359181
IPR005130,"Serine dehydratase-like, alpha subunit",0.009071474201948655,0.000306108444947656,6,0.013966430186315881,18.549145851887538
IPR011658,PA14 domain,0.009190451796880028,0.000022247811673078324,1,0.014142141129130427,18.49484833101313
IPR010070,Sporulation protein YjcZ-like,0.009227650877483383,0.00015064180915987975,3,0.014191893438154822,18.479596584618335
IPR024523,Protein of unknown function DUF3793,0.009367635541091521,0.000022462248412095947,1,0.0143995915855682,18.416498255887387
IPR007837,DNA damage-inducible protein DinB,0.00938772505560645,0.0001511242918226694,3,0.014422869474261541,18.40948326796744
IPR000397,Heat shock protein Hsp33,0.00940780963408976,0.0002598973276893584,5,0.014446115267512237,18.402489241673518
IPR025299,"CstA, C-terminal domain",0.009531142570104283,0.00008813349973624282,2,0.014627795649696889,18.348211153854642
IPR029478,Putative nitroreductase TM1586,0.009546486775702152,0.00002267668515111357,1,0.0146436377895568,18.343510219335165
IPR025097,Protein of unknown function DUF4023,0.009591460022792564,0.000022730294335867976,1,0.01470488823683655,18.325382719600142
IPR025372,Protein of unknown function DUF4362,0.00968171894265803,0.000022837512705376786,1,0.014827674599154841,18.289269533507365
IPR005777,Acetyl-S-ACP:malonate ACP transferase,0.00968171894265803,0.000022837512705376786,1,0.014827674599154841,18.289269533507365
IPR014914,RES domain,0.009909188051279563,0.000023105558629148815,1,0.015168079977706668,18.190693900676447
IPR026912,Adenine deaminase C-terminal domain,0.009974293988820238,0.00015283978573481038,3,0.01525972784438605,18.164532119077016
IPR025466,Protein of unknown function DUF4317,0.010139258288741407,0.00002337360455292084,1,0.015503973345553194,18.09556986932185
IPR000277,"Cys/Met metabolism, pyridoxal phosphate-dependent enzyme",0.010201838855894242,0.000685178990346058,17,0.015591489572215728,18.071123914121543
IPR003838,ABC3 transporter permease protein domain,0.010251529588900375,0.0027567451076257994,173,0.015659224872306702,18.05229739213674
IPR038734,"Uncharacterized protein YhaN, AAA domain",0.01036050724827447,0.00021122018793235807,4,0.015817402688988666,18.008648287047706
IPR007074,LicD family,0.010397081369630622,0.00009017064875691023,2,0.015864934209232285,17.995617245485434
IPR002549,Transmembrane protein TqsA-like,0.010561531600729056,0.0009123211061504746,6,0.016107440453831553,17.92973465483412
IPR021459,"Glycosyl hydrolases related to GH101 family, GHL1-GHL3",0.010702028430928746,0.00002401691476997371,1,0.016313180817871524,17.874613499981155
IPR049453,Integral membrane bound transporter domain,0.01074789132018998,0.00026429328083921964,5,0.016374530349881913,17.858311474815068
IPR009695,"Diacylglycerol glucosyltransferase, N-terminal",0.0107666198390155,0.000155037762309741,3,0.01639449788541472,17.853018799359386
IPR010721,Probable O-methyltransferase UstE-like,0.010845057305328133,0.000024177742324236927,1,0.01648810589277207,17.82829232018575
IPR002860,BNR repeat,0.010845057305328133,0.000024177742324236927,1,0.01648810589277207,17.82829232018575
IPR025582,YARHG domain,0.010845057305328133,0.000024177742324236927,1,0.01648810589277207,17.82829232018575
IPR022765,"Dna2/Cas4, domain of unknown function DUF83",0.01089294111000712,0.000024231351508991333,1,0.01655227528753557,17.81142299356372
IPR007419,BFD-like [2Fe-2S]-binding domain,0.011121761903806033,0.00031307763896572873,6,0.016891175891405413,17.72340115652645
IPR040131,"MnmG, N-terminal domain",0.011175792697231532,0.0005099841745686605,11,0.016964399534163014,17.704615078794433
IPR024418,Protein of unknown function DUF3862,0.011182421755368415,0.000024553006617517766,1,0.01696563050918538,17.704299956373898
IPR013022,"Xylose isomerase-like, TIM barrel domain",0.011240518222510276,0.0008340516964090423,23,0.017044904387332274,17.68405430584721
IPR024962,YukD-like,0.011267601116552357,0.00009210057940806882,2,0.017077091920928624,17.67586083894278
IPR003406,"Glycosyl transferase, family 14",0.011524864499609948,0.000024928270910798605,1,0.017448860270437492,17.58232935147499
IPR025945,DHHW protein,0.011524864499609948,0.000024928270910798605,1,0.017448860270437492,17.58232935147499
IPR010662,Putative hydrolase RBBP9/YdeN,0.011645094156558504,0.00009290471717938491,2,0.017621740820199582,17.53951190631004
IPR045351,Domain of unknown function DUF6531,0.011822424703550896,0.000025249926019325038,1,0.01788080416781868,17.476129532250784
IPR028098,"Glycosyltransferase subfamily 4-like, N-terminal domain",0.011886747638413386,0.0008390909597759565,23,0.017968769369421166,17.454816654826192
IPR031888,Protein of unknown function DUF5068,0.01192243908433585,0.00002535714438883385,1,0.018013384647628673,17.444046772036682
IPR020057,"Large ribosomal subunit protein bL25, beta domain",0.012055521698660285,0.00015836153176451416,3,0.018205023963383426,17.398087450652014
IPR009785,"Lactobacillus prophage Lj928, Orf309",0.012073236135837797,0.000025517971943097067,1,0.01822233777023966,17.39395907517448
IPR044722,"SecA, C-terminal helicase domain",0.01209049736773483,0.0005712058635581917,13,0.018238949986712244,17.39000167548332
IPR004026,"Ada DNA repair, metal-binding",0.0121097829220856,0.00009386968250496421,2,0.018258597208273844,17.385325919774278
IPR011640,"Ferrous iron transport protein B, C-terminal",0.012219250241854468,0.0002686356248043265,5,0.018414125945864408,17.348488907594835
IPR019268,Protein of unknown function DUF2278,0.012531206694771667,0.000026000454605886716,1,0.018874482810926744,17.24124939854427
IPR009681,"Phage tail assembly chaperone protein, Siphoviridae",0.012737433294377461,0.00002621489134490434,1,0.019175196430771643,17.172601784421758
IPR007841,Uncharacterised protein family UPF0210,0.012776691426535963,0.00009520991212382435,2,0.019224371620112934,17.161478469167818
IPR024542,Domain of unknown function DUF3880,0.012789247842615734,0.000026268500529658746,1,0.01923334023159746,17.15945285799069
IPR001732,"UDP-glucose/GDP-mannose dehydrogenase, N-terminal",0.012843697658862783,0.0002181357727656764,4,0.019285387421855756,17.147716322200765
IPR041872,"Methionyl-tRNA synthetase, anticodon-binding domain",0.012843697658862783,0.0002181357727656764,4,0.019285387421855756,17.147716322200765
IPR049435,"CRISPR associated protein Cas6, C-terminal domain",0.012841165517205554,0.000026322109714413152,1,0.019285387421855756,17.147716322200765
IPR000836,Phosphoribosyltransferase domain,0.01287321552518263,0.0019148664702426138,48,0.019319761436661118,17.139982406214227
IPR005519,"Acid phosphatase, class B-like",0.013356555189735851,0.00009633570500366687,2,0.020034832784603777,16.982142779393882
IPR025353,Protein of unknown function DUF4257),0.013632294468697586,0.000027126247485729234,1,0.020437928365409853,16.895631273762323
IPR013737,Bacterial alpha-L-rhamnosidase N-terminal,0.013685859892425612,0.00002717985667048364,1,0.02050769139070559,16.880832266481622
IPR000383,Xaa-Pro dipeptidyl-peptidase-like domain,0.014013074055960847,0.0002210306687424143,4,0.02098722339351917,16.780450147114248
IPR013491,Tape measure protein N-terminal,0.014070713076918538,0.00009767593462252701,2,0.02106273066339551,16.764853256876687
IPR011759,"Cytochrome C oxidase subunit II, transmembrane domain",0.014156970067535751,0.00016323996757716506,3,0.02118097727908376,16.74054005648657
IPR006079,"Lantibiotic, Type A, Bacillales-type",0.014446566270040734,0.00002793038525704532,1,0.02160317294535322,16.654824575778814
IPR020948,Phosphate-starvation-induced PsiE-like,0.014511843370059946,0.0000984800723938431,2,0.021689664411632396,16.63747167455781
IPR002822,Nickel insertion protein,0.01466101661300002,0.00009874811831761512,2,0.021901395719010276,16.5952820781971
IPR021598,Protein of unknown function DUF3221,0.014723123021193517,0.000028198431180817345,1,0.02198291179201244,16.579147827292346
IPR005358,Putative zinc- or iron-chelating domain containing protein,0.014834463417494078,0.00002830564955032616,1,0.022126493772589635,16.550874001648673
IPR021080,Minor capsid protein,0.014834463417494078,0.00002830564955032616,1,0.022126493772589635,16.550874001648673
IPR013749,Pyridoxamine kinase/Phosphomethylpyrimidine kinase,0.014939517117978748,0.0005424713405298303,12,0.022271795458091014,16.522447705676594
IPR029751,"Large ribosomal subunit protein bL25, L25 domain",0.015009634470938832,0.00016506267985881486,3,0.02236489224182812,16.50433189997122
IPR041315,"PlcR, tetratricopeptide repeat",0.015053891594449538,0.00009944503771942239,2,0.022419380944542825,16.49376383537694
IPR000468,Barstar (barnase inhibitor),0.015114607407366766,0.000028573695474098185,1,0.022498313016784833,16.478500452205775
IPR010645,Putative MFS transporter YjiJ,0.015283922572765172,0.000028734523028361404,1,0.022738733786828183,16.43233722792703
IPR005564,Major capsid protein GpE,0.015340565648904856,0.000028788132213115808,1,0.02281136636012573,16.41848700480008
IPR000312,"Glycosyl transferase, family 3",0.015602517091626203,0.0004112896654357998,8,0.023189062099481145,16.347168164011286
IPR015890,"Chorismate-utilising enzyme, C-terminal",0.016005855634558426,0.0004885941098516527,10,0.023776400932436256,16.238538845145477
IPR049069,"MRB1590-like, C-terminal domain",0.016612566461625587,0.000029967534277712732,1,0.02466509358559074,16.0791723237583
IPR046834,"ATPase of the ABC class, C-terminal",0.016671558131104023,0.00003002114346246714,1,0.02474008321134826,16.065988439886844
IPR025937,PDGLE domain,0.01678984712272587,0.00003012836183197595,1,0.02490294720746116,16.037492520932407
IPR009303,Protein of unknown function DUF960,0.01685904752106542,0.00016876171360686885,3,0.024992873701792963,16.021838054550372
IPR018776,"Membrane protein, 6-pyruvoyl-tetrahydropterin synthase-related domain",0.01690854352583153,0.00003023558020148476,1,0.025053512663274765,16.01131374653923
IPR010611,3D domain,0.01692178422507653,0.00028016159952652366,5,0.025060397562378444,16.010120435662255
IPR011711,"GntR, C-terminal",0.017068877949263848,0.0004911673507198641,10,0.025265405126930648,15.974737335239173
IPR025548,YfkD-like protein,0.017207065967139747,0.000030503626125256788,1,0.02545702910206976,15.941922809597331
IPR007831,"Type II secretion system protein GspE, N-terminal",0.017267075692261134,0.000030557235310011194,1,0.025532856348191413,15.929005981660403
IPR012302,"Malic enzyme, NAD-binding",0.01753049338109592,0.0003741921095857511,7,0.025909234008756058,15.865454264849554
IPR011708,"Bacterial DNA polymerase III, alpha subunit, NTPase domain",0.01763830962052916,0.0007401284047193238,3,0.026055375305705692,15.841026668064462
IPR021147,Protein of unknown function DUF697,0.017689990329597675,0.000030932499603292033,1,0.026118486987902187,15.830519848179843
IPR025552,YkyB-like protein,0.017811737473161955,0.00003103971797280085,1,0.026284932424969768,15.80293135156892
IPR041069,"FeoB, cytosolic helical domain",0.01846920749153285,0.0002305731036286985,4,0.02724138039722296,15.647708892810087
IPR046462,"Terminase large subunit-like, endonuclease domain",0.018515569126413767,0.00028348536898129684,5,0.027295955294551335,15.639017018016084
IPR019683,Sporulation inhibitor of replication protein SirA,0.018550743247198406,0.00003168302818985371,1,0.02733399055524535,15.632969599791782
IPR010722,Biotin and thiamin synthesis-associated domain,0.01866280014450888,0.00017208548306164197,3,0.027485214758276713,15.609008652847473
IPR038733,"Predicted DNA-binding protein, ribbon-helix-helix domain",0.019051519320727406,0.00003211190166788896,1,0.028043528692196423,15.521673403798022
IPR032782,"RNA-binding protein KhpB, N-terminal",0.019089382017419845,0.00017283601164820367,3,0.02808508474409499,15.515242613432136
IPR025426,Protein of unknown function DUF4305,0.019367791882171886,0.000032379947591660984,1,0.028480323312361687,15.45455084839338
IPR041108,"Polyphosphate kinase, C-terminal domain 1",0.019432539203024193,0.00010646784092224953,2,0.02853236873918356,15.446621719933606
IPR025200,Polyphosphate kinase C-terminal domain 2,0.019432539203024193,0.00010646784092224953,2,0.02853236873918356,15.446621719933606
IPR024953,Polyphosphate kinase middle domain,0.019432539203024193,0.00010646784092224953,2,0.02853236873918356,15.446621719933606
IPR013105,Tetratricopeptide repeat 2,0.019495008286004725,0.0000324871659611698,1,0.028609685033714027,15.434869233507296
IPR032095,"Saccharopine dehydrogenase-like, C-terminal",0.02026678449275959,0.00003313047617822266,1,0.029727335805275132,15.26844010973803
IPR008524,Protein of unknown function DUF806,0.020331754532799822,0.00003318408536297707,1,0.02980764012953458,15.25672405694638
IPR014866,YfkB-like domain,0.02069888521691708,0.00010829055320389932,2,0.03033062778519106,15.181186005425287
IPR024522,Protein of unknown function DUF3789,0.02072368934326768,0.0000335057404715035,1,0.030336485002494258,15.180347410329823
IPR011094,"Uncharacterised protein family, LppY/LpqO",0.02072368934326768,0.0000335057404715035,1,0.030336485002494258,15.180347410329823
IPR020288,Protein of unknown function DUF2634,0.02131838091272527,0.000033988223134293154,1,0.03117572655040466,15.061834164972225
IPR032239,"CRISPR-associated endonuclease Cas9, bridge helix",0.02131838091272527,0.000033988223134293154,1,0.03117572655040466,15.061834164972225
IPR011234,"Fumarylacetoacetase-like, C-terminal",0.021791078173076513,0.00023657733232119194,4,0.03185101952515845,14.96876661693969
IPR004628,Mannonate dehydratase,0.021941715099206883,0.0001100060471160403,2,0.03205513087639643,14.94102445615977
IPR002761,Diphthamide synthase domain,0.021988688103683516,0.000034524314981837206,1,0.03210766875830803,14.933912261107702
IPR009660,"Bacteriophage A500, Gp15",0.02205627029146984,0.00003457792416659161,1,0.032190232317280305,14.92275888994759
IPR046664,Protein of unknown function DUF6773,0.022123952660935305,0.00003463153335134602,1,0.03225250695435105,14.914365224511634
IPR049254,Protein of unknown function DUF6838,0.022123952660935305,0.00003463153335134602,1,0.03225250695435105,14.914365224511634
IPR008279,"PEP-utilising enzyme, mobile domain",0.02213212154172032,0.0006668982583448057,2,0.03225250695435105,14.914365224511634
IPR005627,CutC-like,0.022455754701430033,0.00017835775767790745,3,0.032707782572112876,14.853488979214438
IPR000652,Triosephosphate isomerase,0.023178917489525587,0.00029206283854200173,5,0.03374424533173071,14.718002801297912
IPR035406,Protein of unknown function DUF5412,0.023289859845501623,0.00003554288949217092,1,0.03387193581520336,14.701599822795938
IPR045507,Protein of unknown function DUF6483,0.023289859845501623,0.00003554288949217092,1,0.03387193581520336,14.701599822795938
IPR017525,"Small, acid-soluble spore protein I",0.02349860496248865,0.00003570371704643413,1,0.03414147088720324,14.66717772487973
IPR023370,"TrmO-like, N-terminal domain",0.02349860496248865,0.00003570371704643413,1,0.03414147088720324,14.66717772487973
IPR007295,Domain of unknown function DUF402,0.023856410421121736,0.0003417049436245813,6,0.03463023126852798,14.605446081239391
IPR006724,Phage tail tube protein 1,0.023858756727871303,0.00011252567879949736,2,0.03463023126852798,14.605446081239391
IPR034026,ESAT-6 secretion machinery protein EssA,0.0239187871745252,0.000036025372154960564,1,0.034682836101897305,14.598853964021995
IPR009351,DNA glycosylase AlkZ-like,0.0239187871745252,0.000036025372154960564,1,0.034682836101897305,14.598853964021995
IPR007211,Protein of unknown function DUF378,0.024069217222387553,0.00011279372472326938,2,0.034883617008191904,14.573784903318716
IPR000845,Nucleoside phosphorylase domain,0.024193433645567346,0.0007728300074195111,19,0.03504622578761768,14.553587453968483
IPR012505,YbbR-like,0.024258833057712557,0.0007758857309505123,4,0.0351235140001439,14.544020407577348
IPR032330,"Elongation factor G-binding protein, C-terminal treble-clef zinc-finger",0.024323442692884528,0.00011311537983179582,2,0.035199582576898904,14.534624866816511
IPR003695,"Ppx/GppA phosphatase, N-terminal",0.02442427547275937,0.00018130626283939974,3,0.035327969880241235,14.518813185555565
IPR018770,5-bromo-4-chloroindolyl phosphate hydrolysis protein,0.024535194332601297,0.00018146709039366298,3,0.035470811439695285,14.501288763786018
IPR004316,Sugar transporter SWEET repeat,0.02455578144522304,0.000036507854817750216,1,0.03548298250459385,14.499798828975674
IPR018728,Domain of unknown function DUF2268,0.02496702822327142,0.0001139195176031119,2,0.03605936319913792,14.429819470962137
IPR002562,3'-5' exonuclease domain,0.025128757633616685,0.00003693672829578546,1,0.03627497884139914,14.403928322070087
IPR018878,ORF6C domain,0.02549019654398004,0.00011456282782016477,2,0.0367785319753814,14.34405609728585
IPR038725,"General stress protein, FMN-binding split barrel domain",0.025635320685384662,0.0000373119925890663,1,0.036969631611563636,14.321548769860552
IPR024370,PBP domain,0.02611242530221673,0.00043219724749001795,8,0.03762047044528853,14.24575777884115
IPR031314,Deoxynucleoside kinase domain,0.02611242530221673,0.00043219724749001795,8,0.03762047044528853,14.24575777884115
IPR003474,Gluconate transporter,0.026388884445318922,0.00034583285085067054,6,0.037981237434624865,14.204308899867124
IPR001036,Acriflavin resistance protein,0.026384430341777627,0.00024381457226303667,4,0.037981237434624865,14.204308899867124
IPR010619,"Threonine/serine exporter-like, N-terminal domain",0.026772827801162108,0.0003913470487071609,7,0.038514832692742335,14.143719843606545
IPR025917,Putative membrane protein YuiB,0.02718409857380849,0.00003843778546890882,1,0.03908719499074238,14.079654946675735
IPR021697,Protein of unknown function DUF3278,0.027333871530474663,0.000038545003838417625,1,0.039283178601707304,14.057933784886886
IPR020203,Membrane protein YneK,0.027559269753259986,0.000038705831392680845,1,0.0395876012810375,14.024408125183092
IPR006050,"DNA photolyase, N-terminal",0.027704058619754172,0.00011718967787313065,2,0.03977598962836197,14.003790062812527
IPR027872,Domain of unknown function DUF4428,0.02793690197641059,0.00003897387731645287,1,0.040090554214179765,13.969579399955151
IPR025441,Protein of unknown function DUF4181,0.02801272348447454,0.00003902748650120728,1,0.040179587644234016,13.95994524649808
IPR025403,"Protein-glutamine gamma-glutamyltransferase-like, C-terminal",0.028164661372854307,0.00003913470487071609,1,0.04037765612745485,13.938588949133523
IPR021299,Protein of unknown function DUF2871,0.028643993088620923,0.00011826186156821876,2,0.04104466036679048,13.86743333649854
IPR003790,Glycosyl hydrolase-like 10,0.028699537619853232,0.00003950996916399693,1,0.04110405289758941,13.8611535417552
IPR018680,Protein of unknown function DUF2164,0.028776341033947436,0.00003956357834875134,1,0.041193819565533,13.851679376059119
IPR005181,Sialate O-acetylesterase domain,0.028930242011585384,0.00003967079671826014,1,0.04139381045426054,13.830645933361671
IPR006433,Prohead protease,0.029411311327886394,0.00011911960852428925,2,0.042040874427508194,13.763282594589189
IPR005598,ATP synthase protein I,0.029410654515425034,0.00018806102011845486,3,0.042040874427508194,13.763282594589189
IPR045337,"MmgE/PrpD, C-terminal",0.029549764348851877,0.00004009967019629539,1,0.04221808566450371,13.745014632166955
IPR048300,"TACO1/YebC-like, second and third domains",0.029929896168322395,0.0003023558020148476,5,0.04274024349991582,13.69163007900341
IPR013987,"Protein YjdM, N-terminal",0.03004489611365205,0.00011981652792609652,2,0.04288346405649015,13.677101402962865
IPR045336,"MmgE/PrpD, N-terminal",0.030096982056258374,0.00004047493448957623,1,0.0429197559190413,13.673427564944117
IPR019491,"Lipoate protein ligase, C-terminal",0.03009976023814796,0.00035135459688037435,6,0.0429197559190413,13.673427564944117
IPR001424,"Superoxide dismutase, copper/zinc binding domain",0.030490781589733763,0.00004074298041334826,1,0.04345606994900472,13.619495526735182
IPR020097,"Pseudouridine synthase I, TruA, alpha/beta domain",0.03066250911688039,0.0006527454335696426,2,0.04367947073025072,13.597226326733779
IPR000994,Peptidase M24,0.030842267935364234,0.000970540680793759,27,0.043892656563944414,13.576081330728462
IPR013988,"Protein YjdM, C-terminal",0.030837258548576798,0.00012067427488216701,2,0.043892656563944414,13.576081330728462
IPR007730,Sporulation-like domain,0.030887019063009225,0.00004101102633712029,1,0.04393490126230971,13.571903452791588
IPR000060,BCCT transporter family,0.03132451497949249,0.000398101805986216,7,0.04453548789868362,13.51293785505109
IPR017456,"CTP synthase, N-terminal",0.03142731509995249,0.00025073015709635503,4,0.04465710773631066,13.501094078842792
IPR018656,Domain of unknown function DUF2087,0.03144068661956303,0.00012131758509921988,2,0.04465710773631066,13.501094078842792
IPR013131,"Mannitol dehydrogenase, N-terminal",0.03146904029024861,0.0002507837662811094,4,0.04467561902938896,13.499294211572883
IPR019286,"Protein of unknown function DUF2339, transmembrane",0.03176730765369978,0.000041600727369418746,1,0.045077113926125824,13.46043897552326
IPR004668,Anaerobic c4-dicarboxylate membrane transporter,0.032496285695294516,0.0000420832100322084,1,0.046089090023092805,13.36401866443733
IPR041656,"Tetratrico peptide repeat, group 5",0.033233111527819686,0.00004256569269499805,1,0.047111207202295675,13.268757670294747
IPR018317,Queuosine biosynthesis protein QueC,0.033298508554503246,0.0001232475157503785,2,0.047180977135535214,13.262330689574897
IPR007173,"D-arabinono-1,4-lactone oxidase, C-terminal domain",0.03331546468302871,0.00004261930187975246,1,0.047182076258237844,13.262229518002435
IPR011528,"Nuclease-related domain, NERD",0.03335453555139806,0.00019283223756159695,3,0.04721447847955181,13.25924803069925
IPR005097,"Saccharopine dehydrogenase, NADP binding domain",0.033645843334107035,0.00004283373861877008,1,0.0476037259399593,13.223590537535376
IPR010841,"Elongation factor G-binding protein, N-terminal",0.033774197641890685,0.00012372999841316813,2,0.04776215340628188,13.209161008195858
IPR018948,"GTP-binding protein TrmE, N-terminal",0.03387263910352047,0.0002537858806273561,4,0.047878146207399754,13.19862673375962
IPR015053,Protein of unknown function DUF1871,0.03389464092696487,0.00004299456617303329,1,0.047886033402630604,13.19791135868135
IPR021229,Protein of unknown function DUF2800,0.033977766386589406,0.0000430481753577877,1,0.047980226045179035,13.189377103085246
IPR007557,"PSP1, C-terminal",0.0341021728344545,0.00019368998451766743,3,0.04813259244204711,13.175607464058558
IPR000620,EamA domain,0.03415676508686468,0.0026275469723676817,105,0.04818632171906019,13.170762241051845
IPR022208,Protein of unknown function DUF3737,0.034311232171837666,0.00004326261209680532,1,0.048380828342881356,13.153267002225304
IPR012951,Berberine/berberine-like,0.03439483947389943,0.00004331622128155973,1,0.04846622941246756,13.145607663109997
IPR011114,"Holliday junction DNA helicase RuvA, C-terminal",0.03440503939773932,0.000254429190844409,4,0.04846622941246756,13.145607663109997
IPR000100,Ribonuclease P,0.0344943754648753,0.00025453640921391783,4,0.048568613643445856,13.136442929773324
IPR021321,Protein of unknown function DUF2922,0.03462313978246107,0.00019427968554996592,3,0.0487263878405678,13.122357823197985
IPR013849,"DNA helicase, Holliday junction RuvA type, domain I, bacterial",0.034988815542478756,0.0002551261102462163,4,0.049217262962792115,13.078825416532808
IPR014790,"MutL, C-terminal, dimerisation",0.03503402472736352,0.00025517971943097065,4,0.049257095518318236,13.07531200242676
IPR000037,SsrA-binding protein,0.03507927735942619,0.00025523332861572507,4,0.049273204614685345,13.073891913030184
IPR000589,Small ribosomal subunit protein uS15,0.03507927735942619,0.00025523332861572507,4,0.049273204614685345,13.073891913030184
IPR010652,Domain of unknown function DUF1232,0.035173903445779586,0.00012512383721678268,2,0.04935856710678214,13.06637456483938
IPR011263,"DNA-directed RNA polymerase, RpoA/D/Rpb3-type",0.03516991305667638,0.0002553405469852339,4,0.04935856710678214,13.06637456483938
IPR020818,GroES chaperonin family,0.03539726422738156,0.0002556085929090059,4,0.04964811086437934,13.04097271977956
IPR000883,Cytochrome c oxidase subunit I,0.03543951787361779,0.0001951910416907908,3,0.049683477942052634,13.037880102917557
IPR049035,"ATP-dependent helicase/deoxyribonuclease subunit B, N-terminal",0.03553419830866449,0.0002557694204632691,4,0.049792274035591375,13.028380388469236
IPR028055,"Membrane insertase YidC/Oxa/ALB, C-terminal",0.03559334801577013,0.0004458675896023914,8,0.04985120212006998,13.023243645776365
IPR003137,PA domain,0.03572239875490597,0.00012565992906432674,2,0.04998393223095288,13.011695809620992
IPR020783,"Large ribosomal subunit protein uL11, C-terminal",0.03571738897064401,0.00025598385720228674,4,0.04998393223095288,13.011695809620992
IPR020784,"Large ribosomal subunit protein uL11, N-terminal",0.035809246949224174,0.0002560910755717956,4,0.050057413280890556,13.005315963350824
IPR010090,Phage tail tape measure protein,0.035809246949224174,0.0002560910755717956,4,0.050057413280890556,13.005315963350824
IPR007221,Rod shape-determining protein MreC,0.03594736273891522,0.0002562519031260588,4,0.050226406203486715,12.990678953389851
IPR041561,"PglD, N-terminal",0.036087171243659545,0.00004438840497664784,1,0.0503976012195935,12.975901342268209
IPR002579,Peptide methionine sulphoxide reductase MrsB domain,0.036178434095912794,0.00025651994904983083,4,0.05050086827366286,12.967011548869054
IPR002423,Chaperonin Cpn60/GroEL/TCP-1 family,0.03631760493391542,0.00025668077660409404,4,0.0506708784628217,12.952415664366047
IPR030395,Glycerophosphodiester phosphodiesterase domain,0.036389254673625984,0.0008368929832010259,21,0.05074656462376536,12.945933527337917
IPR004150,"NAD-dependent DNA ligase, OB-fold",0.036925271266449546,0.0002573776960059013,4,0.05146945077101667,12.884504660686456
IPR001199,Cytochrome b5-like heme/steroid binding domain,0.037034294172953584,0.0000449781060089463,1,0.0515967519390027,12.873776367326107
IPR024688,Maltose/galactoside acetyltransferase,0.03719742549237594,0.000405767919406096,7,0.051799280198552164,12.856762751576403
IPR006696,Protein of unknown function DUF423,0.037231729245437835,0.00012710737705269568,2,0.05182230189961658,12.854832999550164
IPR019718,Protein of unknown function DUF2602,0.03755577751980457,0.00004529976111747273,1,0.052248400404460944,12.819270010283898
IPR025194,"Cytoskeleton protein RodZ-like, C-terminal domain",0.037973318307466836,0.00012780429645450295,2,0.052804099277335856,12.773323610945727
IPR013839,"NAD-dependent DNA ligase, adenylation",0.038211368734789704,0.00025882514399427025,4,0.05310979562947892,12.748253697757477
IPR049516,"FAD-dependent protein, C-terminal domain-like",0.03887448237401773,0.00004610389888878882,1,0.05400571253103178,12.67560299630944
IPR018906,"DNA integrity scanning, DisA, linker region",0.038963156143852554,0.000046157508073543224,1,0.05410312538832097,12.66777646174466
IPR011733,"Conserved hypothetical CHP02185, integral membrane",0.040847174359627765,0.00004728330095338574,1,0.056665252346657737,12.466831728538736
IPR012904,"8-oxoguanine DNA glycosylase, N-terminal",0.040847174359627765,0.00004728330095338574,1,0.056665252346657737,12.466831728538736
IPR006949,Baseplate protein J-like,0.041119719558071754,0.00004744412850764896,1,0.057016215992076666,12.440016089888957
IPR038731,Glycosyltransferase RgtA/B/C/D-like,0.041705875906626305,0.0001311816750940305,2,0.057801489612035316,12.38060969158174
IPR018485,"Carbohydrate kinase FGGY, C-terminal",0.04186963928232941,0.0009755263349759187,27,0.05800088748088958,12.365653611766426
IPR009288,"Gamma-glutamylcyclotransferase, AIG2-like domain",0.04212629816570752,0.00004803382953994742,1,0.058328720537133484,12.341175498816085
IPR001872,"Peptidase A8, signal peptidase II",0.042424229365300534,0.00026332831551364034,4,0.05871336157058204,12.312630538454556
IPR021657,"Immunoglobulin-binding protein Sbi, domain IV",0.04249514480227235,0.00004824826627896504,1,0.0587836063773369,12.307437734568062
IPR017039,Virulence factor BrkB,0.04305273549397803,0.00026397162573069317,4,0.05952668406848741,12.25288309130888
IPR008764,"Peptidase U57, YabG",0.043610677589829554,0.00004889157649601791,1,0.060269543057792876,12.199021011856704
IPR013740,Redoxin,0.044892178472446,0.0002047870857618294,3,0.06201117594772739,12.075300328400099
IPR010390,ABC-2 transporter-like,0.04521970746419287,0.0001341837894402772,2,0.06243402791931174,12.04578645739839
IPR021493,Protein of unknown function DUF3147,0.045413223553103226,0.00013434461699454045,2,0.06267153804110223,12.029296470174817
IPR025272,"Antitoxin SocA-like, Panacea domain",0.04549976331486151,0.00004996376019110602,1,0.06276126292627066,12.02308325818181
IPR018913,"BppU, N-terminal",0.046752549640475066,0.00020650257967397037,3,0.06445883439793158,11.907175520524042
IPR004111,"Tetracycline repressor TetR, C-terminal",0.04752325583280635,0.00005108955307094854,1,0.06549046030645715,11.838219570768974
IPR004518,NTP pyrophosphohydrolase MazG-like domain,0.04772441609828724,0.0005314278484704227,10,0.06573660715286046,11.821927148089358
IPR003961,Fibronectin type III,0.04812267117385676,0.0002077355909233217,3,0.0662538758937518,11.787887101453972
IPR003782,Copper chaperone SCO1/SenC,0.04850112957447441,0.000051625644918492593,1,0.06674341379856885,11.755915837770576
IPR001437,"Transcription elongation factor, GreA/GreB, C-terminal",0.0493372687393823,0.0003243891769489083,5,0.06786201681322585,11.683732375609356
IPR013856,Peptidase M4 domain,0.04958206585235812,0.00020902221135742744,3,0.06816657426943719,11.664285310457508
IPR014922,YdhG-like domain,0.0500681961250991,0.0002707263830097483,4,0.0688024787468374,11.62395915155744
IPR039561,Peptidase M15C,0.050184585271777396,0.00005253700105931749,1,0.06892993436293117,11.615921350533307
IPR008030,NmrA-like domain,0.05112228990510389,0.0001389013976986649,2,0.07016762272168099,11.53863237114411
IPR030389,FeoB-type guanine nucleotide-binding (G) domain,0.051133812854448596,0.0002716913483353276,4,0.07016762272168099,11.53863237114411
IPR010914,RsgA GTPase domain,0.051396572255336906,0.0003263191076000669,5,0.07049501632011403,11.518415845855994
IPR021886,MgsA AAA+ ATPase C-terminal,0.05339854281166845,0.0003281418198817167,5,0.07320646489836634,11.354505644920236
IPR020256,Spore coat protein CotJA,0.05393963544691981,0.0000545205408952305,1,0.0739135230090311,11.312760970460761
IPR004821,Cytidyltransferase-like domain,0.05413313575621123,0.0007250106146185814,16,0.07414383460080412,11.2992495670807
IPR001095,"Acetyl-CoA carboxylase, alpha subunit",0.05467821174789143,0.0002748006810510831,4,0.07482011518388146,11.2598162755073
IPR046786,"Motility protein A, N-terminal",0.054663989014321845,0.00005489580518851134,1,0.07482011518388146,11.2598162755073
IPR001570,"Peptidase M4, C-terminal",0.054866662600432686,0.00021347177369204312,3,0.07504277117395014,11.246911367380914
IPR049504,O-antigen ligase-like membrane protein,0.05539275108345744,0.00005527106948179218,1,0.07572679894953675,11.20750400866324
IPR000014,PAS domain,0.05545253663270187,0.0006064270979418362,12,0.075773006945154,11.204854780432198
IPR033880,"SPFH domain, YdjI-like",0.05591598838222719,0.000055539115405564206,1,0.07637050216514027,11.170743537363773
IPR004841,Amino acid permease/ SLC12A domain,0.05684644977085065,0.0011606388499328813,35,0.07760498479953207,11.101103818165459
IPR032821,"Polyketide synthase, C-terminal extension",0.056975237310228716,0.00014324374166377178,2,0.0777444043035222,11.093308597616701
IPR018035,Flagellar assembly protein FliH/Type III secretion system HrpE,0.05728687631982348,0.00005623603480737148,1,0.07813308295070406,11.071650390967555
IPR014208,"Sporulation stage III, transcriptional regulator SpoIIID",0.057605377489942086,0.00005639686236163469,1,0.07853075304379202,11.049602380093422
IPR014027,"UDP-glucose/GDP-mannose dehydrogenase, C-terminal",0.05850629470346734,0.00021636666966878102,3,0.07968442566805733,10.986265532259242
IPR011607,Methylglyoxal synthase-like domain,0.05848240101376258,0.0006228851176614387,2,0.07968442566805733,10.986265532259242
IPR014026,"UDP-glucose/GDP-mannose dehydrogenase, dimerisation",0.05954593982263252,0.0002171708074400971,3,0.08106253992660897,10.911797926640368
IPR024207,"Protein CotJB, domain",0.059857278954116855,0.00005752265524147721,1,0.08144835531040819,10.891176809911485
IPR001223,"Glycoside hydrolase family 18, catalytic domain",0.0602460072766043,0.00021770689928764115,3,0.08193906586687413,10.865089914589616
IPR008824,RuvB-like P-loop domain,0.06078902407325426,0.00027983994441799725,4,0.08260531700166909,10.829919978349691
IPR001731,Delta-aminolevulinic acid dehydratase,0.060792527532778425,0.00014592420090149205,2,0.08260531700166909,10.829919978349691
IPR014016,"UvrD-like helicase, ATP-binding domain",0.06093216852046966,0.0009322637228791135,24,0.082756499024541,10.821978902451107
IPR001342,"Homoserine dehydrogenase, catalytic",0.06146628018796598,0.0002803760362655413,4,0.08344305075796499,10.786098260684717
IPR037479,"Tautomerase, MSAD family",0.061599185680755515,0.0000583804021975477,1,0.0835845627943616,10.778739248611453
IPR046461,"Terminase large subunit-like, ATPase domain",0.06208033256329134,0.00028085851892833096,4,0.08419825569979421,10.746969055051121
IPR001544,Aminotransferase class IV,0.06226143520724772,0.0005710986451886829,11,0.0844046234608714,10.736337632256738
IPR005106,"Aspartate/homoserine dehydrogenase, NAD-binding",0.06269868119313028,0.00028134100159112063,4,0.08495787841968769,10.707963413912196
IPR002502,N-acetylmuramoyl-L-alanine amidase domain,0.06291350441578074,0.0004523543009576745,8,0.08520937244608297,10.695126331939873
IPR007441,Ethanolamine utilisation protein EutH,0.06369689136324146,0.000059398976707881405,1,0.08623033204048842,10.643399415918829
IPR003673,CoA-transferase family III,0.06380817079746409,0.00005945258589263581,1,0.08634089375656857,10.63783460063155
IPR000421,Coagulation factor 5/8 C-terminal domain,0.06443895652096977,0.00028268123120998075,4,0.08715398757659919,10.597127377232907
IPR001296,"Glycosyl transferase, family 1",0.06461522088202178,0.0017586493058682757,72,0.08735187023271929,10.58727792191586
IPR000271,Large ribosomal subunit protein bL34,0.06485958209875149,0.0002211378871119231,3,0.08764158544947144,10.572897745877272
IPR000473,Large ribosomal subunit protein bL36,0.06522978460366437,0.00022140593303569513,3,0.08806020921494691,10.552202870710303
IPR026843,"Nuclease SbcCD subunit D, C-terminal domain",0.06522978460366437,0.00022140593303569513,3,0.08806020921494691,10.552202870710303
IPR013556,Flagellar M-ring C-terminal,0.06548780090525087,0.0000602567236639519,1,0.08836762028677074,10.537068402678099
IPR001624,Flagellar hook-basal body complex protein FliE,0.06560047059224584,0.0000603103328487063,1,0.08847871056752492,10.531612151249238
IPR028263,"Flagellar motor switch protein FliG, N-terminal domain",0.06593899910106991,0.00006047116040296952,1,0.0888941846411095,10.511266491634748
IPR032779,"Flagellar motor switch protein FliG, middle domain",0.06616511730030565,0.00006057837877247833,1,0.08915780131593866,10.498406500182815
IPR017926,Glutamine amidotransferase,0.06633274759124302,0.0013900861606817372,25,0.08934239814136935,10.48942394313415
IPR027843,Domain of unknown function DUF4440,0.06639158119703721,0.00006068559714198714,1,0.08938035584975093,10.487579206168594
IPR006182,"Flagellar M-ring , N-terminal",0.06650494269509948,0.00006073920632674155,1,0.08949165339128291,10.482174680935195
IPR048912,"Beta-galactosidase 1-like , first all-beta domain",0.06673192461668193,0.00006084642469625036,1,0.08975566982575853,10.469381076937648
IPR048913,"Beta-galactosidase, galactose-binding domain",0.06684554497055743,0.00006090003388100476,1,0.0898256263290993,10.465997458981713
IPR009267,Putative nucleotidyltransferase,0.06684554497055743,0.00006090003388100476,1,0.0898256263290993,10.465997458981713
IPR010178,Integral membrane protein 1906,0.06714611405900903,0.0001501593264970901,2,0.0901879634251821,10.448514199617955
IPR023087,"Flagellar motor switch protein FliG, C-terminal",0.06741493927576976,0.0000611680798047768,1,0.09050734941443123,10.43316153606533
IPR001440,Tetratricopeptide repeat 1,0.06787200366620735,0.00006138251654379442,1,0.0910790440361991,10.405815363790559
IPR025004,Transcriptional regulatory protein SenN/SenS,0.06844526665859332,0.00006165056246756644,1,0.09180607064234504,10.371286002878303
IPR039445,"Transcriptional regulator DauR-like, HTH domain",0.06856017657310769,0.00006170417165232085,1,0.09191791948835955,10.365998142256746
IPR002225,3-beta hydroxysteroid dehydrogenase/isomerase,0.06879025343664855,0.00006181139002182966,1,0.0921839977119794,10.353444619024717
IPR007214,YbaK/aminoacyl-tRNA synthetase-associated domain,0.06884997286782396,0.0006441679640089377,13,0.09222164487026857,10.351671359475548
IPR007499,Essential recombination function protein,0.06890542031518924,0.00006186499920658407,1,0.09225353794265007,10.350169695644889
IPR013559,YheO-like,0.06925143431449086,0.00006202582676084729,1,0.09267424619598685,10.33040937796427
IPR003806,"ATP-grasp fold, PylC-type",0.06994576926789212,0.00006234748186937371,1,0.09356048769962083,10.289075230246832
IPR010719,Methyltransferase MnmM-like,0.07032860686664529,0.0002249977484142403,3,0.09402944411881599,10.267361313363763
IPR006115,"6-phosphogluconate dehydrogenase, NADP-binding",0.07136587461408472,0.0005832143209431786,11,0.09537254370974842,10.205766340125708
IPR014825,DNA alkylation repair enzyme,0.07253619243219973,0.00022649880558736366,3,0.09689213794424847,10.137114611943709
IPR005624,Corrinoid adenosyltransferase PduO/GlcC-like,0.07287178450511912,0.00006368771148823385,1,0.09729584414694475,10.119057096041562
IPR007793,DivIVA family,0.07298366643494185,0.0005244050452675956,1,0.0974006276083709,10.114382447027591
IPR001986,Enolpyruvate transferase domain,0.07395751003522613,0.0007179342022309998,4,0.0986551231759924,10.058803568457396
IPR011260,"RNA polymerase, alpha subunit, C-terminal",0.07403349519451453,0.00028965042522805347,4,0.09871132692601937,10.05633010053555
IPR010918,"PurM-like, C-terminal domain",0.07441919708425965,0.0007209363165772466,4,0.09918024620553069,10.035748179488142
IPR002130,Cyclophilin-type peptidyl-prolyl cis-trans isomerase domain,0.07463388883163512,0.00034497510389460003,5,0.09942093185612061,10.025221706068514
IPR000787,Peptidase M29,0.07590635460837845,0.00029093704566215923,4,0.10106983106759433,9.953784601968419
IPR048665,"Immune inhibitor A-like metallopeptidase, VEG domain",0.07669395220088143,0.00006540320540037483,1,0.1020719144763899,9.91093739459153
IPR025966,"Oligopeptide transport permease C-like, N-terminal domain",0.07753150740256197,0.0005972063181640784,2,0.10313954178187533,9.865748023654596
IPR032615,Protein of unknown function DUF4887,0.07790590908359724,0.00006593929724791889,1,0.1035903469620472,9.84680712317019
IPR011096,FTP domain,0.07892725491718319,0.00023068032199820732,3,0.10490058128464275,9.79222105247688
IPR010377,Initiation control protein YabA,0.07934913591285969,0.00023094836792197934,3,0.10541324843822271,9.771048031459383
IPR001818,"Peptidase M10, metallopeptidase",0.07947986650549693,0.00015771822154746128,2,0.10553883913025003,9.765876871353907
IPR013563,"Oligopeptide/dipeptide ABC transporter, C-terminal",0.0798565174710971,0.0011293846952210628,15,0.10599071686195681,9.747321705104671
IPR048588,"Conserved virulence factor B, second S1 domain",0.0799422507946319,0.00023132363221526017,3,0.10605623444820136,9.744637966724722
IPR005104,"Winged helix-turn-helix transcription repressor, HrcA DNA-binding domain",0.07998522687885437,0.00006685065338874378,1,0.10606499389665273,9.74427928691141
IPR016979,Protein of unknown function DUF2129,0.08070908575010632,0.00023180611487804982,3,0.10697622456695911,9.707127334055707
IPR010288,Bacterial ABC transporter EcsB,0.0809757885952017,0.0002943144243016868,4,0.1072322432078148,9.696746088432173
IPR009370,YutD-like,0.0809657631159332,0.00023196694243231305,3,0.1072322432078148,9.696746088432173
IPR001444,"Flagellar basal body rod protein, N-terminal",0.0810580554229025,0.00029436803348644114,4,0.10729246010584824,9.694307966685244
IPR003135,"ATP-grasp fold, ATP-dependent carboxylate-amine ligase-type",0.08313311018198588,0.0002957082631053013,4,0.10998917844404302,9.586500418711202
IPR000485,AsnC-type HTH domain,0.08358702837216739,0.00006840531974662155,1,0.11053958037788666,9.564821883874462
IPR027795,"CASTOR, ACT domain",0.08372047386802728,0.00029608352739858215,4,0.1106658666360687,9.55986310625234
IPR002751,Metal transport protein CbiM/NikMN,0.08383795350012843,0.00006851253811613036,1,0.1106706529680283,9.559675276646756
IPR035240,"SprT-like, zinc ribbon domain",0.08378173816484888,0.00016018424404616393,2,0.1106706529680283,9.559675276646756
IPR010787,Protein of unknown function DUF1385,0.08383795350012843,0.00006851253811613036,1,0.1106706529680283,9.559675276646756
IPR012001,"Thiamine pyrophosphate enzyme, N-terminal TPP-binding domain",0.08431534789800965,0.0010127847183802306,27,0.11125047713601637,9.536981177214608
IPR002637,RdgB/HAM1,0.08490355645066426,0.0002968340559851438,4,0.11192530316913969,9.51071720580826
IPR048587,"Conserved virulence factor B, third S1 domain",0.08488004533658064,0.0002343793557462613,3,0.11192530316913969,9.51071720580826
IPR015864,FAD synthetase,0.08515852554038976,0.000296994883539407,4,0.11221069158417375,9.4996576095158
IPR016030,Cobalamin adenosyltransferase-like,0.08608074814522447,0.0001614708644802697,2,0.11337464389858833,9.454840640167081
IPR005171,"Cytochrome C oxidase subunit IV, prokaryotes",0.08617735273486002,0.00016152447366502408,2,0.11344450759789595,9.452165255848428
IPR002696,Membrane protein insertion efficiency factor YidD-like,0.08621160111006085,0.0002351834935175774,3,0.11344450759789595,9.452165255848428
IPR011741,"Phage conserved hypothetical protein, C-terminal",0.08700176852917159,0.0000698527677349905,1,0.11443263736177914,9.414500926355204
IPR023635,Peptide deformylase,0.08723577074877964,0.0004825898811591592,8,0.11468868688162373,9.404794196506161
IPR003832,Protein of unknown function DUF212,0.0884097382331489,0.00007044246876728896,1,0.11617971910223623,9.348696778898836
IPR040686,"Phosphoribosylaminoimidazole carboxylase, C-terminal domain",0.08855148431942025,0.00023657733232119194,3,0.1163135712952385,9.343696094781468
IPR008757,"Peptidase M6-like, domain",0.08866676973455576,0.00007054968713679777,1,0.11641256215486924,9.340001521589203
IPR018709,"CoA enzyme activase, domain of unknown function DUF2229",0.08943977282775774,0.00007087134224532421,1,0.11737460736532024,9.304258474999331
IPR007342,Pseudouridine-5'-phosphate glycosidase,0.08969807568556151,0.00007097856061483302,1,0.11766063369280133,9.293688169332253
IPR014967,"Uncharacterised protein family, YugN-like",0.08982734603185998,0.00007103216979958743,1,0.11777722168565813,9.28938694716802
IPR010899,Protein of unknown function UPF0344,0.09079112302515428,0.00016404410534848115,2,0.11898737741184263,9.244991076086812
IPR008875,TraX,0.09125454019010401,0.00007162187083188589,1,0.119540987957926,9.224831592192304
IPR046208,Protein of unknown function DUF6241,0.09151505591590361,0.0000717290892013947,1,0.11982842525854286,9.214401479850526
IPR049083,"TACO1/YebC-like, N-terminal domain",0.09196845109674241,0.00030117639995025066,4,0.1203680446131512,9.194887945581705
IPR019545,DM13 domain,0.09282235133250487,0.00007226518104893875,1,0.12143112448882198,9.156699832667176
IPR008729,Phenolic acid decarboxylase,0.09387382891573363,0.00007269405452697399,1,0.12275160767635843,9.109728112180372
IPR000086,NUDIX hydrolase domain,0.09568867779088724,0.0020897396309114847,66,0.12506866178315876,9.028514970181883
IPR002142,Peptidase S49,0.0959917413761409,0.00007355180148304448,1,0.12535240387497845,9.018673331885887
IPR041038,TarS beta-glycosyltransferase C-terminal domain 1,0.0959917413761409,0.00007355180148304448,1,0.12535240387497845,9.018673331885887
IPR031306,CcdC protein,0.09709712251638476,0.0001673678748032543,2,0.1267391267939919,8.970892893983859
IPR000298,Cytochrome c oxidase subunit III-like,0.09730470191186406,0.00016747509317276312,2,0.12695324866890184,8.963561812737122
IPR003018,GAF domain,0.09780193207660266,0.0006324811617324773,12,0.1275449167868396,8.943368452111235
IPR032561,Protein of unknown function DUF4930,0.0982637225190894,0.00007446315762386938,1,0.1280898591263588,8.924852519867482
IPR010720,"Alpha-L-arabinofuranosidase, C-terminal",0.09853247537166321,0.0000745703759933782,1,0.12838279632876226,8.914931691025505
IPR006204,GHMP kinase N-terminal domain,0.09895295223553605,0.0011959136935012801,18,0.1288730722281479,8.898378181347281
IPR048453,"DNA primase DnaG, catalytic core, helical bundle",0.09907090008821237,0.00007478481273239582,1,0.12896908243626218,8.895143899848836
IPR008767,"Bacteriophage SPP1, head-tail adaptor",0.09949996929976102,0.00016860088605260561,2,0.1294120920954965,8.880251418667536
IPR013688,GBS Bsp-like,0.09947552149129277,0.00007494564028665903,1,0.1294120920954965,8.880251418667536
IPR034683,Cytidylyltransferase IspD/TarI,0.09968145244441268,0.00024290321612221178,3,0.12959033229064082,8.874273965320675
IPR021529,Protein of unknown function DUF2798,0.10042230772365865,0.00007532090457993987,1,0.13049529827192005,8.844051356157033
IPR000194,"ATPase, F1/V1/A1 complex, alpha/beta subunit, nucleotide-binding domain",0.1009446710149065,0.0009247584370134966,9,0.13111566177259126,8.823454287129815
IPR002192,"Pyruvate phosphate dikinase, AMP/ATP-binding",0.10303472534343042,0.0003075558929360249,4,0.13377081883412426,8.736386145315873
IPR002656,Acyltransferase 3 domain,0.10389714407514947,0.0007850529015435157,17,0.13477049471669744,8.704051774172008
IPR013798,Indole-3-glycerol phosphate synthase domain,0.10386842483832845,0.00017079886262753624,2,0.13477049471669744,8.704051774172008
IPR005139,Peptide chain release factor,0.10479885048552881,0.0005107347031552222,1,0.13587970120755982,8.668454167920794
IPR026816,Flavodoxin domain,0.10507373245085555,0.00007714361686158966,1,0.13611506167334286,8.660938157246395
IPR007862,"Adenylate kinase, active site lid domain",0.10505527154141973,0.0002457981120989497,3,0.13611506167334286,8.660938157246395
IPR013126,Heat shock protein 70 family,0.10693967645470576,0.0003097002603262012,4,0.1384707355869991,8.586420007221871
IPR002125,Cytidine and deoxycytidylate deaminase domain,0.10761843887469559,0.0007261900166831783,15,0.13917383017968718,8.564424204513587
IPR022206,"Firmicutes EssC, N-terminal",0.10757129334778233,0.00007810858218716896,1,0.13917383017968718,8.564424204513587
IPR018580,Uncharacterised protein family YfhO,0.10762585289958664,0.000365453812470783,5,0.13917383017968718,8.564424204513587
IPR041627,"CbbX, AAA lid domain",0.1081295676217117,0.00007832301892618659,1,0.1397632177238082,8.546071092872342
IPR003501,"Phosphotransferase system, EIIB component, type 2/3",0.1089550309872727,0.0022440804738194185,78,0.1407677759676062,8.514967508838248
IPR015265,"Bacterial purine repressor, N-terminal",0.10904623502634801,0.0002478888703043715,3,0.14082321582676297,8.513257423933405
IPR013693,"Sporulation stage II protein D, amidase enhancer LytB N-terminal",0.10938999499397734,0.00007880550158897623,1,0.14120461505198667,8.501511088163852
IPR002028,"Tryptophan synthase, alpha chain",0.10945418967942828,0.00017353293105001094,2,0.14122496332089066,8.50088529387081
IPR032639,"Tex protein, YqgF-like domain",0.11029277492010313,0.0002485321805214244,3,0.14224402108227366,8.469659791722373
IPR041692,HHH domain 9,0.11081474330487867,0.0002488002264451964,3,0.14285401922061283,8.451075361648353
IPR006674,HD domain,0.11196898274971892,0.001750768755709378,45,0.14427819429879823,8.407993016945062
IPR048799,"P68 RBP/TagC-like, beta propeller",0.11221217891260972,0.00007987768528406435,1,0.14452770040157684,8.400489073806451
IPR006343,DnaD domain,0.11284736394218126,0.0007324622912994438,15,0.14528163940635785,8.377892680719048
IPR009414,Protein of unknown function DUF1064,0.11306450730045413,0.00008019934039259078,1,0.14549695643783064,8.371460913246745
IPR039430,Thymidylate kinase-like domain,0.11334128905575669,0.00025008684687930215,3,0.145788795274189,8.362758528190202
IPR040764,"Conserved virulence factor B-like, winged helix domain",0.1136595622923258,0.00025024767443356536,3,0.1460693184858625,8.35440997013075
IPR006977,Yip1 domain,0.11363417249884537,0.0000804137771316084,1,0.1460693184858625,8.35440997013075
IPR003754,"Tetrapyrrole biosynthesis, uroporphyrinogen III synthase",0.11383882042601642,0.00017562368925543275,2,0.1462352424503365,8.349479505159872
IPR004134,"Peptidase C1B, bleomycin hydrolase",0.11486453840649975,0.0001761061719182224,2,0.14748788815207103,8.31243642904109
IPR006196,"RNA-binding domain, S1, IF1 type",0.11558065542506049,0.00025121263975914465,3,0.14834207360012167,8.28735654495073
IPR016188,"PurM-like, N-terminal domain",0.1158037062318448,0.0007395923128717797,5,0.14856295968854352,8.280894571169647
IPR024596,DNA-directed RNA polymerase subunit beta/EpuA,0.11693205663959229,0.00008164678838095973,1,0.14994453701013682,8.240693524424449
IPR007422,Cysteine protease Prp,0.11741304430456419,0.00025212399589996957,3,0.15049513722730073,8.224775326911939
IPR006728,Immunity protein YezG-like,0.11752358053945039,0.0003707611217614691,5,0.15057063306372465,8.222597236335842
IPR001901,"Protein translocase complex, SecE/Sec61-gamma subunit",0.11762977008798589,0.00025223121426947836,3,0.15057436768067026,8.222489519220993
IPR007373,"Thiamin pyrophosphokinase, thiamin-binding domain",0.11762977008798589,0.00025223121426947836,3,0.15057436768067026,8.222489519220993
IPR005475,"Transketolase-like, pyrimidine-binding domain",0.11838888547678128,0.001039803747496451,13,0.151479591948352,8.196458734404228
IPR004618,Aspartate--ammonia ligase,0.11852264103545238,0.0000822364894132582,1,0.15158421985060488,8.193460070714421
IPR005302,"Molybdenum cofactor sulfurase, C-terminal",0.11866988974258634,0.0001778752750151178,2,0.1516395260689666,8.191875815784588
IPR001240,N-(5'phosphoribosyl) anthranilate isomerase (PRAI) domain,0.11866988974258634,0.0001778752750151178,2,0.1516395260689666,8.191875815784588
IPR011855,Phage major tail protein TP901-1,0.11881275862590797,0.000082343707782767,1,0.15175558657606117,8.188553122823762
IPR022572,"DNA replication/recombination mediator RecO, N-terminal",0.1193722930269627,0.00025308896122554886,3,0.15240350545824136,8.170050436023098
IPR013557,AntA/AntB antirepressor,0.11968480415660766,0.00008266536289129344,1,0.1527356187836621,8.160596712780666
IPR022259,Accessory Sec system protein Asp3,0.11983039148987298,0.00008271897207604785,1,0.15285451512881434,8.157217282393797
IPR001463,Sodium:alanine symporter,0.1200079305113271,0.0003720477421955749,5,0.15288035184404974,8.156483264517782
IPR001765,Carbonic anhydrase,0.11997604911221871,0.00008277258126080225,1,0.15288035184404974,8.156483264517782
IPR001971,Small ribosomal subunit protein uS11,0.11992000835635842,0.00025335700714932086,3,0.15288035184404974,8.156483264517782
IPR033983,Thiazole synthase ThiG,0.12026757505269552,0.00008287979963031107,1,0.15314421347321402,8.148994082869196
IPR026904,"tRNA uridine 5-carboxymethylaminomethyl modification enzyme MnmG, C-terminal",0.12046923589203559,0.0002536250530730929,3,0.15333404271548484,8.143614138204276
IPR007280,"Peptidase, C-terminal, archaeal/bacterial",0.1208514685157337,0.00008309423636932868,1,0.1537534390016926,8.131751615834059
IPR011146,HIT-like domain,0.12147246093363868,0.00037279827078213654,5,0.154476099469032,8.111387050524723
IPR016082,"Large ribosomal subunit protein uL30-like, ferredoxin-like fold domain",0.12212598782526196,0.000254429190844409,3,0.1552394858319372,8.089978043546086
IPR000218,Large ribosomal subunit protein uL14,0.1232380426315916,0.000254965282691953,3,0.15592314668091828,8.070894093164899
IPR031309,"Large ribosomal subunit protein uL5, C-terminal",0.12334958029317619,0.00025501889187670745,3,0.15592314668091828,8.070894093164899
IPR003717,"Recombination protein O, RecO",0.12357283675569346,0.0002551261102462163,3,0.15592314668091828,8.070894093164899
IPR001854,Large ribosomal subunit protein uL29,0.1232380426315916,0.000254965282691953,3,0.15592314668091828,8.070894093164899
IPR021131,Large ribosomal subunit protein uL15/eL18,0.12346117833586367,0.00025507250106146187,3,0.15592314668091828,8.070894093164899
IPR011262,"DNA-directed RNA polymerase, insert domain",0.12357283675569346,0.0002551261102462163,3,0.15592314668091828,8.070894093164899
IPR000266,Small ribosomal subunit protein uS17,0.1232380426315916,0.000254965282691953,3,0.15592314668091828,8.070894093164899
IPR000630,Small ribosomal subunit protein uS8,0.12334958029317619,0.00025501889187670745,3,0.15592314668091828,8.070894093164899
IPR041445,"RuvB, AAA lid domain",0.12346117833586367,0.00025507250106146187,3,0.15592314668091828,8.070894093164899
IPR005324,"Small ribosomal subunit protein uS5, C-terminal",0.1232380426315916,0.000254965282691953,3,0.15592314668091828,8.070894093164899
IPR031310,"Large ribosomal subunit protein uL5, N-terminal",0.1232380426315916,0.000254965282691953,3,0.15592314668091828,8.070894093164899
IPR007861,"DNA mismatch repair protein MutS, clamp",0.12290379197258967,0.0002548044551376898,3,0.15592314668091828,8.070894093164899
IPR000456,Large ribosomal subunit protein bL17,0.12357283675569346,0.0002551261102462163,3,0.15592314668091828,8.070894093164899
IPR013810,"Small ribosomal subunit protein uS5, N-terminal",0.1232380426315916,0.000254965282691953,3,0.15592314668091828,8.070894093164899
IPR005484,Large ribosomal subunit protein uL18,0.1232380426315916,0.000254965282691953,3,0.15592314668091828,8.070894093164899
IPR008823,RuvB C-terminal winged helix domain,0.1232380426315916,0.000254965282691953,3,0.15592314668091828,8.070894093164899
IPR003256,Large ribosomal subunit protein uL24,0.1232380426315916,0.000254965282691953,3,0.15592314668091828,8.070894093164899
IPR013507,"DNA mismatch repair protein, S5 domain 2-like",0.12368455554867379,0.00025517971943097065,3,0.155996610717964,8.068848373024355
IPR002695,Bifunctional purine biosynthesis protein PurH-like,0.12379633471078144,0.00025523332861572507,3,0.1560700873396622,8.066803265863564
IPR019499,"Valyl-tRNA synthetase, tRNA-binding arm",0.12390817423796188,0.0002552869378004795,3,0.1561435765245881,8.064758771866263
IPR028364,Ribosomal protein uL1/ribosomal biogenesis protein,0.12402007412612834,0.0002553405469852339,3,0.15621707825131328,8.062714891215597
IPR001865,Small ribosomal subunit protein uS2,0.12458047883654136,0.0002556085929090059,3,0.15685521428642252,8.04501039617302
IPR004188,"Phenylalanine-tRNA ligase, class II, N-terminal",0.12469274080305667,0.0002556622020937603,3,0.15692880111424826,8.042973431108974
IPR001892,Small ribosomal subunit protein uS13,0.12514239194061824,0.00025587663883277795,3,0.1574267536233144,8.029214602638731
IPR009530,Protein of unknown function DUF1149,0.12541440140127785,0.00008475612109671526,1,0.15770090318504795,8.021658193714192
IPR002319,Phenylalanyl-tRNA synthetase,0.12548026360564926,0.00025603746638704116,3,0.1577157106353764,8.02125042863831
IPR006135,Type III secretion system substrate exporter,0.12645391756800595,0.0000851313853899961,1,0.1588710140578653,7.989553323900342
IPR007886,"Alanine dehydrogenase/pyridine nucleotide transhydrogenase, N-terminal",0.12672376856234094,0.0002566271674193396,3,0.159072969921561,7.984036104930561
IPR007696,"DNA mismatch repair protein MutS, core",0.12672376856234094,0.0002566271674193396,3,0.159072969921561,7.984036104930561
IPR003173,"Transcriptional coactivator p15 (PC4), C-terminal",0.12734759745682245,0.00008545304049852253,1,0.1597872608365294,7.964578481067386
IPR029100,Bacterial toxin 50,0.1283933211467972,0.00008582830479180337,1,0.16103007503830566,7.930930046924702
IPR022691,"Transcription elongation factor, GreA/GreB, N-terminal",0.12875782600760494,0.00032085097075511753,4,0.1613484403258169,7.922352283460081
IPR000792,"Transcription regulator LuxR, C-terminal",0.12872208528259554,0.0009206305297874074,22,0.1613484403258169,7.922352283460081
IPR011105,"Cell wall hydrolase, SleB",0.12915634199532952,0.00018259288327350547,2,0.16177830466425294,7.910797200312315
IPR007371,"Thiamin pyrophosphokinase, catalytic domain",0.13072884186816955,0.00025850348888574383,3,0.16367767406079106,7.8601055512348985
IPR040921,"LD-carboxypeptidase, C-terminal",0.1310755606586455,0.00025866431644000704,3,0.16404134544232202,7.850466773522442
IPR001078,"2-oxoacid dehydrogenase acyltransferase, catalytic domain",0.13125506193743602,0.000542310512975567,9,0.1641955214970242,7.846386926225131
IPR018752,Probable inorganic carbon transporter subunit DabA,0.13139935198868993,0.00008690048848689148,1,0.16430553619168947,7.8434780298615205
IPR018745,Na+-translocating membrane potential-generating system MpsC,0.131484656680545,0.00018361145778383918,2,0.16434173119608625,7.842521424266076
IPR021033,"Extracellular fibrinogen binding protein, C-terminal",0.1335195168812603,0.00008765101707345316,1,0.16681358664342547,7.777685798136017
IPR025164,Toastrack DUF4097,0.13393644318179754,0.00040142557544098914,6,0.16726281298420628,7.766006036337016
IPR005144,ATP-cone domain,0.13439808332584335,0.0004020152764732876,6,0.1677674704529791,7.752922435806759
IPR039566,"Conserved virulence factor B, first S1 domain",0.13457244024504633,0.0002602725919826392,3,0.16791323737892816,7.749150650649865
IPR040449,"LD-carboxypeptidase, N-terminal",0.13468993148806488,0.00026032620116739363,3,0.16798795561129048,7.7472185517335825
IPR017896,"4Fe-4S ferredoxin-type, iron-sulphur binding domain",0.13673204938415479,0.0013253262654984153,24,0.17038916923256212,7.685580145694731
IPR023439,Malonate decarboxylase/citrate lyase acyl carrier protein,0.13672408544294887,0.00008877680995329568,1,0.17038916923256212,7.685580145694731
IPR020536,"Thil, AANH domain",0.13693362578012744,0.0002613447756777273,3,0.17049464251701607,7.682892633685684
IPR022267,Accessory Sec system protein Asp2,0.13687740608194113,0.00008883041913805009,1,0.17049464251701607,7.682892633685684
IPR041694,"Oxidoreductase, N-terminal domain",0.13733775967036213,0.0000889912466923133,1,0.17092484302124455,7.671948102872987
IPR001453,MoaB/Mog domain,0.13749037111420143,0.0006323203341782141,3,0.17104177566937345,7.668978034858139
IPR029059,Alpha/beta hydrolase fold-5,0.13764498801043404,0.00008909846506182211,1,0.171161102361802,7.665949251087289
IPR001900,Ribonuclease II/R,0.13872018836647146,0.00026214891344904337,3,0.17242458195934818,7.634008182777965
IPR001333,"Peptidase M32, carboxypeptidase Taq",0.1405765913939214,0.00009011703957215582,1,0.17465758010425,7.578125613231511
IPR000092,Polyprenyl synthetase,0.14160187985356465,0.0005539437060672731,2,0.17585650837009986,7.54841554006605
IPR022641,"Chemotaxis receptor methyltransferase CheR, N-terminal",0.14166251763191257,0.00009049230386543665,1,0.1758569184396156,7.548405413018613
IPR012970,"Polysaccharide lyase 8, N-terminal alpha-helical",0.14181790600253663,0.00009054591305019106,1,0.17597489953336035,7.545492740697046
IPR001753,Enoyl-CoA hydratase/isomerase,0.14199965974101061,0.00047594234224961296,1,0.1761254818395521,7.541778057493159
IPR002563,Flavin reductase like domain,0.14261678093859534,0.00032733768211040063,4,0.17681570289836054,7.524791681732119
IPR012543,Protein of unknown function DUF1694,0.14281924575742866,0.0001884362844117357,2,0.17699146648051933,7.5204767233741805
IPR001912,"Small ribosomal subunit protein uS4, N-terminal",0.1430625764532698,0.000264078844100202,3,0.1772177030321728,7.514928967539182
IPR045626,"D-3-phosphoglycerate dehydrogenase, ASB domain",0.14321927046306918,0.00009102839571298072,1,0.1773364724714691,7.512019346522242
IPR021062,"Putative aromatic acid exporter, C-terminal",0.14346362034847063,0.00018870433033550771,2,0.1775636319762905,7.506459802769406
IPR022629,"S-adenosylmethionine synthetase, central domain",0.14403799688615296,0.00026450771757823726,3,0.17819889644464235,7.490949898024342
IPR004103,"Polysaccharide lyase family 8, C-terminal",0.14415637177018678,0.00009135005082150714,1,0.1782697116547348,7.489224379721538
IPR006645,"NusG-like, N-terminal",0.14464955861859258,0.00026477576350200925,3,0.1788037782669843,7.476233084530444
IPR022630,"S-adenosylmethionine synthetase, C-terminal",0.14513987260739963,0.0002649902002410269,3,0.17933384259456667,7.463377457687224
IPR002541,Cytochrome c assembly protein,0.14566594197727928,0.0001896156864763326,2,0.1799076182997655,7.449504457956571
IPR024410,"Phage tail assembly chaperone protein, TAC",0.146351773103869,0.00009210057940806882,1,0.18067814156260878,7.4309438519750906
IPR018389,TRAP transporter solute receptor DctP,0.1466664058959481,0.00009220779777757763,1,0.18098994481277386,7.423455523884397
IPR015868,Glutaminase,0.14698128861025397,0.00009231501614708645,1,0.18130179254970413,7.415979019684929
IPR004697,p-Aminobenzoyl-glutamate transport protein AbgT,0.14776958642809732,0.00009258306207085848,1,0.1821970883823813,7.394585675911704
IPR010618,"Resuscitation-promoting factor, core lysozyme-like domain",0.14792743266319214,0.00009263667125561289,1,0.18231462115209987,7.3917850067553825
IPR003159,"Polysaccharide lyase family 8, central domain",0.14982641970802688,0.00009327998147266575,1,0.1845770341650217,7.338223366572178
IPR041431,"Mvd1, C-terminal",0.1502555579620002,0.0001914920079427368,2,0.18502753674712524,7.3276363285440365
IPR014229,Sporulation protein YtfJ,0.15046138960073713,0.00009349441821168337,1,0.18520279108305168,7.323524726063846
IPR000793,"ATP synthase, alpha subunit, C-terminal",0.15059559572529796,0.0002673490043702207,3,0.18528977094302482,7.321485555630276
IPR025713,"Motility protein B-like, N-terminal domain",0.15141568525169113,0.0000938160733202098,1,0.1862202185550111,7.299731679831655
IPR009323,Protein of unknown function DUF979,0.15205310530632749,0.00009403051005922743,1,0.18690818060607156,7.283716899837951
IPR000131,"ATP synthase, F1 complex, gamma subunit",0.15210326220103149,0.0002679923145872736,3,0.18690818060607156,7.283716899837951
IPR010374,Protein of unknown function DUF969,0.1526915003172861,0.00009424494679824504,1,0.1875519860679049,7.268783325595667
IPR020829,"Glyceraldehyde 3-phosphate dehydrogenase, catalytic domain",0.1530458782295734,0.0004199207441812591,6,0.18790811828102572,7.260544564695161
IPR022642,"MCP methyltransferase, CheR-type, SAM-binding domain, C-terminal",0.15365091448121804,0.00009456660190677148,1,0.18857157686331305,7.245237672809428
IPR022628,"S-adenosylmethionine synthetase, N-terminal",0.15488918320768874,0.0002691717166518705,3,0.19001129921481713,7.212205725169784
IPR022310,NAD/GMP synthase,0.15585122709379318,0.0005021036244097629,8,0.1911110926011358,7.187141045951625
IPR003646,"SH3-like domain, bacterial-type",0.15659428635677441,0.0015576148630392548,55,0.1919415464549618,7.168310104484167
IPR002898,MotA/TolQ/ExbB proton channel,0.1612408692278442,0.00009708623359022855,1,0.19755393893629986,7.043143067000978
IPR002481,Ferric-uptake regulator,0.16287249352032795,0.0006669518675295601,4,0.19946921087999844,7.0012413043763555
IPR007527,"Zinc finger, SWIM-type",0.16363567777810167,0.00019679931723342296,2,0.20031974659989274,6.982762378423576
IPR005163,"YiiM-like, 3-alpha helix domain",0.16483816670653445,0.00009826563565482547,1,0.20170713139582647,6.952787469478428
IPR004137,Hydroxylamine reductase/Ni-containing CO dehydrogenase,0.16549521463224928,0.0000984800723938431,1,0.20234131902207084,6.93915423255042
IPR007167,Ferrous iron transporter FeoA domain,0.16547312538975797,0.0005112707950027663,8,0.20234131902207084,6.93915423255042
IPR004299,"Membrane bound O-acyl transferase, MBOAT",0.16710849617275253,0.00027421098001878465,3,0.2041425952407819,6.900663683953603
IPR013528,"Hydroxymethylglutaryl-coenzyme A synthase, N-terminal",0.16710594276853627,0.0001981395468522831,2,0.2041425952407819,6.900663683953603
IPR017459,"Glycosyl transferase family 3, N-terminal domain",0.1678991936787077,0.00033827395580029936,4,0.20502263348706518,6.881981923298599
IPR010930,"Flagellar basal-body/hook protein, C-terminal domain",0.16803872620499333,0.0002745862443120655,3,0.20510712666963604,6.880192493365298
IPR006665,OmpA-like domain,0.16813251407027216,0.00009933781934991359,1,0.20513573683218142,6.8795867431209725
IPR001991,Sodium:dicarboxylate symporter,0.1686872037145081,0.0005928639741989716,10,0.2057264266129258,6.867099173718674
IPR007401,Protein of unknown function DUF454,0.17061809058790478,0.00010014195712122966,1,0.20799429437890063,6.819485782764003
IPR014959,Protein of unknown function DUF1827,0.170784242744416,0.00010019556630598407,1,0.20810984197355498,6.8170738055851485
IPR014787,"Phosphoserine phosphatase RsbU, N-terminal",0.17211545827866492,0.00010062443978401932,1,0.20964439279055427,6.7851674887065325
IPR008585,Poly-gamma-glutamate hydrolase,0.1734502093316368,0.00010105331326205456,1,0.21118196676870685,6.7534316978981295
IPR003008,"Tubulin/FtsZ, GTPase domain",0.175444170623949,0.00027753474947355783,3,0.21352053486620837,6.705603513170647
IPR041492,Haloacid dehalogenase-like hydrolase,0.1780090208083072,0.0015513961976077438,54,0.21655164984439876,6.644385031574642
IPR027365,GNAT acetyltransferase YdfB-like,0.18000696169852282,0.00010314407146747637,1,0.21889086751997186,6.597723575203231
IPR024567,Ribonuclease HII/HIII domain,0.1811522403118374,0.0004382014761825114,6,0.22019171852826921,6.571990189932788
IPR012865,Protein of unknown function DUF1642,0.18187100685473076,0.00010373377249977485,1,0.22097327332849787,6.5566025096589255
IPR011629,"Zinc chaperone CobW-like, C-terminal",0.18277910274022519,0.0003442781844927928,4,0.2218917000793075,6.53858942369938
IPR000917,"Sulfatase, N-terminal",0.18270734242901454,0.0006175778083707525,3,0.2218917000793075,6.53858942369938
IPR001381,3-dehydroquinate dehydratase type I,0.1835304641860922,0.00020430460309903974,2,0.22271112507975233,6.522580881295461
IPR013551,"Endoribonuclease YicC-like, C-terminal",0.18425260928324508,0.00010448430108633652,1,0.2234944295632041,6.50733296872584
IPR013527,"Endoribonuclease YicC-like, N-terminal",0.18442311415142215,0.00010453791027109093,1,0.22360823320812764,6.505122098597186
IPR011113,"Rho termination factor, RNA-binding domain",0.18470067266702572,0.000204733476577075,2,0.22385168807026062,6.500396262444181
IPR032686,"Pyruvate ferredoxin oxidoreductase beta subunit, C-terminal",0.18510565116887587,0.00010475234701010854,1,0.22424930569523974,6.492688929134932
IPR029051,Domain of unknown function DUF4352,0.18734651692406173,0.0002056984419026543,2,0.22686978544458636,6.442233396745464
IPR025405,Domain of unknown function DUF4131,0.1885306624439617,0.00010582453070519666,1,0.228208971227311,6.416672868330789
IPR010064,"Bacteriophage HK97-gp10, putative tail-component",0.1900100674430941,0.0002066634072282336,2,0.22989176970267142,6.384765765197425
IPR025198,Polyphosphate kinase N-terminal domain,0.19007855169860796,0.00010630701336798631,1,0.22989176970267142,6.384765765197425
IPR008007,Peptidase M42,0.19059484587500305,0.0005292298718954921,2,0.2304206345653022,6.374786316872919
IPR002763,Protein of unknown function DUF72,0.19134843550986427,0.00020714588989102325,2,0.2312358217765289,6.3594488653698225
IPR011698,CobB/CobQ-like glutamine amidotransferase,0.19161421897461653,0.00028375341490506883,3,0.23146108638358814,6.3552201280768745
IPR021351,Protein of unknown function DUF2969,0.19284037941933402,0.0001071647603240568,1,0.23284577490135736,6.329316381421316
IPR002314,"Aminoacyl-tRNA synthetase, class II (G/ P/ S/T)",0.19534802536147255,0.0009896791597510818,24,0.235776010742572,6.27500384703708
IPR028189,"Nitrate reductase, alpha subunit, N-terminal",0.19648446709792533,0.00010829055320389932,1,0.237049526709785,6.2516090745126345
IPR013786,"Acyl-CoA dehydrogenase/oxidase, N-terminal",0.19795560464025885,0.00044940579579618215,1,0.2386269297771785,6.22280546442421
IPR011657,Concentrative nucleoside transporter C-terminal domain,0.19787812792246973,0.0004480119569925676,1,0.2386269297771785,6.22280546442421
IPR021402,Protein of unknown function DUF3042,0.19805278803558887,0.00010877303586668897,1,0.23864542558337898,6.222468858857807
IPR007272,Sulphur transport domain,0.198401833447054,0.00010888025423619778,1,0.23896726407749255,6.216615886093937
IPR048950,"Ppx/GppA phosphatase, C-terminal",0.19892576101241316,0.000109041081790461,1,0.23949938856820677,6.206955909834172
IPR010898,Heptaprenyl diphosphate synthase component I,0.20207831508913385,0.0001100060471160403,1,0.24319453850594894,6.140461823736544
IPR015199,"DNA polymerase III, delta subunit, C-terminal",0.20471707198169106,0.00011081018488735638,1,0.24626855688886598,6.085910345327244
IPR001353,"Proteasome, subunit alpha/beta",0.20481553775280667,0.00021191710733416534,2,0.246285405396777,6.08561323213449
IPR004305,Thiaminase-2/PQQC,0.20512292959092285,0.00021202432570367416,2,0.2465533646690565,6.08089066354365
IPR018076,Type II secretion system protein GspF domain,0.2065502213034961,0.0005600015439445209,9,0.2481666441372042,6.0525659205828415
IPR001597,Aromatic amino acid beta-eliminating lyase/threonine aldolase,0.20736622741854582,0.00011161432265867246,1,0.24904444775637546,6.037231360662984
IPR004629,Glycosyl transferase WecG/TagA/CpsF,0.2105353860907678,0.00021390064717007835,2,0.25274647420365537,5.973148940735669
IPR025984,dCTP pyrophosphatase 1,0.210914329738507,0.00011268650635376058,1,0.252993083306247,5.968913520375885
IPR008613,Excalibur calcium-binding domain,0.210914329738507,0.00011268650635376058,1,0.252993083306247,5.968913520375885
IPR035587,"DUS-like, FMN-binding domain",0.21343209453289372,0.00038770162414386133,5,0.25590788966197286,5.919163245706509
IPR010718,Protein of unknown function DUF1294,0.21358711717532666,0.00011349064412507667,1,0.25598850541851725,5.917795352560646
IPR018164,"Alanyl-tRNA synthetase, class IIc, N-terminal",0.2138920564039051,0.0002919020109877385,3,0.2562486591921887,5.913383983535832
IPR003850,Phosphoribosylformylglycinamidine synthase subunit PurS,0.2141258479059968,0.00021513365841942968,2,0.2564233973280849,5.91042350187231
IPR022372,Accessory secretory system protein Asp1,0.21448024480485292,0.00011375869004884869,1,0.2567423620077796,5.905024676419421
IPR041242,Putative HNHc nuclease,0.2146590012271415,0.00011381229923360309,1,0.2568509017555784,5.903189052100966
IPR005814,Aminotransferase class-III,0.2156573198060469,0.0009386432158648877,11,0.2579395998992752,5.884819781508643
IPR013120,"Fatty acyl-coenzyme A reductase, NAD-binding domain",0.2175249898318427,0.00011467004618967358,1,0.26006677751113294,5.849151236408529
IPR014957,IDEAL domain,0.21812520247818679,0.00029340306816086185,3,0.2606774960763904,5.838964592485933
IPR010432,RDD,0.21853231281419094,0.00021663471559255304,2,0.26105703570920963,5.832645976897699
IPR007698,"Alanine dehydrogenase/pyridine nucleotide transhydrogenase, NAD(H)-binding domain",0.22071435159807634,0.0002943144243016868,3,0.2635557122276784,5.791275665783124
IPR019614,S-adenosylmethionine-dependent methyltransferase,0.22186234218038056,0.00021776050847239557,2,0.2648180883331927,5.770523538433771
IPR009474,Bacilliredoxins BrxB/BrxA,0.2240941928207343,0.00021851103705895723,2,0.2673444712704172,5.729287927552512
IPR002429,Cytochrome c oxidase subunit II-like C-terminal,0.22419417056667204,0.00011665358602558659,1,0.2673444712704172,5.729287927552512
IPR011112,"Rho termination factor, N-terminal",0.22425397007113873,0.00021856464624371165,2,0.2673444712704172,5.729287927552512
IPR007324,"Sugar-binding domain, putative",0.2261058584709329,0.000396118266150303,5,0.269442044667446,5.695346345138032
IPR008278,4'-phosphopantetheinyl transferase domain,0.22663145073631258,0.0003964399212588294,5,0.26995805161237235,5.687037149840819
IPR032816,VTT domain,0.22905711336056822,0.0008729719645407408,19,0.2727360320781613,5.642574821574491
IPR029500,NADPH-dependent 7-cyano-7-deazaguanine reductase QueF,0.22946068727094138,0.00011820825238346435,1,0.27310504656410817,5.636702746874544
IPR021729,Domain of unknown function DUF3298,0.23000741814180864,0.00011836907993772757,1,0.2736440764184064,5.628139486055009
IPR008283,"Peptidase M17, leucyl aminopeptidase, N-terminal",0.23421070858157655,0.0001196020911870789,1,0.27853116893306573,5.5512619819865225
IPR020616,"Thiolase, N-terminal",0.23472752447362147,0.0004943839018051284,7,0.27903198588058714,5.543460100051947
IPR002762,Sirohydrochlorin cobaltochelatase CbiX-like,0.23539214523670335,0.00022226367999176564,2,0.2797080258802881,5.5329507189978635
IPR024654,"Calcineurin-like phosphoesterase domain, lpxH-type",0.23717912525057516,0.0004025513683208317,5,0.2817166310511923,5.501875138216111
IPR035218,Protein of unknown function DUF5327,0.2373305420888012,0.0001205134473279038,1,0.28178170225201316,5.500872116134136
IPR021120,KduI/IolB isomerase,0.23843425765544704,0.00012083510243643023,1,0.2829769211734976,5.482489829057884
IPR010996,"DNA polymerase beta-like, N-terminal domain",0.24119937979631922,0.00012163924020774632,1,0.28614214462411186,5.434181721502424
IPR029398,"DNA polymerase beta, thumb domain",0.24156868605055887,0.00012174645857725512,1,0.2864637204243309,5.429303720114174
IPR018309,"Transcription regulator PadR, C-terminal",0.2428624006709851,0.00012212172287053596,1,0.2878807968929238,5.407873037971037
IPR007382,"Uncharacterised protein family UPF0756, transmembrame",0.24304736150786913,0.00012217533205529036,1,0.2879829769024569,5.406331832679574
IPR010572,Prophage tail endopeptidase,0.24720551123708706,0.0003033743765251813,3,0.29279093044977494,5.334423801977333
IPR009507,Protein of unknown function UPF0435,0.24805474212524134,0.00012362278004365932,1,0.2936774778876182,5.321293582241512
IPR013549,Domain of unknown function DUF1731,0.2523402564378026,0.00012485579129301066,1,0.29862994633629564,5.248666437761194
IPR013830,SGNH hydrolase-type esterase domain,0.254154879774407,0.0006151653950568043,10,0.30065542775747295,5.219309513932643
IPR006027,NusB/RsmB/TIM44,0.25598366140490036,0.0005103594388619413,2,0.3025389955974816,5.192186392551248
IPR000352,Peptide chain release factor class I,0.2560583817333966,0.0005108955307094854,2,0.3025389955974816,5.192186392551248
IPR004044,"K Homology domain, type 2",0.25596994268198736,0.0005102522204924326,2,0.3025389955974816,5.192186392551248
IPR019554,Soluble ligand binding domain,0.2583071393389656,0.0002296617474878736,2,0.30507234439547337,5.155971605018825
IPR005000,HpcH/HpaI aldolase/citrate lyase domain,0.2594592732775318,0.00012689294031367805,1,0.3063090044037582,5.138402362806422
IPR021612,Staphylococcal complement inhibitor SCIN,0.25964724579273846,0.00012694654949843247,1,0.3064068671516088,5.137015055778487
IPR006097,"Glutamate/phenylalanine/leucine/valine/L-tryptophan dehydrogenase, dimerisation domain",0.2615114109397622,0.000308091984783569,3,0.30848190707942824,5.107703028981395
IPR012851,Spore coat protein CotF-like,0.26397925425084967,0.00012817956074778379,1,0.31126708669449155,5.068667990818999
IPR011437,Domain of unknown function DUF1540,0.26530092636520025,0.00012855482504106464,1,0.3126990708492013,5.048734092133004
IPR005117,Nitrite/Sulfite reductase ferredoxin-like domain,0.2684545269435515,0.00031034357054325406,3,0.31628824265349337,4.999169517631063
IPR004165,Coenzyme A transferase family I,0.27057647632712656,0.0002335216087901908,2,0.3186595335096531,4.966730839667911
IPR021701,Protein of unknown function DUF3284,0.27098179747532936,0.00013016310058369681,1,0.31900804256683907,4.961983677316313
IPR018672,Protein of unknown function DUF2140,0.272501122371356,0.00013059197406173204,1,0.32066718032077246,4.939454870156382
IPR006640,SprT-like,0.27402025803638486,0.0002345937924852789,2,0.322324756931867,4.917063361693931
IPR009928,"Primosomal DnaI, N-terminal",0.27574776955508207,0.00023512988433282297,2,0.3242260064607336,4.89152152937816
IPR013663,"Helicase, SWF/SNF/SWI type, bacterial",0.2766885567597874,0.00013177137612632899,1,0.3252010606656751,4.878480465942713
IPR006176,"3-hydroxyacyl-CoA dehydrogenase, NAD binding",0.27765230093441007,0.00023571958536512143,2,0.32620230037257847,4.865129806483042
IPR002528,Multi antimicrobial extrusion protein,0.2786588094549222,0.0015001994261672864,49,0.32725295544524896,4.8511642261443395
IPR018541,FtsK gamma domain,0.2793364094418016,0.0004356282353142999,1,0.32791665456211494,4.842365253838709
IPR006901,tRNA methyltransferase TrmK,0.28199715215911253,0.00023705981498398158,2,0.3309069197971719,4.80294150947414
IPR025664,Stage III sporulation protein AC/AD family,0.2826113577665659,0.00013343326085371555,1,0.3314942555298898,4.795239930911427
IPR001926,"Tryptophan synthase beta chain-like, PALP domain",0.284116013474365,0.0013005052129571254,25,0.3331251689952748,4.773925533105632
IPR002668,Concentrative nucleoside transporter N-terminal domain,0.2864924259676815,0.0004459211987871458,1,0.3357764928142119,4.739497114094768
IPR006091,"Acyl-CoA oxidase/dehydrogenase, middle domain",0.2872539178634532,0.00044677894574321627,1,0.33653371815581745,4.7297141620851235
IPR022761,"Fumarate lyase, N-terminal",0.2901883900274467,0.0007719186512786863,7,0.3398350784417809,4.687317944269166
IPR008915,Peptidase M50,0.2928681477500703,0.00045240791014242886,6,0.3428356157523906,4.649140673752521
IPR002310,"Glycine-tRNA ligase, alpha subunit",0.2935654150352657,0.00013648898438471666,1,0.34351394472023866,4.6405562835078396
IPR015944,"Glycine-tRNA ligase, beta subunit",0.2937582874013656,0.00013654259356947108,1,0.34360175132867316,4.639446312481283
IPR034733,Acetyl-coenzyme A carboxylase carboxyl transferase subunit beta,0.29412737536024297,0.00034583285085067054,4,0.34389551986787026,4.635734819544796
IPR009293,Uncharacterised protein family UPF0478,0.2951628300879949,0.000241080503840562,2,0.34496786073610947,4.62221364506844
IPR007127,"RNA polymerase sigma factor 70, region 1.1",0.298173216015287,0.00024199185998138688,2,0.348346593710167,4.579884318356298
IPR032688,ABC-2 type transporter permease protein NosY/YtrC-like,0.2985732675020059,0.0003494246662292157,4,0.3486742683363433,4.575801017547379
IPR000713,"Mur ligase, N-terminal catalytic domain",0.30053619514556523,0.0006740282799171417,5,0.3507559350749208,4.54994971622538
IPR022414,"ATP:guanido phosphotransferase, catalytic domain",0.3007166795909815,0.00013847252422062969,1,0.3507559350749208,4.54994971622538
IPR001721,"Threonine dehydratase, ACT-like domain",0.3007166795909815,0.00013847252422062969,1,0.3507559350749208,4.54994971622538
IPR000897,"Signal recognition particle, SRP54 subunit, GTPase domain",0.3037492980007655,0.0005668635195930848,3,0.35415152057986093,4.5081088918106484
IPR002208,SecY/SEC61-alpha family,0.3050387774571886,0.00035414227448760344,4,0.35551281977024857,4.491447340197447
IPR015896,"Tetrapyrrole biosynthesis, glutamyl-tRNA reductase, dimerisation domain",0.3061480026700512,0.00013997358139375302,1,0.3566630346727404,4.477418995474017
IPR018027,Asn/Gln amidotransferase,0.30851245787247283,0.00024510119269714243,2,0.3592740923147487,4.445740991616619
IPR004474,Cell envelope-related transcriptional attenuator domain,0.30991574776047504,0.0009178428521801783,11,0.3606202396127475,4.429499023904836
IPR019734,Tetratricopeptide repeat,0.3098369885136537,0.0007967933130047305,8,0.3606202396127475,4.429499023904836
IPR006075,"Aspartyl/Glutamyl-tRNA(Gln) amidotransferase, subunit B/E, catalytic",0.3108438746057733,0.0002457981120989497,2,0.361555938711781,4.418245005978837
IPR015895,"Glutamyl-tRNA reductase, N-terminal",0.3137389909717373,0.00014206433959917486,1,0.36477786988579985,4.379715170486975
IPR029410,CAP-associated domain,0.3139000874026136,0.0002467094682397746,2,0.36481971098685584,4.379217050432807
IPR005824,KOW,0.31450128680849687,0.00046843705638399615,6,0.3653728096946522,4.372637750977365
IPR041609,"Phosphoribosylformylglycinamidine synthase, linker domain",0.3151609361847977,0.00024708473253305544,2,0.3659933452468618,4.36526811187123
IPR007253,Putative cell wall binding repeat 2,0.3165601025249672,0.0003615403419837114,4,0.36747183875907813,4.347759375053863
IPR003700,Ketopantoate hydroxymethyltransferase,0.31725202070560676,0.00014302930492475415,1,0.36812848880921184,4.340005719750117
IPR018974,"Tex-like protein, N-terminal",0.31895173343720234,0.00024821052541289793,2,0.3699535619343206,4.318527869097441
IPR001890,"RNA-binding, CRM domain",0.3202180365743157,0.00024858578970617877,2,0.3712746698412344,4.303046794391556
IPR002585,Cytochrome ubiquinol oxidase subunit 1,0.32058008215399764,0.0002486930080756876,2,0.3714370137769228,4.301148209028813
IPR004872,Lipoprotein NlpA family,0.3206128133321381,0.0005907196068087953,9,0.3714370137769228,4.301148209028813
IPR012507,YibE/F-like,0.3218873021335218,0.0003646496746994669,4,0.3727654380545471,4.285643612269125
IPR001911,Small ribosomal subunit protein bS21,0.32202934274797,0.00024912188155372286,2,0.372781883069901,4.285452022031407
IPR012440,Protein of unknown function DUF1641,0.32233624300656705,0.0001444231437283687,1,0.3729890811933133,4.283038814537793
IPR002882,2-phospho-L-lactate transferase CofD,0.3247512979408583,0.00024992601932503894,2,0.37563458341751,4.252344305273953
IPR004381,Glycerate kinase,0.32640716306940526,0.00036716930638292395,4,0.3774001933030871,4.231978817268835
IPR020547,"ATP synthase epsilon subunit, C-terminal domain",0.3276611866062068,0.0002507837662811094,2,0.3786999683486718,4.217047311770289
IPR018113,"Phosphotransferase system EIIB, cysteine phosphorylation site",0.32851034611246654,0.0017813259910193894,51,0.3795309703898385,4.2075277913447815
IPR005481,"Biotin carboxylase-like, N-terminal domain",0.3286793098526291,0.0005973135365335872,9,0.3795757891208976,4.207014964199888
IPR032264,"Menaquinone biosynthesis protein MenD, middle domain",0.32978640855205366,0.00014646029274903612,1,0.3807035500149598,4.194130734227766
IPR022418,"Porphobilinogen deaminase, C-terminal",0.3317505279078724,0.00014699638459658016,1,0.3828193665925429,4.170060996529726
IPR028939,"Pyrroline-5-carboxylate reductase, catalytic, N-terminal",0.3318992395827756,0.0004784083647483156,6,0.3828394709744358,4.1698329257051805
IPR000683,"Gfo/Idh/MocA-like oxidoreductase, N-terminal",0.3329057140730611,0.001078402360519623,26,0.3838485813511452,4.158400601437763
IPR022417,"Porphobilinogen deaminase, N-terminal",0.3335194245637215,0.0001474788672593698,1,0.3844042063351036,4.152118687190757
IPR026569,Large ribosomal subunit protein bL28,0.3340490482046946,0.0002526600877475136,2,0.38486251464436566,4.146943868422593
IPR032819,"tRNA pseudouridylate synthase B, C-terminal",0.3342319991144615,0.00025271369693226803,2,0.38492121225030396,4.146281551319263
IPR018478,"Sporulation transcription regulator WhiA, N-terminal domain",0.33496404203504393,0.00025292813367128566,2,0.3856119804872436,4.138494815672534
IPR014871,dUTPase/dCTP pyrophosphatase,0.3376510376385774,0.00014860466013921233,1,0.38855186493847343,4.105510022087792
IPR020900,"Arginine repressor, DNA-binding domain",0.3414072012811609,0.0004859672597986868,2,0.3891308435890352,4.09904344447772
IPR025249,"KH domain, NusA-like",0.3424889720277296,0.0002551261102462163,2,0.3891308435890352,4.09904344447772
IPR047873,Large ribosomal subunit protein uL16,0.34212101685238966,0.00025501889187670745,2,0.3891308435890352,4.09904344447772
IPR007860,"DNA mismatch repair protein MutS, connector domain",0.33899701541404126,0.0002541075357358826,2,0.3891308435890352,4.09904344447772
IPR041236,"Primosomal protein N, C-terminal domain",0.34120151800970555,0.0002547508459529354,2,0.3891308435890352,4.09904344447772
IPR001063,Large ribosomal subunit protein uL22,0.34212101685238966,0.00025501889187670745,2,0.3891308435890352,4.09904344447772
IPR006169,GTP1/OBG domain,0.3430410705098663,0.0002552869378004795,2,0.3891308435890352,4.09904344447772
IPR002871,"NIF system FeS cluster assembly, NifU, N-terminal",0.3424889720277296,0.0002551261102462163,2,0.3891308435890352,4.09904344447772
IPR007393,YlxR domain,0.34230498336448156,0.00025507250106146187,2,0.3891308435890352,4.09904344447772
IPR007641,"RNA polymerase Rpb2, domain 7",0.3430410705098663,0.0002552869378004795,2,0.3891308435890352,4.09904344447772
IPR002146,"ATP synthase, F0 complex, subunit b/b', bacterial/chloroplast",0.3428570156418815,0.00025523332861572507,2,0.3891308435890352,4.09904344447772
IPR020899,"Arginine repressor, C-terminal",0.3413467882099496,0.0004852703403968795,2,0.3891308435890352,4.09904344447772
IPR007644,"RNA polymerase, beta subunit, protrusion",0.3430410705098663,0.0002552869378004795,2,0.3891308435890352,4.09904344447772
IPR005147,"tRNA synthetase, B5-domain",0.3428570156418815,0.00025523332861572507,2,0.3891308435890352,4.09904344447772
IPR028989,"Ribosome maturation factor RimP, N-terminal",0.34212101685238966,0.00025501889187670745,2,0.3891308435890352,4.09904344447772
IPR008932,"Large ribosomal subunit protein bL12, oligomerization",0.3424889720277296,0.0002551261102462163,2,0.3891308435890352,4.09904344447772
IPR015231,Protein of unknown function DUF1934,0.33899701541404126,0.0002541075357358826,2,0.3891308435890352,4.09904344447772
IPR005844,"Alpha-D-phosphohexomutase, alpha/beta/alpha domain I",0.34300010963136085,0.0006149509583177866,4,0.3891308435890352,4.09904344447772
IPR001790,Large ribosomal subunit protein uL10,0.3430410705098663,0.0002552869378004795,2,0.3891308435890352,4.09904344447772
IPR008513,tRNA(Met) cytidine acetate ligase,0.3386299169331722,0.00025400031736637373,2,0.3891308435890352,4.09904344447772
IPR022669,"Large ribosomal subunit protein uL2, C-terminal",0.34193707253289995,0.000254965282691953,2,0.3891308435890352,4.09904344447772
IPR007083,"RNA polymerase Rpb1, domain 4",0.34230498336448156,0.00025507250106146187,2,0.3891308435890352,4.09904344447772
IPR005337,RapZ-like family,0.34120151800970555,0.0002547508459529354,2,0.3891308435890352,4.09904344447772
IPR002222,Small ribosomal subunit protein uS19,0.34138537314442957,0.0002548044551376898,2,0.3891308435890352,4.09904344447772
IPR005121,Ferrodoxin-fold anticodon-binding domain,0.3430410705098663,0.0002552869378004795,2,0.3891308435890352,4.09904344447772
IPR033470,"Fatty acid kinase subunit A-like, C-terminal",0.3406500871697002,0.0002545900183986722,2,0.3891308435890352,4.09904344447772
IPR002583,Small ribosomal subunit protein bS20,0.341753150447454,0.00025491167350719866,2,0.3891308435890352,4.09904344447772
IPR023054,"Sporulation regulator WhiA, C-terminal",0.3424889720277296,0.0002551261102462163,2,0.3891308435890352,4.09904344447772
IPR000238,Ribosome-binding factor A,0.34230498336448156,0.00025507250106146187,2,0.3891308435890352,4.09904344447772
IPR046893,MutS2 and Smr-associated SH3 domain,0.338813454704762,0.00025405392655112816,2,0.3891308435890352,4.09904344447772
IPR013735,"Transcription factor NusA, N-terminal",0.342672982800682,0.00025517971943097065,2,0.3891308435890352,4.09904344447772
IPR015349,"GTP-binding protein OBG, C-terminal",0.342672982800682,0.00025517971943097065,2,0.3891308435890352,4.09904344447772
IPR028998,"Ribosome maturation factor RimP, C-terminal",0.34138537314442957,0.0002548044551376898,2,0.3891308435890352,4.09904344447772
IPR007066,"RNA polymerase Rpb1, domain 3",0.3432251473631682,0.0002553405469852339,2,0.3891308435890352,4.09904344447772
IPR039518,"WhiA, LAGLIDADG-like domain",0.342672982800682,0.00025517971943097065,2,0.3891308435890352,4.09904344447772
IPR028923,"SAICAR synthetase/ADE2, N-terminal",0.3432251473631682,0.0002553405469852339,2,0.3891308435890352,4.09904344447772
IPR001351,"Small ribosomal subunit protein uS3, C-terminal",0.34193707253289995,0.000254965282691953,2,0.3891308435890352,4.09904344447772
IPR001684,Large ribosomal subunit protein bL27,0.338813454704762,0.00025405392655112816,2,0.3891308435890352,4.09904344447772
IPR000568,"ATP synthase, F0 complex, subunit A",0.3434092461603143,0.0002553941561699883,2,0.3891882478832011,4.09840282372173
IPR007080,"RNA polymerase Rpb1, domain 1",0.34377750942022206,0.0002555013745394971,2,0.3894542414410907,4.095435620146514
IPR041616,"Phenylalanyl tRNA synthetase beta chain, core domain",0.34414585995770025,0.0002556085929090059,2,0.3897201272375355,4.092471643318315
IPR002501,"Pseudouridine synthase II, N-terminal",0.3445142974407807,0.00025571581127851475,2,0.3899859050222502,4.089510890803677
IPR025709,"Leucyl-tRNA synthetase, editing domain",0.3452514319154576,0.00025593024801753237,2,0.3906686749963036,4.081914104328877
IPR002625,Smr domain,0.34543576935619913,0.00025598385720228674,2,0.3907256413664378,4.081280872688229
IPR007563,Protein of unknown function DUF554,0.3457330341286865,0.00015080263671414295,1,0.39091024719629697,4.079229449617747
IPR000537,UbiA prenyltransferase family,0.34618649709431165,0.000499744820280569,2,0.3912712502042685,4.075220619800992
IPR048466,"DNA polymerase III delta subunit-like, C-terminal domain",0.34635777741558077,0.0002562519031260588,2,0.3913131650305438,4.074755407935681
IPR010372,"DNA polymerase III delta, N-terminal",0.34654224290775126,0.0002563055123108132,2,0.3913699381560816,4.074125363538802
IPR012902,Prokaryotic N-terminal methylation site,0.3469428034633988,0.0005009778315299203,2,0.39167062133150243,4.070790030554514
IPR007695,"DNA mismatch repair protein MutS-like, N-terminal",0.34783409252575176,0.00025668077660409404,2,0.39237300340622516,4.063008811978971
IPR004114,THUMP domain,0.3477522042061002,0.0005022108427792717,2,0.39237300340622516,4.063008811978971
IPR011079,"Alanine racemase, C-terminal",0.348707152937626,0.00037842723518134914,4,0.39320574553987525,4.053801448632161
IPR004477,ComEC/Rec2-related protein,0.3513456639954093,0.00025769935111442775,2,0.39602781453831215,4.022743108515228
IPR002698,5-formyltetrahydrofolate cyclo-ligase,0.3530115918413561,0.00025818183377721737,2,0.3977518554132127,4.003877858012037
IPR018445,Putative phosphate transport regulator,0.3544262032411244,0.00015316144084333682,1,0.3991915058521123,3.9881870836864284
IPR045063,"Dynamin, N-terminal",0.3582045662916144,0.00025968289095034075,2,0.40329131865109946,3.9438112662243965
IPR015865,"Riboflavin kinase domain, bacterial/eukaryotic",0.35913344157226906,0.00025995093687411274,2,0.40418105581811525,3.9342404595793385
IPR001851,"ABC transporter, permease",0.3658422126752204,0.0009004198671349965,11,0.411572489259623,3.8555366248599454
IPR013823,"Large ribosomal subunit protein bL12, C-terminal",0.3665805286662725,0.000262095304264289,2,0.4122440499771888,3.8484560392048968
IPR017195,"ABC-type thiamin-related transport system, permease component 1, predicted",0.36928061329888584,0.00015718212969991722,1,0.41512038102527027,3.8182594368840284
IPR008332,"Methylguanine DNA methyltransferase, ribonuclease-like domain",0.36947891494930657,0.00015723573888467164,1,0.41518324315690863,3.8176018298075745
IPR006555,"ATP-dependent helicase, C-terminal",0.3697069642223287,0.0003878088425133701,4,0.41527947136837845,3.816595369657086
IPR039429,Serine hydroxymethyltransferase-like domain,0.37012741143675965,0.0002631138787746227,2,0.4155916564303393,3.813331800817437
IPR003664,Fatty acid synthesis PlsX protein,0.3703142508764822,0.0002631674879593771,2,0.41564139936713707,3.812812016796818
IPR009042,RNA polymerase sigma-70 region 1.2,0.37237052133359794,0.00026375718899167554,2,0.4177885495224208,3.790434670540681
IPR024528,"Threonine/Serine exporter, ThrE",0.3737633396514296,0.0003895243364255111,4,0.41918996093214184,3.775891267017654
IPR002813,Arginine biosynthesis protein ArgJ,0.3780102699972765,0.00015954093382911108,1,0.42379006048137574,3.728492333937762
IPR033248,"Transketolase, C-terminal domain",0.3804499177189792,0.0009239006900574262,12,0.42636124522234564,3.702222780691929
IPR022711,"Ribonuclease Y, N-terminal",0.383429990258355,0.0002669201308921855,2,0.4295358630785106,3.6700056993080983
IPR020546,"ATP synthase, F1 complex, delta/epsilon subunit, N-terminal",0.38493322968070515,0.0002673490043702207,2,0.4310228444272186,3.654997114036208
IPR024775,DinB-like domain,0.3850529868768534,0.0004046957357110079,1,0.4310228444272186,3.654997114036208
IPR007595,Csa family,0.3860413257739576,0.0008060140927824883,15,0.4319633560847507,3.6455309328967234
IPR001466,Beta-lactamase-related,0.38672914676728365,0.0009413772842873624,20,0.4324545154715921,3.640595638488443
IPR032284,"ATP-dependent DNA helicase RecQ, zinc-binding domain",0.3867768780349493,0.0004083411602743075,1,0.4324545154715921,3.640595638488443
IPR000711,"ATPase, OSCP/delta subunit",0.38718959061639097,0.0002679923145872736,2,0.4327500368866984,3.637628864342233
IPR001447,Arylamine N-acetyltransferase,0.3915130481315856,0.00016318635839241064,1,0.43741457791253013,3.5910674712950086
IPR001017,"Dehydrogenase, E1 component",0.3919435738279348,0.0005422569037908127,3,0.4377278672088311,3.587958038786196
IPR006699,Glycerol uptake operon antiterminator,0.39210890340124915,0.00016334718594667388,1,0.4377448554050699,3.5877894925895104
IPR020561,"Phosphoribosylglycinamide synthetase, ATP-grasp (A) domain",0.3937803038626505,0.0002698686360536778,2,0.4394040312231055,3.5713596305064934
IPR014757,"Transcription regulator IclR, C-terminal",0.39389648066433397,0.00016382966860946352,1,0.4394040312231055,3.5713596305064934
IPR013842,"GTP-binding protein LepA, C-terminal",0.39434585175324727,0.000270029463607941,2,0.43973709510993075,3.5680689685011076
IPR014039,"Translation elongation factor EFTs/EF1B, dimerisation",0.3975523701966698,0.00027094081974876594,2,0.4431432383384897,3.53455872952654
IPR024320,"Phosphatidylglycerol lysyltransferase, C-terminal",0.3998175053582021,0.00027158412996581877,2,0.44549783936741205,3.5115439791910603
IPR013215,"Cobalamin-independent methionine synthase MetE, N-terminal",0.4020393360487774,0.00016602764518439415,1,0.4478024079137643,3.4891357547148347
IPR009881,Protein of unknown function DUF1433,0.4026507904285933,0.00027238826773713485,2,0.4483122202710111,3.484194228028809
IPR013750,"GHMP kinase, C-terminal domain",0.4102302152378201,0.000989035849534029,14,0.456576834974612,3.404861267877672
IPR033463,Single cache domain 3,0.4107745329594342,0.000168386449313588,1,0.45700821751610465,3.400759907620681
IPR007081,"RNA polymerase Rpb1, domain 5",0.4113510325308326,0.00027485429023583753,2,0.4574750613500793,3.3963257594343994
IPR003781,CoA-binding,0.4118454315789981,0.0005714739094819638,8,0.45785027772945425,3.3927651803648033
IPR005122,Uracil-DNA glycosylase-like,0.41211518977323836,0.000434448833249703,5,0.4579755691230042,3.3915768897880483
IPR003660,HAMP domain,0.4126134700320228,0.002122548451981181,76,0.45818007563342666,3.3896380041636838
IPR019405,"Lactonase, 7-bladed beta propeller",0.41248698003067114,0.00027517594534436394,2,0.45818007563342666,3.3896380041636838
IPR006043,Nucleobase cation symporter 2 family,0.4171974543610936,0.0011420364628231025,28,0.46309393868174686,3.3433090333842737
IPR013820,"ATP phosphoribosyltransferase, catalytic domain",0.42465545251627057,0.0001721390922463964,1,0.4711930363536701,3.2680113650517035
IPR045595,"SUF system FeS cluster assembly, SufBD, N-terminal",0.42502959436430393,0.0004430263028104079,5,0.4714287931404756,3.265838958886005
IPR038732,"FAD-dependent urate hydroxylase HpyO/Asp monooxygenase CreE-like, FAD/NAD(P)-binding domain",0.42822023387485925,0.00017310405757197568,1,0.47478714904147895,3.235010445108402
IPR013116,"Ketol-acid reductoisomerase, N-terminal",0.4288141426569199,0.00017326488512623892,1,0.4752649334806456,3.2306422811565594
IPR018461,"Na+/H+ antiporter, NhaC-like, C-terminal",0.4294580565255201,0.0007368046352645506,7,0.4757977556338969,3.2257761088663157
IPR045621,"ABC transporter type 1, GsiC-like, N-terminal domain",0.43105141010568393,0.0007412005884144118,7,0.4773816604132831,3.211342693139756
IPR015942,Asp/Glu/hydantoin racemase,0.432435562715222,0.00044742225596026915,5,0.47863388274053875,3.199965607029594
IPR005845,"Alpha-D-phosphohexomutase, alpha/beta/alpha domain II",0.4325103844380383,0.0005930248017532348,4,0.47863388274053875,3.199965607029594
IPR005846,"Alpha-D-phosphohexomutase, alpha/beta/alpha domain III",0.4328888479512949,0.0005944186405568493,4,0.4788709714059089,3.1978148857930275
IPR001374,R3H domain,0.43316738314437164,0.00017444428719083584,1,0.47899737931323005,3.196668626875589
IPR011527,"ABC transporter type 1, transmembrane domain",0.43582211180247654,0.0028278844957948957,139,0.48175029492646765,3.1717801079830443
IPR032808,DoxX family,0.4372057377501479,0.00031275598385720226,3,0.4830966014700384,3.159660177153029
IPR003810,Putative manganese efflux pump,0.4398871397731805,0.00017626699947248563,1,0.4858753407494676,3.1347514178529954
IPR007138,Antibiotic biosynthesis monooxygenase domain,0.44019155741392635,0.000608249810223486,9,0.4860274825516885,3.133391727478054
IPR000031,PurE domain,0.4438047663126897,0.00031774163803936203,3,0.48983145290227226,3.099533315360756
IPR007235,"Glycosyl transferase, family 28, C-terminal",0.4485155136195297,0.0004561069438904829,5,0.49484344975957195,3.055321741149511
IPR001182,Probable peptidoglycan glycosyltransferase FtsW/RodA,0.4503655726991742,0.000765807204216684,8,0.4966966754881966,3.0390874683377427
IPR024568,"Ribonuclease HIII, N-terminal",0.45722441595890967,0.0001809846077308733,1,0.5040704714314482,2.9750874289113423
IPR011765,"Peptidase M16, N-terminal",0.4614024479340578,0.000329106785207296,3,0.5084843303763086,2.9372242589946223
IPR001204,Phosphate transporter,0.46291717693768863,0.00018253927408875108,1,0.5099608945788817,2.924631257055009
IPR001093,IMP dehydrogenase/GMP reductase,0.4638345253616951,0.0004841981567017914,6,0.5106550303937082,2.918723855589384
IPR000581,Dihydroxy-acid/6-phosphogluconate dehydratase,0.4638975224667123,0.0001828073200125231,1,0.5106550303937082,2.918723855589384
IPR002877,"Ribosomal RNA methyltransferase, FtsJ domain",0.4672280168198417,0.000183718676153348,1,0.5141271309610032,2.8892947740946555
IPR013746,"Hydroxymethylglutaryl-coenzyme A synthase, C-terminal domain",0.4713289873926244,0.0003347357496065086,3,0.5184441068415288,2.8529805778745896
IPR000109,Proton-dependent oligopeptide transporter family,0.47621361723493505,0.00033736259965947443,3,0.5236194976836617,2.809841902748946
IPR006656,Molybdopterin oxidoreductase,0.4774333101197595,0.0003380059098765273,3,0.5247627336257892,2.8003701424852814
IPR005111,"MoeA, C-terminal, domain IV",0.47972648780947663,0.00018714966397762996,1,0.5268860408483743,2.7828330733503064
IPR011682,"Glycosyl hydrolase family 38, C-terminal",0.47972648780947663,0.00018714966397762996,1,0.5268860408483743,2.7828330733503064
IPR003770,Endolytic murein transglycosylase,0.48147867875141326,0.0001876321466404196,1,0.5286113807376208,2.768634909615113
IPR002792,TRAM domain,0.48415128316217054,0.000665075546063156,10,0.531345555777527,2.7462294754849523
IPR003171,Methylenetetrahydrofolate reductase-like,0.48575581679944996,0.00018881154870501653,1,0.5329059299425117,2.7334944709445663
IPR001048,Aspartate/glutamate/uridylate kinase,0.48864821770620964,0.001337709987176683,37,0.5358774737989122,2.7093449862059327
IPR009526,Protein of unknown function DUF1146,0.48963649034185186,0.00018988373240010463,1,0.5367594006905414,2.7022034068346685
IPR026017,Lumazine-binding domain,0.49219830216930127,0.0003454575865573897,3,0.5393649940344541,2.68117243628419
IPR005235,"Metallophosphoesterase, YmdB-like",0.4925420517025129,0.00019068787017142072,1,0.53953892665835,2.67977216369297
IPR039506,"SpoOB, alpha-helical domain",0.5010394188588315,0.00019304667430061458,1,0.5486409858777141,2.6071175182510222
IPR040982,DNA polymerase III alpha subunit finger domain,0.5034134018102678,0.0005216173676603665,3,0.5508268216430547,2.5898492061560923
IPR029460,"DNA polymerase, helix-hairpin-helix motif",0.5032328131279642,0.0005208132298890505,3,0.5508268216430547,2.5898492061560923
IPR013198,"Global transcriptional regulator CodY, C-terminal",0.5056574851362332,0.0001943332947347203,1,0.5530747286786406,2.5721618504223303
IPR015341,"Glycoside hydrolase family 38, central domain",0.5060417665880422,0.00019444051310422912,1,0.553287510825171,2.5704913285999926
IPR002988,Protein G-related albumin-binding (GA) module,0.5068157958286574,0.000877743181983883,11,0.553926109683795,2.5654816360516763
IPR002376,"Formyl transferase, N-terminal",0.5084602470818611,0.0005335186066758445,3,0.5555152043801824,2.5530404997595046
IPR011766,"Thiamine pyrophosphate enzyme, TPP-binding",0.513016108335617,0.0012413206729882617,32,0.56028276101373,2.5159273985937745
IPR006096,"Glutamate/phenylalanine/leucine/valine/L-tryptophan dehydrogenase, C-terminal",0.513254349718006,0.00035526806736744593,3,0.5603330901451536,2.515537297667603
IPR038726,"PD-(D/E)XK endonuclease-like domain, AddAB-type",0.5149583502019983,0.000542310512975567,7,0.5619829899659533,2.502768294055336
IPR004095,TGS,0.5156179531595958,0.0005430610415621288,7,0.5624923125377409,2.4988340858593854
IPR032525,"Peptidase family U32, C-terminal",0.5177193408339644,0.00019771067337424786,1,0.564573522016395,2.4827949372685953
IPR015848,"Polyribonucleotide nucleotidyltransferase, RNA-binding domain",0.5203872561557743,0.00019846120196080955,1,0.5672707435327992,2.4620961419646092
IPR010505,"Molybdenum cofactor biosynthesis protein A-like, twitch domain",0.5230504389988134,0.00019921173054737121,1,0.5699607922722496,2.4415501851253687
IPR013564,"Lipid II isoglutaminyl synthase (glutamine-hydrolyzing) subunit MurT, C-terminal",0.5238104671863265,0.00019942616728638884,1,0.5705757647797266,2.436866789564728
IPR005471,"Transcription regulator IclR, N-terminal",0.5241903331745216,0.00019953338565589765,1,0.5707763299241616,2.4353404536200003
IPR000432,"DNA mismatch repair protein MutS, C-terminal",0.5251130220404067,0.0007348210954286376,12,0.5715675894997484,2.4293240566918115
IPR003651,"Endonuclease III-like, iron-sulphur cluster loop motif",0.5257088039989025,0.0001999622591339329,1,0.5720025643510447,2.426020242121996
IPR011108,"Zn-dependent metallo-hydrolase, RNA specificity domain",0.5270133608641583,0.0005539973152520275,7,0.5729943923489507,2.418496282661599
IPR024425,"Cell wall-active antibiotics response LiaF-like, C-terminal",0.5268466074455062,0.00020028391424245932,1,0.5729943923489507,2.418496282661599
IPR001633,EAL domain,0.5279137522298989,0.0005547478438385891,7,0.5737594116669344,2.4127017744336934
IPR048267,"Arginosuccinate synthase-like, N-terminal domain",0.5293087277026818,0.00020098083364426662,1,0.5750525149304664,2.4029249287019594
IPR048268,Arginosuccinate synthase C-terminal domain,0.5294979432744521,0.000201034442829021,1,0.5750525149304664,2.4029249287019594
IPR043894,"6-phospho-N-acetylmuramidase, C-terminal",0.5297896949534703,0.00036716930638292395,1,0.5751551565466565,2.4021498219321344
IPR010312,"Global transcriptional regulator CodY, N-terminal",0.5313886847764576,0.00020157053467656508,1,0.5766763694857278,2.390678443446356
IPR025987,GW domain,0.5333018836410791,0.0009338183892369912,13,0.5785373112713492,2.3766862710682393
IPR003382,Flavoprotein,0.5346828980016247,0.000380786039310543,1,0.5798197584874443,2.3670698929861542
IPR000866,Alkyl hydroperoxide reductase subunit C/ Thiol specific antioxidant,0.5371082635379107,0.0005618242562261708,7,0.5822333444150735,2.349029262060538
IPR010368,"Control of competence regulator ComK, YlbF/YmcA",0.5425351421916854,0.0005750121156757545,4,0.5878976122746022,2.3069830367904274
IPR012947,"Threonyl/alanyl tRNA synthetase, SAD",0.5441719367549254,0.0005793008504561069,4,0.5894522167820812,2.295513946892723
IPR001537,"tRNA/rRNA methyltransferase, SpoU type",0.547195909172168,0.0007739021911145993,13,0.5925077130137549,2.273059918199515
IPR041532,"RlmI-like, PUA domain",0.5525668688741903,0.0002076283725538129,1,0.5981013324562505,2.2322523006113757
IPR046826,"Prephenate dehydrogenase, nucleotide-binding domain",0.5534956462345126,0.00020789641847758492,1,0.5986622049035011,2.2281815912503022
IPR046825,"Prephenate dehydrogenase, dimerization domain",0.553309949309812,0.00020784280929283052,1,0.5986622049035011,2.2281815912503022
IPR032432,"Radical SAM, C-terminal extension",0.5603455827232274,0.00020987995831349795,1,0.6058463919988621,2.176374741235104
IPR001509,NAD-dependent epimerase/dehydratase,0.5609682510074678,0.0011989694170322814,23,0.6062948183609251,2.1731614340427754
IPR029154,"3-hydroxyisobutyrate dehydrogenase-like, NAD-binding domain",0.5623741033210434,0.0002104696593457964,1,0.607589064573606,2.1639005119845156
IPR000602,"Glycoside hydrolase family 38, N-terminal domain",0.5655017869362742,0.0002113810154866213,1,0.6107419298911761,2.141422629167623
IPR006214,Bax inhibitor 1-related,0.566603537385002,0.00021170267059514772,1,0.6117052628710351,2.134577829875382
IPR046778,"UPF0758, N-terminal",0.5688036589812409,0.0002123459808122006,1,0.6138532455918942,2.1193544359429457
IPR001206,"Diacylglycerol kinase, catalytic domain",0.5756857666169026,0.0006277099442893352,5,0.6206504166781165,2.07152948707118
IPR007838,Cell division protein ZapA-like,0.575740527131106,0.00021438312983286802,1,0.6206504166781165,2.07152948707118
IPR020828,"Glyceraldehyde 3-phosphate dehydrogenase, NAD(P) binding domain",0.5755880553762186,0.0004189021696709254,4,0.6206504166781165,2.07152948707118
IPR022742,"Serine aminopeptidase, S33",0.576380854008911,0.0010377665984757838,17,0.6211110754951902,2.0683072645633365
IPR023577,CYTH domain,0.5779214274390447,0.00021502644004992087,1,0.6225411460702823,2.058319391386819
IPR003180,Methylpurine-DNA glycosylase,0.5793727382387949,0.00021545531352795612,1,0.6238740416190273,2.049030842785164
IPR021324,Protein of unknown function DUF2929,0.5833529100941728,0.00021663471559255304,1,0.6279280494036943,2.0209011667223855
IPR010766,DRTGG,0.5838944083490165,0.00021679554314681625,1,0.6282790017511927,2.0184745496809544
IPR000534,"Semialdehyde dehydrogenase, NAD-binding",0.5953673989515182,0.0004338055230326501,2,0.6403878035199658,1.9355694801197862
IPR010663,"Zinc finger, FPG/IleRS-type",0.598037552972577,0.00044511706101582973,2,0.6430226786386558,1.9177370976016612
IPR048715,"CggR, N-terminal DNA binding domain",0.6022979992967662,0.00022231728917652003,1,0.6473648971431516,1.8885085357469424
IPR034907,Nucleoside diphosphate kinase-like domain,0.6038882927390105,0.00022279977183930968,1,0.648835026391656,1.8786571342387712
IPR003495,"CobW/HypB/UreG, nucleotide-binding domain",0.6129874520802697,0.00046731126350415365,5,0.6583688435602455,1.8153072972474482
IPR028261,Dihydroprymidine dehydrogenase domain II,0.6158079894460298,0.00022644519640260927,1,0.6611546749722469,1.7969692685521172
IPR013685,"POTRA domain, FtsQ-type",0.6208388540142796,0.00022799986276048702,1,0.6663106729133748,1.7632323018036837
IPR009907,RNA polymerase epsilon subunit,0.6230836691868031,0.0002286967821622943,1,0.6684738702533914,1.7491556405876851
IPR041424,"CinA, KH domain",0.6249780538496323,0.00022928648319459278,1,0.6702596561329636,1.7375692061243866
IPR010461,Competence protein ComK,0.6260093841889944,0.0002296081383031192,1,0.6711188839320249,1.7320054084085057
IPR002912,ACT domain,0.6331677498073334,0.0009727386573686897,15,0.6785436083933054,1.684222360278469
IPR015847,"Exoribonuclease, phosphorolytic domain 2",0.6340104529403292,0.0004857528230596692,5,0.6791970906590742,1.6800418306065288
IPR007627,RNA polymerase sigma-70 region 2,0.6347841468001485,0.0017100793844807842,58,0.6797761924602398,1.6763404961497927
IPR007642,"RNA polymerase Rpb2, domain 2",0.6410299163200867,0.0005015139233774644,3,0.686212641699476,1.635412854495446
IPR013822,"Signal recognition particle SRP54, helical bundle",0.6446621451498331,0.0005104666572314501,3,0.6898476386263902,1.6124681797357705
IPR041636,"Ribonuclease J, C-terminal",0.6484006535833644,0.0005168461502172245,6,0.6935936558507303,1.588948879101923
IPR010559,"Signal transduction histidine kinase, internal region",0.6597284240092746,0.0005308381474381243,6,0.7051935793295618,1.5169165053385514
IPR048394,"Fatty acid kinase subunit A-like, middle domain",0.6596863715130306,0.00027866054235340033,2,0.7051935793295618,1.5169165053385514
IPR000891,Pyruvate carboxyltransferase,0.6608675001621909,0.0005320175495027212,6,0.7060897084888892,1.5114011845715143
IPR029119,"Adenine DNA glycosylase, C-terminal",0.661051064531779,0.00027989355360275167,2,0.7060897084888892,1.5114011845715143
IPR011601,"UDP-N-acetylenolpyruvoylglucosamine reductase, C-terminal",0.662564789895301,0.0002812337832216118,2,0.7074474285370552,1.503058276687783
IPR006067,Nitrite/sulphite reductase 4Fe-4S domain,0.6632406923867649,0.00028182348425391025,2,0.707909904465522,1.5002201135439446
IPR005148,Arginyl tRNA synthetase N-terminal domain,0.6657482858208773,0.00028396785164408646,2,0.7103263817979064,1.4854205516254526
IPR035684,"Arginyl-tRNA synthetase, catalytic core domain",0.6663871752951854,0.00028450394349163055,2,0.7104881181574993,1.484431805961611
IPR022764,"Peptidase S54, rhomboid domain",0.6662590188988191,0.0002843967251221217,2,0.7104881181574993,1.484431805961611
IPR008841,"Siphovirus-type tail component, RIFT-related domain",0.6704519427105192,0.0002878277129464037,2,0.7145606231520008,1.4596091987019142
IPR000241,"Ribosomal RNA large subunit methyltransferase K/L-like, methyltransferase domain",0.670720178506143,0.0002880421496854213,2,0.714585327191784,1.4594590554900597
IPR002569,Peptide methionine sulphoxide reductase MsrA domain,0.6721272386938375,0.0005498694080259383,4,0.7158228736417933,1.45194428134203
IPR025121,"GTPase HflX, N-terminal",0.6752467495851437,0.00029158035587921206,2,0.7186202634271092,1.4350054086014354
IPR032305,"GTP-binding protein, middle domain",0.6750369649918042,0.00029141952832494885,2,0.7186202634271092,1.4350054086014354
IPR015413,Methionyl/Leucyl tRNA synthetase,0.6772810508030883,0.0005645583246486454,7,0.7205222707558575,1.4235259095422874
IPR004160,"Translation elongation factor EFTu/EF1A, C-terminal",0.6787975568001807,0.00029426081511693236,2,0.721872237647457,1.4153966031764822
IPR000587,"Creatinase, N-terminal",0.6807019582655889,0.0005705089441563844,7,0.723633580132139,1.4048128795967045
IPR005177,Bifunctional kinase-pyrophosphorylase,0.6815627023167351,0.0002962979641375998,2,0.7242845626660348,1.4009077121293025
IPR005311,"Penicillin-binding protein, dimerisation domain",0.6884609390404003,0.0008648233684580712,15,0.7313486696691466,1.3587552425738647
IPR045540,"YegS/DAGK, C-terminal domain",0.6992782538492228,0.0006063734887570818,5,0.7425693329294734,1.2926299049165435
IPR004360,Glyoxalase/fosfomycin resistance/dioxygenase domain,0.7064073871839989,0.002155357273050877,90,0.7498667422746781,1.2501590759062708
IPR000573,"Aconitase A/isopropylmalate dehydratase small subunit, swivel domain",0.7115191509271018,0.0003164550176052563,2,0.7550181383200251,1.2204261489044705
IPR013708,"Shikimate dehydrogenase substrate binding, N-terminal",0.7182909024832039,0.0003206901432008543,2,0.7619266175485714,1.1808685428819763
IPR001098,"DNA-directed DNA polymerase, family A, palm domain",0.7242173987514019,0.0003243355677641539,2,0.7679337944578501,1.1467621999584938
IPR006657,Molybdopterin dinucleotide-binding domain,0.7287137135528423,0.0003270696361866286,2,0.7724206429371459,1.1214612822006995
IPR002474,"Carbamoyl-phosphate synthase small subunit, N-terminal domain",0.729457266776872,0.00033157280770599863,1,0.7729278306400286,1.1186105487599736
IPR000292,Formate/nitrite transporter,0.7314898578592117,0.0003423482538416342,1,0.7748000092689653,1.108103827574435
IPR004100,"ATPase, F1/V1/A1 complex, alpha/beta subunit, N-terminal domain",0.7325669870727605,0.000676333474861581,7,0.7756591627829229,1.1032907286533429
IPR007300,CidB/LrgB family,0.7339561933584948,0.0003492638386749525,1,0.7768480071990457,1.0966394399422166
IPR002505,Phosphate acetyl/butaryl transferase,0.7350709299696145,0.00035178347035840955,1,0.7777455848299696,1.0916244565085464
IPR008145,Guanylate kinase/L-type calcium channel beta subunit,0.7364621685192874,0.00035462475715039305,1,0.7786525320530246,1.0865629980724238
IPR022791,Lysylphosphatidylglycerol synthetase/glycosyltransferase AglD,0.7364346214654724,0.00035457114796563863,1,0.7786525320530246,1.0865629980724238
IPR005835,Nucleotidyl transferase domain,0.7458578846932862,0.0010760435563904292,23,0.7883006856707584,1.0330809568385289
IPR004038,Ribosomal protein eL8/eL30/eS12/Gadd45,0.7497494773108305,0.00037435293714001435,3,0.7921266216805731,1.0120539075677386
IPR008909,DALR anticodon binding,0.7550197395728839,0.00038046438420201656,3,0.7974058531671603,0.983205808270356
IPR000462,CDP-alcohol phosphatidyltransferase,0.7607079648973316,0.0003865222220792644,3,0.8031225291964588,0.9521819109195083
IPR001478,PDZ domain,0.7737394029155803,0.0008094986897915246,13,0.8165849073115571,0.8799865127057918
IPR012280,"Semialdehyde dehydrogenase, dimerisation domain",0.7791015839998657,0.00042077849113732955,2,0.8219465336264864,0.8515643173754782
IPR023631,Amidase signature domain,0.7803416491668087,0.0004243703065158747,2,0.8229570520688659,0.8462282886572838
IPR001539,Peptidase U32,0.7825480760514646,0.00042973122499131533,2,0.824985607290698,0.8355362809098865
IPR044056,"Internalin I, Ig-like domain",0.7829644172857826,0.0004306425811321402,2,0.8251262164095924,0.8347961399847464
IPR018449,NIL domain,0.7873823785959303,0.0004391128323233363,4,0.8294823034630537,0.8119287496852583
IPR002300,"Aminoacyl-tRNA synthetase, class Ia",0.7889430714249257,0.0008700234593792485,15,0.8308262897345913,0.8048976959237818
IPR001734,Sodium/solute symporter,0.7906997048129756,0.0004445273599835313,4,0.8323755737309158,0.7968067275344923
IPR005135,Endonuclease/exonuclease/phosphatase,0.7997983033333089,0.00045717912758557095,4,0.8415241795796538,0.7493340089177819
IPR001705,Large ribosomal subunit protein bL33,0.799967429970782,0.0004573935643245886,4,0.8415241795796538,0.7493340089177819
IPR004088,"K Homology domain, type 1",0.8046153345783762,0.0004650060685597142,3,0.8461082999028291,0.7257404471518905
IPR004143,"Biotinyl protein ligase (BPL) and lipoyl protein ligase (LPL), catalytic domain",0.8059064113334935,0.0009420742036891697,15,0.8468551695309792,0.7219085702672944
IPR000771,"Fructose-bisphosphate aldolase, class-II",0.80590382506776,0.0004765856524666658,3,0.8468551695309792,0.7219085702672944
IPR020617,"Thiolase, C-terminal",0.8103643046685736,0.0004917034425674082,5,0.8512328214746255,0.6995163938348328
IPR001247,"Exoribonuclease, phosphorolytic domain 1",0.8119758396111019,0.0004955633038697254,5,0.8526184905675093,0.6924525312876512
IPR007863,"Peptidase M16, C-terminal",0.8396384959454855,0.0005743151962739472,5,0.8813483996317623,0.5485237975211508
IPR000795,Translational (tr)-type GTP-binding domain,0.8407152251809911,0.0017302364379484408,57,0.8821610639178733,0.5445211465870269
IPR002305,"Aminoacyl-tRNA synthetase, class Ic",0.8415597001725661,0.0005865916995827061,5,0.8827295272313679,0.5417234605435882
IPR005482,"Biotin carboxylase, C-terminal",0.8446282430272738,0.0005973671457183416,7,0.8856296140480152,0.5274786976866505
IPR024529,"ECF transporter, substrate-specific component",0.8609403495462735,0.0006653972011716824,7,0.9024090795387971,0.4459654370895917
IPR001242,Condensation domain,0.8682916097584179,0.0006989565508279403,8,0.9097873999480943,0.4106008220259821
IPR005182,"YdbS-like, PH domain",0.8701047178877597,0.0007144496052219635,10,0.9113596829600241,0.4031018779578792
IPR007848,Methyltransferase small domain,0.8749201900580391,0.0007362149342322521,9,0.9160744252097818,0.3806924123947463
IPR013155,"Methionyl/Valyl/Leucyl/Isoleucyl-tRNA synthetase, anticodon-binding",0.8922937768031658,0.0008586047030265602,14,0.9339298826841463,0.2968572838066607
IPR033753,Glycine cleavage system H-protein/Simiate,1.0,0.00029045456299936956,1,1.0,-0.0
IPR022663,"Dihydrodipicolinate reductase, C-terminal",1.0,0.0002449939743276336,1,1.0,-0.0
IPR001179,FKBP-type peptidyl-prolyl cis-trans isomerase domain,1.0,0.0002619344767100258,1,1.0,-0.0
IPR027486,Small ribosomal subunit protein uS10 domain,1.0,0.00025491167350719866,1,1.0,-0.0
IPR018982,RQC domain,1.0,0.00024327848041549264,1,1.0,-0.0
IPR032524,"ABC transporter Uup, C-terminal",1.0,0.0004806063413232462,4,1.0,-0.0
IPR015282,Staphylococcal superantigen-like OB-fold domain,1.0,0.0004472078192212515,3,1.0,-0.0
IPR005234,Chromosome segregation/condensation protein ScpB,1.0,0.00025517971943097065,1,1.0,-0.0
IPR000722,"RNA polymerase, alpha subunit",1.0,0.0003383275649850538,2,1.0,-0.0
IPR005822,Large ribosomal subunit protein uL13,1.0,0.000254965282691953,1,1.0,-0.0
IPR000760,Inositol monophosphatase-like,1.0,0.00030964665114144676,1,1.0,-0.0
IPR008881,"Trigger factor, ribosome-binding, bacterial",1.0,0.00025700243171262045,1,1.0,-0.0
IPR001441,Decaprenyl diphosphate synthase-like,1.0,0.0002723346585523805,1,1.0,-0.0
IPR040758,"Release factor glutamine methyltransferase, N-terminal domain",1.0,0.0002544828000291634,1,1.0,-0.0
IPR007120,"DNA-directed RNA polymerase, subunit 2, hybrid-binding domain",1.0,0.0002556622020937603,1,1.0,-0.0
IPR003811,"Glycerol-3-phosphate acyltransferase, PlsY",1.0,0.0002820379209929279,1,1.0,-0.0
IPR021137,Large ribosomal subunit protein bL35-like,1.0,0.000254965282691953,1,1.0,-0.0
IPR003837,Glu-tRNAGln amidotransferase C subunit,1.0,0.0002448331467733704,1,1.0,-0.0
IPR019462,"DNA-directed RNA polymerase, beta subunit, external 1 domain",1.0,0.00025523332861572507,1,1.0,-0.0
IPR046887,"Ribosomal RNA small subunit methyltransferase E, PUA-like domain",1.0,0.0002410268946558076,1,1.0,-0.0
IPR031322,Shikimate kinase/gluconokinase,1.0,0.00023480822922429653,1,1.0,-0.0
IPR046886,"Ribosomal RNA small subunit methyltransferase E, methyltransferase domain",1.0,0.0002499796285097933,1,1.0,-0.0
IPR011128,"Glycerol-3-phosphate dehydrogenase, NAD-dependent, N-terminal",1.0,0.0002945288610407044,1,1.0,-0.0
IPR013656,PAS fold-4,1.0,0.00027356766980173177,1,1.0,-0.0
IPR003732,D-aminoacyl-tRNA deacylase DTD,1.0,0.00025523332861572507,1,1.0,-0.0
IPR003265,HhH-GPD domain,1.0,0.0006790139340993014,8,1.0,-0.0
IPR008880,"Trigger factor, C-terminal",1.0,0.00026654486659890463,1,1.0,-0.0
IPR000121,"PEP-utilising enzyme, C-terminal",1.0,0.00039783376006244397,2,1.0,-0.0
IPR001030,"Aconitase/3-isopropylmalate dehydratase large subunit, alpha/beta/alpha domain",1.0,0.00033709455373570244,2,1.0,-0.0
IPR002937,Amine oxidase,1.0,0.0004036771612006742,3,1.0,-0.0
IPR003390,"DNA integrity scanning protein, DisA, N-terminal",1.0,0.0003318408536297707,2,1.0,-0.0
IPR033479,Double Cache domain 1,1.0,0.00030862807663111305,1,1.0,-0.0
IPR006151,Quinate/shikimate 5-dehydrogenase/glutamyl-tRNA reductase,1.0,0.00029409998756266915,1,1.0,-0.0
IPR041222,"Primosomal protein N', 3' DNA-binding domain",1.0,0.0002554477653547427,1,1.0,-0.0
IPR019815,"Translation initiation factor 3, C-terminal",1.0,0.0002579137878534454,1,1.0,-0.0
IPR009910,Protein of unknown function DUF1450,1.0,0.00023673815987545514,1,1.0,-0.0
IPR007645,"RNA polymerase Rpb2, domain 3",1.0,0.00025523332861572507,1,1.0,-0.0
IPR003142,"Biotin protein ligase, C-terminal",1.0,0.00025882514399427025,1,1.0,-0.0
IPR027474,"L-asparaginase, N-terminal",1.0,0.0002652582461647989,1,1.0,-0.0
IPR028112,"DNA polymerase III PolC-type, N-terminal domain I",1.0,0.00024145576813384284,1,1.0,-0.0
IPR007394,"Putative helix-turn-helix protein, YlxM/p13-like",1.0,0.0002574313051906557,1,1.0,-0.0
IPR014048,"Methylated-DNA-[protein]-cysteine S-methyltransferase, DNA binding",1.0,0.00036325583589585236,2,1.0,-0.0
IPR027785,UvrD-like helicase C-terminal domain,1.0,0.00047508459529354245,4,1.0,-0.0
IPR009075,"Acyl-CoA dehydrogenase/oxidase, C-terminal",1.0,0.0003731735350754174,2,1.0,-0.0
IPR000453,Chorismate synthase,1.0,0.00024274238856794857,1,1.0,-0.0
IPR001585,Transaldolase/Fructose-6-phosphate aldolase,1.0,0.0003212798442331528,1,1.0,-0.0
IPR000878,Tetrapyrrole methylase,1.0,0.0007526193447671002,10,1.0,-0.0
IPR023115,"Translation initiation factor IF- 2, domain 3",1.0,0.00025517971943097065,1,1.0,-0.0
IPR001977,Dephospho-CoA kinase,1.0,0.00026145199404723613,1,1.0,-0.0
IPR002547,tRNA-binding domain,1.0,0.000773205271712792,11,1.0,-0.0
IPR002935,Class I-like SAM-dependent O-methyltransferase,1.0,0.0002420454691661413,1,1.0,-0.0
IPR040919,"Asparaginase/glutaminase, C-terminal",1.0,0.0002633819246983947,1,1.0,-0.0
IPR002121,HRDC domain,1.0,0.00025689521334311166,1,1.0,-0.0
IPR002156,Ribonuclease H domain,1.0,0.00031163019097735976,1,1.0,-0.0
IPR046884,"tRNA-specific 2-thiouridylase MnmA-like, central domain",1.0,0.0002555013745394971,1,1.0,-0.0
IPR014720,Double-stranded RNA-binding domain,1.0,0.0002552869378004795,1,1.0,-0.0
IPR021153,"Heat-inducible transcription repressor HrcA, C-terminal",1.0,0.00025507250106146187,1,1.0,-0.0
IPR040465,"CtsR, N-terminal HTH domain",1.0,0.00023957944666743865,1,1.0,-0.0
IPR003815,S-ribosylhomocysteinase (LuxS),1.0,0.0002446723192191072,1,1.0,-0.0
IPR046885,"tRNA-specific 2-thiouridylase MnmA-like, C-terminal domain",1.0,0.0002556085929090059,1,1.0,-0.0
IPR013264,"DNA primase DNAG, catalytic core, N-terminal",1.0,0.0002560910755717956,1,1.0,-0.0
IPR021130,Phosphoribosyl-ATP pyrophosphohydrolase-like,1.0,0.00026933254420613377,1,1.0,-0.0
IPR001267,Thymidine kinase,1.0,0.00025089098465061823,1,1.0,-0.0
IPR032423,AAA C-terminal domain,1.0,0.0003197787870600294,1,1.0,-0.0
IPR004364,"Aminoacyl-tRNA synthetase, class II (D/K/N)",1.0,0.0008143771256041755,12,1.0,-0.0
IPR006108,"3-hydroxyacyl-CoA dehydrogenase, C-terminal",1.0,0.00023888252726563138,1,1.0,-0.0
IPR041473,"CtsR, C-terminal dimerization domain",1.0,0.0002392577915589122,1,1.0,-0.0
IPR005538,LrgA/CidA family,1.0,0.0003435812650909855,2,1.0,-0.0
IPR002379,V-ATPase proteolipid subunit C-like domain,1.0,0.0003866294404487732,2,1.0,-0.0
IPR003761,"Exonuclease VII, small subunit",1.0,0.0002555013745394971,1,1.0,-0.0
IPR002641,Patatin-like phospholipase domain,1.0,0.00024713834171780986,1,1.0,-0.0
IPR002504,NAD kinase,1.0,0.0002478888703043715,1,1.0,-0.0
IPR015269,"Uncharacterised domain UPF0029, Impact, C-terminal",1.0,0.00025383948981211053,1,1.0,-0.0
IPR043797,"6-phospho-N-acetylmuramidase, N-terminal",1.0,0.00036984976562064425,2,1.0,-0.0
IPR003772,Large ribosomal RNA subunit accumulation protein YceD,1.0,0.00025405392655112816,1,1.0,-0.0
IPR007624,RNA polymerase sigma-70 region 3,1.0,0.000502639716257307,4,1.0,-0.0
IPR011251,Luciferase-like domain,1.0,0.0005767276095878954,6,1.0,-0.0
IPR006357,"HAD-superfamily hydrolase, subfamily IIA",1.0,0.00024826413459765235,1,1.0,-0.0
IPR041663,"DisA/LigA, helix-hairpin-helix motif",1.0,0.0002899184711518255,1,1.0,-0.0
IPR020562,"Phosphoribosylglycinamide synthetase, N-terminal",1.0,0.0002478888703043715,1,1.0,-0.0
IPR011994,Cytidylate kinase domain,1.0,0.0002553405469852339,1,1.0,-0.0
IPR003749,Sulfur carrier ThiS/MoaD-like,1.0,0.00025635912149556757,1,1.0,-0.0
IPR048876,"TypA/BipA, C-terminal domain",1.0,0.0002552869378004795,1,1.0,-0.0
IPR003010,Carbon-nitrogen hydrolase,1.0,0.0002716913483353276,1,1.0,-0.0
IPR010603,"Zinc finger, ClpX C4-type",1.0,0.00025619829394130436,1,1.0,-0.0
IPR006110,"RNA polymerase, subunit omega/Rpo6/RPB6",1.0,0.0002536250530730929,1,1.0,-0.0
IPR013848,"Methylthiotransferase, N-terminal",1.0,0.0002828956679489984,1,1.0,-0.0
IPR045562,"ATP-dependent DNA helicase RecG, domain 3, C-terminal",1.0,0.00025437558165965457,1,1.0,-0.0
IPR040498,"PriA DNA helicase, Cys-rich region (CRR) domain",1.0,0.000254965282691953,1,1.0,-0.0
IPR010935,SMCs flexible hinge,1.0,0.0002563055123108132,1,1.0,-0.0
IPR000846,"Dihydrodipicolinate reductase, N-terminal",1.0,0.000267509831924484,1,1.0,-0.0
IPR007227,Cell shape-determining protein MreD,1.0,0.0002481569162281435,1,1.0,-0.0
IPR003726,Homocysteine-binding domain,1.0,0.00025373227144260174,1,1.0,-0.0
IPR011712,"Signal transduction histidine kinase, subgroup 3, dimerisation and phosphoacceptor domain",1.0,0.0007245281319557917,9,1.0,-0.0
IPR013025,Large ribosomal subunit protein uL23-like,1.0,0.000254965282691953,1,1.0,-0.0
IPR010343,Aromatic acid exporter family member 1,1.0,0.00045524919693441237,3,1.0,-0.0
IPR023584,Ribosome recycling factor domain,1.0,0.0002553941561699883,1,1.0,-0.0
IPR000754,Small ribosomal subunit protein uS9,1.0,0.00025501889187670745,1,1.0,-0.0
IPR033454,"RecG, wedge domain",1.0,0.00025400031736637373,1,1.0,-0.0
IPR019831,"Manganese/iron superoxide dismutase, N-terminal",1.0,0.00029790623968023195,1,1.0,-0.0
IPR004167,Peripheral subunit-binding domain,1.0,0.0005521209937856233,5,1.0,-0.0
IPR029351,GAD domain,1.0,0.0002585570980704982,1,1.0,-0.0
IPR011620,"Signal transduction histidine kinase, 5TM receptor LytS, transmembrane region",1.0,0.00031822412070215165,1,1.0,-0.0
IPR041715,Class II Histidinyl-tRNA synthetase (HisRS)-like catalytic core domain,1.0,0.00045219347340341124,3,1.0,-0.0
IPR022643,"Orn/DAP/Arg decarboxylase 2, C-terminal",1.0,0.00031393538592179923,1,1.0,-0.0
IPR020579,"Exonuclease VII, large subunit, C-terminal",1.0,0.00028016159952652366,1,1.0,-0.0
IPR002136,Large ribosomal subunit protein uL4,1.0,0.00025517971943097065,1,1.0,-0.0
IPR012319,"Formamidopyrimidine-DNA glycosylase, catalytic domain",1.0,0.00024317126204598382,1,1.0,-0.0
IPR028909,Large ribosomal subunit protein bL21-like,1.0,0.00025523332861572507,1,1.0,-0.0
IPR005480,"Carbamoyl-phosphate synthetase, large subunit oligomerisation domain",1.0,0.00033248416384682356,2,1.0,-0.0
IPR022666,"Large ribosomal subunit protein uL2, RNA-binding domain",1.0,0.00025485806432244424,1,1.0,-0.0
IPR003317,Cytochrome ubiquinol oxidase subunit 2,1.0,0.00024842496215191556,1,1.0,-0.0
IPR005145,"Threonylcarbamoyl-AMP synthase, C-terminal domain",1.0,0.00023963305585219304,1,1.0,-0.0
IPR000597,Large ribosomal subunit protein uL3,1.0,0.00025491167350719866,1,1.0,-0.0
IPR000445,Helix-hairpin-helix motif,1.0,0.00035746604394237656,2,1.0,-0.0
IPR006847,"Translation initiation factor IF-2, N-terminal",1.0,0.0005085903357650459,4,1.0,-0.0
IPR020040,"Large ribosomal subunit protein uL6, alpha-beta domain",1.0,0.000509930565383906,4,1.0,-0.0
IPR020560,"Phosphoribosylglycinamide synthetase, C-domain",1.0,0.00024349291715451024,1,1.0,-0.0
IPR009711,Uncharacterised protein family UPF0473,1.0,0.00032138706260266157,1,1.0,-0.0
IPR004125,"Signal recognition particle, SRP54 subunit, M-domain",1.0,0.0002552869378004795,1,1.0,-0.0
IPR022029,"YoaR-like, putative peptidoglycan binding domain",1.0,0.0002535178347035841,1,1.0,-0.0
IPR006998,DltD,1.0,0.00024183103242712367,1,1.0,-0.0
IPR019814,"Translation initiation factor 3, N-terminal",1.0,0.0002562519031260588,1,1.0,-0.0
IPR024084,Isopropylmalate dehydrogenase-like domain,1.0,0.0003407935874837564,2,1.0,-0.0
IPR005843,"Alpha-D-phosphohexomutase, C-terminal",1.0,0.000517060586956242,4,1.0,-0.0
IPR001498,"Impact, N-terminal",1.0,0.0002551261102462163,1,1.0,-0.0
IPR002767,Thiamine-binding protein,1.0,0.0002343793557462613,1,1.0,-0.0
IPR019832,"Manganese/iron superoxide dismutase, C-terminal",1.0,0.00030037226217893457,1,1.0,-0.0
IPR045585,"Diadenylate cyclase CdaA, N-terminal domain",1.0,0.0002544828000291634,1,1.0,-0.0
IPR005793,"Formyl transferase, C-terminal",1.0,0.00026268500529658747,1,1.0,-0.0
