downstream_orf	blast_hit_id	contig	orf_start	orf_stop	strand	nearest_defense_gene	nearest_defense_type	nearest_distance_bp	defense_genes_in_window	proximity_score	density_score	defense_score	interpro_domains
NZ_CP169423.1_2036-12349:._7	NZ_CP169423.1_8	NZ_CP169423.1_2036-12349	5693	6817	1	none	none	0	0	0.0	0.0	0.0	IPR013610
NZ_CP169423.1_39198-49814:._9	NZ_CP169423.1_47	NZ_CP169423.1_39198-49814	10076	10615	1	none	none	0	0	0.0	0.0	0.0	IPR003740
NZ_CP169424.1_31560-42140:._2	NZ_CP169424.1_39	NZ_CP169424.1_31560-42140	225	545	-1	NZ_CP169424.1_31560-42140:._6	RM	3331	1	0.1891	0.1	0.1535	
NZ_CP169424.1_31560-42140:._9	NZ_CP169424.1_44	NZ_CP169424.1_31560-42140	8154	8513	1	NZ_CP169424.1_31560-42140:._11	RM	543	3	0.7622	0.3	0.5773	
NZ_CP149538.1_17208-27830:._9	NZ_CP149538.1_30	NZ_CP149538.1_17208-27830	4635	4970	-1	NZ_CP149538.1_17208-27830:._12	RM	781	1	0.6767	0.1	0.446	IPR012336
NZ_OZ281637.1_328135-338718:._7	NZ_OZ281637.1_324	NZ_OZ281637.1_328135-338718	3750	4913	-1	NZ_OZ281637.1_328135-338718:._13	PrrC	4646	0	0.098	0.0	0.0588	IPR026870;IPR026898
NZ_OZ281638.1_17256-27875:._7	NZ_OZ281638.1_27	NZ_OZ281638.1_17256-27875	5091	5510	1	none	none	0	0	0.0	0.0	0.0	
NZ_OZ281640.1_4275-14924:._8	NZ_OZ281640.1_12	NZ_OZ281640.1_4275-14924	5143	6573	-1	none	none	0	0	0.0	0.0	0.0	IPR018778
NZ_CP142812.1_41372-52015:._7	NZ_CP142812.1_48	NZ_CP142812.1_41372-52015	6723	7043	-1	none	none	0	0	0.0	0.0	0.0	IPR032874
NZ_CP028236.1_10536-21167:._5	NZ_CP028236.1_17	NZ_CP028236.1_10536-21167	4011	4913	-1	none	none	0	0	0.0	0.0	0.0	IPR003740;IPR019264
NZ_CP028236.1_30580-41166:._1	NZ_CP028236.1_30	NZ_CP028236.1_30580-41166	574	1005	-1	none	none	0	0	0.0	0.0	0.0	IPR006016
NZ_CP028238.1_10329-20945:._7	NZ_CP028238.1_19	NZ_CP028238.1_10329-20945	7020	7391	-1	none	none	0	0	0.0	0.0	0.0	IPR025161
NZ_CP097072.1_1062332-1072948:._7	NZ_CP097072.1_1019	NZ_CP097072.1_1062332-1072948	5617	7761	1	none	none	0	0	0.0	0.0	0.0	IPR006171;IPR013497;IPR013498;IPR034144
NZ_CP191296.1_40603-51204:._10	NZ_CP191296.1_54	NZ_CP191296.1_40603-51204	5618	6310	1	NZ_CP191296.1_40603-51204:._2	MazEF	4978	0	0.083	0.0	0.0498	IPR006171;IPR013497;IPR034144
NZ_CP128358.1_21237-31391:._8	NZ_CP128358.1_29	NZ_CP128358.1_21237-31391	5103	5252	1	none	none	0	0	0.0	0.0	0.0	IPR006119
NZ_CP064533.1_15940-26547:._9	NZ_CP064533.1_18	NZ_CP064533.1_15940-26547	9321	10607	1	none	none	0	0	0.0	0.0	0.0	IPR000014;IPR003660;IPR003661;IPR013767
NZ_CP091891.1_40732-51348:._10	NZ_CP091891.1_46	NZ_CP091891.1_40732-51348	5617	7761	1	none	none	0	0	0.0	0.0	0.0	IPR006171;IPR013497;IPR013498;IPR034144
NZ_DBJORY010000002.1_1-10545:._7	NZ_DBJORY010000002.1_6	NZ_DBJORY010000002.1_1-10545	5535	5762	1	NZ_DBJORY010000002.1_1-10545:._8	RosmerTA	361	9	0.8349	0.9	0.8609	
NZ_CP084539.1_2436499-2447052:._5	NZ_CP084539.1_2306	NZ_CP084539.1_2436499-2447052	3532	4986	-1	none	none	0	0	0.0	0.0	0.0	IPR001584;IPR015378
NZ_CP180196.1_6650-17263:._2	NZ_CP180196.1_12	NZ_CP180196.1_6650-17263	662	1057	1	none	none	0	0	0.0	0.0	0.0	IPR033782
NZ_CP180197.1_2872-13485:._8	NZ_CP180197.1_12	NZ_CP180197.1_2872-13485	5986	6723	-1	none	none	0	0	0.0	0.0	0.0	IPR010488
NZ_CP180197.1_2872-13485:._10	NZ_CP180197.1_14	NZ_CP180197.1_2872-13485	7014	7229	-1	none	none	0	0	0.0	0.0	0.0	IPR011686
NZ_CP180197.1_20514-31130:._6	NZ_CP180197.1_31	NZ_CP180197.1_20514-31130	2856	5000	-1	none	none	0	0	0.0	0.0	0.0	IPR006171;IPR013497;IPR013498;IPR034144
NZ_CP180198.1_22513-33129:._6	NZ_CP180198.1_31	NZ_CP180198.1_22513-33129	2856	5000	-1	none	none	0	0	0.0	0.0	0.0	IPR006171;IPR013497;IPR013498;IPR034144
NZ_CP085310.1_1276636-1287261:._6	NZ_CP085310.1_1184	NZ_CP085310.1_1276636-1287261	4684	4932	-1	none	none	0	0	0.0	0.0	0.0	
NZ_CP009046.1_1367835-1377992:._8	NZ_CP009046.1_1251	NZ_CP009046.1_1367835-1377992	5112	5648	1	NZ_CP009046.1_1367835-1377992:._3	AbiA	2309	1	0.3152	0.1	0.2291	IPR006119;IPR006120
NZ_CP118923.1_7352-17953:._11	NZ_CP118923.1_17	NZ_CP118923.1_7352-17953	9549	10124	1	none	none	0	0	0.0	0.0	0.0	IPR002781
NZ_CP074377.1_1330270-1340919:._10	NZ_CP074377.1_1240	NZ_CP074377.1_1330270-1340919	5656	5940	1	NZ_CP074377.1_1330270-1340919:._8	DarTG	1067	1	0.5865	0.1	0.3919	IPR001357
NZ_CP134829.1_1-7986:._8	NZ_CP134829.1_9	NZ_CP134829.1_1-7986	5111	6040	-1	none	none	0	0	0.0	0.0	0.0	IPR001048;IPR003964
NZ_CP047468.1_23709-34268:._3	NZ_CP047468.1_32	NZ_CP047468.1_23709-34268	2007	4964	-1	none	none	0	0	0.0	0.0	0.0	IPR002513;IPR025296
NZ_CP130522.1_2638770-2649371:._8	NZ_CP130522.1_2441	NZ_CP130522.1_2638770-2649371	4292	4984	-1	NZ_CP130522.1_2638770-2649371:._14	Lamassu-Fam	3307	7	0.1914	0.7	0.3948	IPR006171;IPR013497;IPR034144
NZ_CP168064.1_40978-51609:._6	NZ_CP168064.1_42	NZ_CP168064.1_40978-51609	5719	6621	1	none	none	0	0	0.0	0.0	0.0	IPR003740;IPR019264
NZ_CP013621.1_1040209-1050840:._5	NZ_CP013621.1_966	NZ_CP013621.1_1040209-1050840	4625	4939	-1	none	none	0	0	0.0	0.0	0.0	IPR001845;IPR011991
NZ_AP043992.1_16372-26988:._9	NZ_AP043992.1_27	NZ_AP043992.1_16372-26988	5617	7761	1	none	none	0	0	0.0	0.0	0.0	IPR006171;IPR013497;IPR013498;IPR034144
NZ_CP089163.1_6463-17070:._4	NZ_CP089163.1_12	NZ_CP089163.1_6463-17070	1331	1957	-1	none	none	0	0	0.0	0.0	0.0	IPR003439;IPR017911
NZ_CM149708.1_3350826-3361379:._9	NZ_CM149708.1_3514	NZ_CM149708.1_3350826-3361379	5567	7615	1	none	none	0	0	0.0	0.0	0.0	IPR002513
NZ_CP094858.1_1260-11867:._9	NZ_CP094858.1_12	NZ_CP094858.1_1260-11867	4827	4985	-1	NZ_CP094858.1_1260-11867:._1	RosmerTA	4400	1	0.1108	0.1	0.1065	
NZ_CP120654.1_663372-673973:._10	NZ_CP120654.1_653	NZ_CP120654.1_663372-673973	5618	6310	1	none	none	0	0	0.0	0.0	0.0	IPR006171;IPR013497;IPR034144
NZ_OZ260684.1_21844-32148:._7	NZ_OZ260684.1_33	NZ_OZ260684.1_21844-32148	5354	5443	1	none	none	0	0	0.0	0.0	0.0	
NZ_OZ260684.1_38189-48472:._10	NZ_OZ260684.1_55	NZ_OZ260684.1_38189-48472	5000	5284	1	NZ_OZ260684.1_38189-48472:._1	RM	4229	1	0.1207	0.1	0.1124	IPR006119
NZ_CP076489.1_41237-51853:._6	NZ_CP076489.1_59	NZ_CP076489.1_41237-51853	4908	5000	-1	none	none	0	0	0.0	0.0	0.0	
NZ_CP054567.1_43967-54577:._11	NZ_CP054567.1_75	NZ_CP054567.1_43967-54577	5624	6448	1	none	none	0	0	0.0	0.0	0.0	IPR000305
NZ_CM126253.1_296417-306982:._7	NZ_CM126253.1_275	NZ_CM126253.1_296417-306982	5574	6830	1	none	none	0	0	0.0	0.0	0.0	IPR003593
NZ_CP092556.1_2660736-2670851:._8	NZ_CP092556.1_2502	NZ_CP092556.1_2660736-2670851	4266	4952	-1	NZ_CP092556.1_2660736-2670851:._13	RosmerTA	3966	1	0.1377	0.1	0.1226	IPR032874
NZ_CP053957.1_2185587-2196185:._5	NZ_CP053957.1_2160	NZ_CP053957.1_2185587-2196185	4584	4931	-1	none	none	0	0	0.0	0.0	0.0	IPR010712
NZ_CP019723.1_22392-32984:._10	NZ_CP019723.1_32	NZ_CP019723.1_22392-32984	5633	6496	1	NZ_CP019723.1_22392-32984:._12	Anti_CRISPR	835	1	0.6587	0.1	0.4352	IPR025669
NZ_CP120922.1_19616-29737:._6	NZ_CP120922.1_28	NZ_CP120922.1_19616-29737	4540	4980	-1	NZ_CP120922.1_19616-29737:._8	Bunzi	261	2	0.8777	0.2	0.6066	IPR006119
NZ_CP053077.1_10788-21416:._4	NZ_CP053077.1_19	NZ_CP053077.1_10788-21416	1990	2307	-1	NZ_CP053077.1_10788-21416:._9	Anti_CRISPR	3586	1	0.1665	0.1	0.1399	IPR015112
NZ_AP041227.1_44324-54946:._5	NZ_AP041227.1_57	NZ_AP041227.1_44324-54946	2030	2251	1	NZ_AP041227.1_44324-54946:._1	Eleos	1349	1	0.5094	0.1	0.3456	
NZ_AP041226.1_64494-75095:._7	NZ_AP041226.1_77	NZ_AP041226.1_64494-75095	5668	6462	1	none	none	0	0	0.0	0.0	0.0	IPR043733
NZ_CP006804.1_2002823-2013472:._8	NZ_CP006804.1_1878	NZ_CP006804.1_2002823-2013472	4710	4994	-1	none	none	0	0	0.0	0.0	0.0	IPR001357
NZ_CP192532.1_29594-40225:._6	NZ_CP192532.1_34	NZ_CP192532.1_29594-40225	5719	6621	1	none	none	0	0	0.0	0.0	0.0	IPR003740;IPR019264
NZ_CP150172.1_2641087-2651727:._4	NZ_CP150172.1_2524	NZ_CP150172.1_2641087-2651727	3174	4955	-1	none	none	0	0	0.0	0.0	0.0	IPR008490;IPR025668
NZ_CP138650.1_1-6679:._3	NZ_CP138650.1_2	NZ_CP138650.1_1-6679	567	905	1	none	none	0	0	0.0	0.0	0.0	
NZ_CP072508.1_33067-43689:._7	NZ_CP072508.1_37	NZ_CP072508.1_33067-43689	4758	4970	-1	none	none	0	0	0.0	0.0	0.0	
NZ_CP017461.1_29288-39838:._7	NZ_CP017461.1_36	NZ_CP017461.1_29288-39838	5615	6487	1	NZ_CP017461.1_29288-39838:._4	PrrC	1812	4	0.4041	0.4	0.4025	IPR000847;IPR005119
NZ_CP118739.1_27277-37878:._8	NZ_CP118739.1_31	NZ_CP118739.1_27277-37878	9148	9807	1	NZ_CP118739.1_27277-37878:._4	ShosTA	4831	0	0.0893	0.0	0.0536	IPR010972
NZ_CP118741.1_4213-14571:._10	NZ_CP118741.1_14	NZ_CP118741.1_4213-14571	7113	7361	-1	none	none	0	0	0.0	0.0	0.0	IPR007341
NZ_CP077757.1_1861170-1871801:._5	NZ_CP077757.1_1720	NZ_CP077757.1_1861170-1871801	4625	4939	-1	none	none	0	0	0.0	0.0	0.0	IPR001845;IPR011991
NZ_CP170765.1_2663522-2674123:._8	NZ_CP170765.1_2472	NZ_CP170765.1_2663522-2674123	4292	4984	-1	none	none	0	0	0.0	0.0	0.0	IPR006171;IPR013497;IPR034144
NZ_CP085712.1_1509286-1519833:._14	NZ_CP085712.1_1452	NZ_CP085712.1_1509286-1519833	5610	6734	1	none	none	0	0	0.0	0.0	0.0	IPR012654
NZ_CP085712.1_2520737-2531290:._5	NZ_CP085712.1_2523	NZ_CP085712.1_2520737-2531290	4579	4986	-1	none	none	0	0	0.0	0.0	0.0	
NZ_CP085712.1_4234687-4244895:._10	NZ_CP085712.1_4279	NZ_CP085712.1_4234687-4244895	4689	5003	-1	NZ_CP085712.1_4234687-4244895:._13	RosmerTA	985	1	0.6111	0.1	0.4067	
NZ_CP102746.1_1858398-1869014:._5	NZ_CP102746.1_1782	NZ_CP102746.1_1858398-1869014	4638	5000	-1	none	none	0	0	0.0	0.0	0.0	IPR006171;IPR034144
NZ_CP102746.1_2085096-2095712:._5	NZ_CP102746.1_1994	NZ_CP102746.1_2085096-2095712	4638	5000	-1	none	none	0	0	0.0	0.0	0.0	IPR006171;IPR034144
NZ_CP193773.1_1266965-1277548:._11	NZ_CP193773.1_1283	NZ_CP193773.1_1266965-1277548	5633	6496	1	none	none	0	0	0.0	0.0	0.0	IPR003439
NZ_CP075954.1_32184-42917:._5	NZ_CP075954.1_44	NZ_CP075954.1_32184-42917	5755	5862	1	NZ_CP075954.1_32184-42917:._3	6A_MBL	1297	2	0.5228	0.2	0.3937	
NZ_CP129530.1_348624-359207:._6	NZ_CP129530.1_354	NZ_CP129530.1_348624-359207	5633	5872	1	NZ_CP129530.1_348624-359207:._2	Dodola	2006	2	0.3668	0.2	0.3001	IPR003439
NZ_CP196572.1_1-6714:._3	NZ_CP196572.1_2	NZ_CP196572.1_1-6714	1704	1931	1	NZ_CP196572.1_1-6714:._4	RosmerTA	361	2	0.8349	0.2	0.5809	
NZ_CP196572.1_32824-43377:._3	NZ_CP196572.1_38	NZ_CP196572.1_32824-43377	2081	4996	-1	NZ_CP196572.1_32824-43377:._7	MazEF	3525	0	0.1716	0.0	0.103	IPR002513;IPR025296
NZ_CP141330.1_2599259-2609908:._5	NZ_CP141330.1_2479	NZ_CP141330.1_2599259-2609908	5656	5940	1	none	none	0	0	0.0	0.0	0.0	IPR001357
NZ_CP020473.1_2611541-2622112:._15	NZ_CP020473.1_2462	NZ_CP020473.1_2611541-2622112	5613	6401	1	none	none	0	0	0.0	0.0	0.0	IPR018925
NZ_OZ061245.1_34210-44793:._11	NZ_OZ061245.1_43	NZ_OZ061245.1_34210-44793	8594	9052	1	none	none	0	0	0.0	0.0	0.0	IPR000182
NZ_CP181217.1_44014-54657:._8	NZ_CP181217.1_48	NZ_CP181217.1_44014-54657	5666	5872	1	none	none	0	0	0.0	0.0	0.0	
NZ_CP116544.1_53486-64108:._6	NZ_CP116544.1_69	NZ_CP116544.1_53486-64108	4224	4910	-1	none	none	0	0	0.0	0.0	0.0	IPR032874
NZ_CP116544.1_89719-100140:._6	NZ_CP116544.1_109	NZ_CP116544.1_89719-100140	4638	5000	-1	none	none	0	0	0.0	0.0	0.0	IPR006171;IPR034144
NZ_CP118791.1_19133-29740:._10	NZ_CP118791.1_30	NZ_CP118791.1_19133-29740	7258	9648	-1	none	none	0	0	0.0	0.0	0.0	IPR011115;IPR011116;IPR011130;IPR044722
NZ_CP072886.1_11037-21653:._6	NZ_CP072886.1_20	NZ_CP072886.1_11037-21653	2856	5000	-1	NZ_CP072886.1_11037-21653:._12	RosmerTA	3554	0	0.1691	0.0	0.1015	IPR006171;IPR013497;IPR013498;IPR034144
NZ_LR135191.1_44670-55286:._10	NZ_LR135191.1_50	NZ_LR135191.1_44670-55286	8783	9490	1	none	none	0	0	0.0	0.0	0.0	IPR000845;IPR004402
NZ_CP151182.1_12920-23569:._7	NZ_CP151182.1_16	NZ_CP151182.1_12920-23569	5656	5940	1	none	none	0	0	0.0	0.0	0.0	IPR001357
NZ_CP186861.1_1-8778:._7	NZ_CP186861.1_6	NZ_CP186861.1_1-8778	6595	7806	1	none	none	0	0	0.0	0.0	0.0	IPR006949
NZ_CP159339.1_78139-88872:._10	NZ_CP159339.1_84	NZ_CP159339.1_78139-88872	5755	5862	1	NZ_CP159339.1_78139-88872:._7	Thoeris	1340	7	0.5117	0.7	0.587	
NZ_CP028277.1_1-7910:._7	NZ_CP028277.1_6	NZ_CP028277.1_1-7910	6402	7001	1	none	none	0	0	0.0	0.0	0.0	
NZ_CP028279.1_18510-29090:._7	NZ_CP028279.1_28	NZ_CP028279.1_18510-29090	9272	10537	1	NZ_CP028279.1_18510-29090:._7	PrrC	0	6	1.0	0.6	0.84	IPR000055
NZ_CP125720.1_21496-32040:._9	NZ_CP125720.1_35	NZ_CP125720.1_21496-32040	8269	9555	-1	NZ_CP125720.1_21496-32040:._5	PrrC	1014	4	0.6023	0.4	0.5214	IPR011701
NZ_CP116533.1_110634-121250:._3	NZ_CP116533.1_120	NZ_CP116533.1_110634-121250	4638	5000	-1	none	none	0	0	0.0	0.0	0.0	IPR006171;IPR034144
NZ_CP157502.1_6474-17024:._3	NZ_CP157502.1_5	NZ_CP157502.1_6474-17024	2639	3121	-1	NZ_CP157502.1_6474-17024:._6	MazEF	1760	1	0.4148	0.1	0.2889	IPR003594
NZ_CP157503.1_1-9087:._6	NZ_CP157503.1_5	NZ_CP157503.1_1-9087	4154	4339	1	none	none	0	0	0.0	0.0	0.0	
NZ_CP092266.1_21513-32108:._5	NZ_CP092266.1_31	NZ_CP092266.1_21513-32108	2140	3471	-1	none	none	0	0	0.0	0.0	0.0	IPR023753
NZ_CP035964.1_253428-264002:._9	NZ_CP035964.1_272	NZ_CP035964.1_253428-264002	4578	5000	-1	none	none	0	0	0.0	0.0	0.0	IPR002711;IPR003615
NZ_OU016028.1_174769-185112:._8	NZ_OU016028.1_186	NZ_OU016028.1_174769-185112	5354	5614	1	NZ_OU016028.1_174769-185112:._10	RosmerTA	1530	2	0.4653	0.2	0.3592	IPR006120
NZ_CP086329.1_259958-270583:._8	NZ_CP086329.1_250	NZ_CP086329.1_259958-270583	5623	8676	1	none	none	0	0	0.0	0.0	0.0	IPR002513;IPR025296
NZ_OY737369.1_789349-799833:._9	NZ_OY737369.1_827	NZ_OY737369.1_789349-799833	4649	4936	-1	none	none	0	0	0.0	0.0	0.0	IPR002514
NZ_CM143323.1_1457537-1468813:._6	NZ_CM143323.1_1428	NZ_CM143323.1_1457537-1468813	4116	4913	-1	none	none	0	0	0.0	0.0	0.0	IPR025669
NZ_CP044240.1_431-11080:._8	NZ_CP044240.1_7	NZ_CP044240.1_431-11080	3105	3608	1	none	none	0	0	0.0	0.0	0.0	
NZ_CP183932.1_1-5667:._3	NZ_CP183932.1_2	NZ_CP183932.1_1-5667	1265	1492	1	NZ_CP183932.1_1-5667:._4	RosmerTA	361	2	0.8349	0.2	0.5809	
NZ_CP168889.1_50611-61164:._6	NZ_CP168889.1_60	NZ_CP168889.1_50611-61164	5558	8473	1	none	none	0	0	0.0	0.0	0.0	IPR002513;IPR025296
NZ_CP061203.1_2229591-2240150:._10	NZ_CP061203.1_2192	NZ_CP061203.1_2229591-2240150	5643	6260	1	none	none	0	0	0.0	0.0	0.0	
NZ_CP148682.1_1-8468:._4	NZ_CP148682.1_3	NZ_CP148682.1_1-8468	3489	3596	1	none	none	0	0	0.0	0.0	0.0	
NZ_CP123971.1_353496-364103:._6	NZ_CP123971.1_317	NZ_CP123971.1_353496-364103	5704	6792	1	NZ_CP123971.1_353496-364103:._4	RM	729	3	0.6945	0.3	0.5367	IPR031927
NZ_CP130551.1_2681076-2691677:._8	NZ_CP130551.1_2508	NZ_CP130551.1_2681076-2691677	4292	4984	-1	NZ_CP130551.1_2681076-2691677:._14	Lamassu-Fam	3307	7	0.1914	0.7	0.3948	IPR006171;IPR013497;IPR034144
NZ_CP016747.2_19618-29739:._6	NZ_CP016747.2_29	NZ_CP016747.2_19618-29739	4540	4980	-1	NZ_CP016747.2_19618-29739:._8	Bunzi	261	2	0.8777	0.2	0.6066	IPR006119
NZ_CP121224.1_7498-18078:._4	NZ_CP121224.1_11	NZ_CP121224.1_7498-18078	2973	3263	1	none	none	0	0	0.0	0.0	0.0	
NZ_CP094882.1_1552612-1563228:._7	NZ_CP094882.1_1499	NZ_CP094882.1_1552612-1563228	4110	4985	-1	NZ_CP094882.1_1552612-1563228:._5	RosmerTA	2035	2	0.3615	0.2	0.2969	IPR043733
NZ_CP035134.1_20321-30937:._9	NZ_CP035134.1_28	NZ_CP035134.1_20321-30937	6524	6805	1	none	none	0	0	0.0	0.0	0.0	
NZ_CP035135.1_28950-39503:._1	NZ_CP035135.1_36	NZ_CP035135.1_28950-39503	3	1652	-1	none	none	0	0	0.0	0.0	0.0	IPR010359;IPR013610
NZ_CP045013.1_46173-56300:._8	NZ_CP045013.1_56	NZ_CP045013.1_46173-56300	5141	5266	1	none	none	0	0	0.0	0.0	0.0	
NZ_CP150443.1_11422-22005:._10	NZ_CP150443.1_22	NZ_CP150443.1_11422-22005	8096	9220	1	none	none	0	0	0.0	0.0	0.0	IPR013610
NZ_CP032462.1_1-5532:._1	NZ_CP032462.1_2	NZ_CP032462.1_1-5532	170	532	-1	none	none	0	0	0.0	0.0	0.0	IPR006119
NZ_AP031411.1_439907-450562:._7	NZ_AP031411.1_418	NZ_AP031411.1_439907-450562	5703	5927	1	NZ_AP031411.1_439907-450562:._2	RosmerTA	3904	1	0.142	0.1	0.1252	IPR035255
NZ_CP093929.1_224243-234868:._4	NZ_CP093929.1_211	NZ_CP093929.1_224243-234868	1950	5003	-1	none	none	0	0	0.0	0.0	0.0	IPR002513;IPR025296
NZ_CP066410.1_1669-12282:._9	NZ_CP066410.1_9	NZ_CP066410.1_1669-12282	5525	7588	1	none	none	0	0	0.0	0.0	0.0	
NZ_CP019033.1_8836-19419:._10	NZ_CP019033.1_19	NZ_CP019033.1_8836-19419	9624	9881	1	none	none	0	0	0.0	0.0	0.0	
NZ_CP025441.1_33195-43748:._3	NZ_CP025441.1_44	NZ_CP025441.1_33195-43748	2081	4996	-1	NZ_CP025441.1_33195-43748:._7	MazEF	3525	0	0.1716	0.0	0.103	IPR002513;IPR025296
NZ_CP025441.1_47839-58446:._7	NZ_CP025441.1_65	NZ_CP025441.1_47839-58446	5598	5825	1	NZ_CP025441.1_47839-58446:._8	RosmerTA	361	2	0.8349	0.2	0.5809	
NZ_CP168877.1_27621-38174:._6	NZ_CP168877.1_37	NZ_CP168877.1_27621-38174	5558	8473	1	none	none	0	0	0.0	0.0	0.0	IPR002513;IPR025296
NZ_AP024510.1_1918806-1929410:._6	NZ_AP024510.1_1832	NZ_AP024510.1_1918806-1929410	4692	4955	-1	none	none	0	0	0.0	0.0	0.0	IPR001207
NZ_CP148634.1_13350-24083:._5	NZ_CP148634.1_22	NZ_CP148634.1_13350-24083	5755	5862	1	NZ_CP148634.1_13350-24083:._3	6A_MBL	1297	2	0.5228	0.2	0.3937	
NZ_CP039448.1_2705139-2715740:._8	NZ_CP039448.1_2547	NZ_CP039448.1_2705139-2715740	4292	4984	-1	NZ_CP039448.1_2705139-2715740:._15	Lamassu-Fam	3643	7	0.1618	0.7	0.3771	IPR006171;IPR013497;IPR034144
NZ_CP092548.1_5592-15707:._7	NZ_CP092548.1_14	NZ_CP092548.1_5592-15707	4266	4946	-1	none	none	0	0	0.0	0.0	0.0	IPR032874
NZ_CP176161.1_28513-39099:._6	NZ_CP176161.1_35	NZ_CP176161.1_28513-39099	3152	3517	-1	none	none	0	0	0.0	0.0	0.0	
NZ_CP048614.1_1293544-1304127:._7	NZ_CP048614.1_1375	NZ_CP048614.1_1293544-1304127	5633	6478	1	none	none	0	0	0.0	0.0	0.0	IPR003439
NZ_CP048614.1_1599220-1609569:._6	NZ_CP048614.1_1689	NZ_CP048614.1_1599220-1609569	4771	5061	-1	none	none	0	0	0.0	0.0	0.0	IPR006119;IPR006120
NZ_CP168915.1_46705-57312:._14	NZ_CP168915.1_53	NZ_CP168915.1_46705-57312	10265	10606	1	none	none	0	0	0.0	0.0	0.0	IPR007693
NZ_CP168916.1_539-11092:._2	NZ_CP168916.1_3	NZ_CP168916.1_539-11092	2081	4996	-1	none	none	0	0	0.0	0.0	0.0	IPR002513;IPR025296
NZ_AP031443.1_1378987-1389555:._8	NZ_AP031443.1_1403	NZ_AP031443.1_1378987-1389555	5659	5847	1	NZ_AP031443.1_1378987-1389555:._9	RosmerTA	36	1	0.9822	0.1	0.6293	
NZ_CP197391.1_937303-947919:._5	NZ_CP197391.1_955	NZ_CP197391.1_937303-947919	4716	5000	-1	none	none	0	0	0.0	0.0	0.0	
NZ_CP197453.1_60445-70788:._7	NZ_CP197453.1_76	NZ_CP197453.1_60445-70788	5354	5614	1	NZ_CP197453.1_60445-70788:._9	RosmerTA	1530	4	0.4653	0.4	0.4392	IPR006120
NZ_CP009242.1_794717-804913:._6	NZ_CP009242.1_794	NZ_CP009242.1_794717-804913	4640	4966	-1	none	none	0	0	0.0	0.0	0.0	IPR006119
NZ_CP113429.1_1-8605:._5	NZ_CP113429.1_4	NZ_CP113429.1_1-8605	3648	4388	1	none	none	0	0	0.0	0.0	0.0	IPR025296
NZ_CP113429.1_229238-239872:._6	NZ_CP113429.1_213	NZ_CP113429.1_229238-239872	4659	4961	-1	NZ_CP113429.1_229238-239872:._8	Thoeris	995	1	0.608	0.1	0.4048	
NZ_CP046594.1_11657-22288:._5	NZ_CP046594.1_18	NZ_CP046594.1_11657-22288	4011	4913	-1	none	none	0	0	0.0	0.0	0.0	IPR003740;IPR019264
NZ_CP098817.1_1-10192:._8	NZ_CP098817.1_7	NZ_CP098817.1_1-10192	6529	6639	1	NZ_CP098817.1_1-10192:._1	Anti_CRISPR	5593	0	0.061	0.0	0.0366	
NZ_CP116570.1_34464-44885:._8	NZ_CP116570.1_43	NZ_CP116570.1_34464-44885	5422	6723	1	none	none	0	0	0.0	0.0	0.0	IPR006171;IPR013497;IPR034144
NZ_CP184735.1_21326-32059:._6	NZ_CP184735.1_27	NZ_CP184735.1_21326-32059	5755	5862	1	none	none	0	0	0.0	0.0	0.0	
NZ_CP113954.2_1355221-1365822:._5	NZ_CP113954.2_1324	NZ_CP113954.2_1355221-1365822	4292	4984	-1	none	none	0	0	0.0	0.0	0.0	IPR006171;IPR013497;IPR034144
NZ_CP063751.1_10051-20682:._6	NZ_CP063751.1_19	NZ_CP063751.1_10051-20682	5719	6621	1	none	none	0	0	0.0	0.0	0.0	IPR003740;IPR019264
NC_009706.1_1607110-1617240:._6	NC_009706.1_1524	NC_009706.1_1607110-1617240	5180	6538	1	none	none	0	0	0.0	0.0	0.0	IPR000160
NZ_CP113030.1_10672-21279:._6	NZ_CP113030.1_21	NZ_CP113030.1_10672-21279	4226	4411	-1	NZ_CP113030.1_10672-21279:._6	RosmerTA	0	1	1.0	0.1	0.64	IPR001387
NZ_CP041262.2_43114-53727:._12	NZ_CP041262.2_52	NZ_CP041262.2_43114-53727	6011	6991	1	none	none	0	0	0.0	0.0	0.0	IPR002915
NZ_CP139081.1_34958-45538:._7	NZ_CP139081.1_49	NZ_CP139081.1_34958-45538	4659	4937	-1	none	none	0	0	0.0	0.0	0.0	
NZ_CP168681.1_895368-906017:._8	NZ_CP168681.1_889	NZ_CP168681.1_895368-906017	5656	5940	1	none	none	0	0	0.0	0.0	0.0	IPR001357
NZ_AP043913.1_1936523-1947121:._5	NZ_AP043913.1_1629	NZ_AP043913.1_1936523-1947121	4524	5003	-1	NZ_AP043913.1_1936523-1947121:._8	RosmerTA	3008	1	0.2222	0.1	0.1733	
NZ_OZ061255.1_1171-11754:._11	NZ_OZ061255.1_10	NZ_OZ061255.1_1171-11754	5633	6496	1	NZ_OZ061255.1_1171-11754:._1	PrrC	4769	0	0.0921	0.0	0.0553	IPR003439
NZ_CP180174.1_2450531-2460721:._8	NZ_CP180174.1_2395	NZ_CP180174.1_2450531-2460721	4656	4916	-1	none	none	0	0	0.0	0.0	0.0	IPR006119
NZ_CP092574.1_1632375-1642976:._7	NZ_CP092574.1_1662	NZ_CP092574.1_1632375-1642976	4292	4984	-1	NZ_CP092574.1_1632375-1642976:._15	MazEF	4978	0	0.083	0.0	0.0498	IPR006171;IPR013497;IPR034144
NZ_CP092574.1_1681303-1691907:._7	NZ_CP092574.1_1728	NZ_CP092574.1_1681303-1691907	4490	4969	-1	none	none	0	0	0.0	0.0	0.0	IPR025586
NZ_CP092574.1_1704095-1714717:._10	NZ_CP092574.1_1755	NZ_CP092574.1_1704095-1714717	4758	4970	-1	NZ_CP092574.1_1704095-1714717:._1	RM	3486	1	0.175	0.1	0.145	
NZ_CP015252.1_89047-99612:._3	NZ_CP015252.1_100	NZ_CP015252.1_89047-99612	1707	2162	-1	none	none	0	0	0.0	0.0	0.0	
NZ_CP015251.1_1-5493:._1	NZ_CP015251.1_2	NZ_CP015251.1_1-5493	468	1280	-1	none	none	0	0	0.0	0.0	0.0	IPR001584
NZ_CP015251.1_142931-153475:._8	NZ_CP015251.1_184	NZ_CP015251.1_142931-153475	3622	4965	-1	none	none	0	0	0.0	0.0	0.0	IPR001387;IPR001584
NZ_CP162014.1_1-5893:._4	NZ_CP162014.1_3	NZ_CP162014.1_1-5893	2717	3832	1	none	none	0	0	0.0	0.0	0.0	IPR003135;IPR040686
NZ_CP079966.1_50248-60813:._7	NZ_CP079966.1_61	NZ_CP079966.1_50248-60813	5580	6380	1	none	none	0	0	0.0	0.0	0.0	IPR043733
NZ_JBRFUM010000002.1_180379-191004:._8	NZ_JBRFUM010000002.1_161	NZ_JBRFUM010000002.1_180379-191004	5623	8676	1	none	none	0	0	0.0	0.0	0.0	IPR002513;IPR025296
NZ_LR738724.1_994347-1004963:._6	NZ_LR738724.1_928	NZ_LR738724.1_994347-1004963	5617	7761	1	none	none	0	0	0.0	0.0	0.0	IPR006171;IPR013497;IPR013498;IPR034144
NZ_CP035221.1_44365-54786:._4	NZ_CP035221.1_47	NZ_CP035221.1_44365-54786	3699	5000	-1	none	none	0	0	0.0	0.0	0.0	IPR006171;IPR013497;IPR034144
NZ_CP035221.1_223411-233832:._6	NZ_CP035221.1_251	NZ_CP035221.1_223411-233832	4644	5000	-1	none	none	0	0	0.0	0.0	0.0	IPR006171
NZ_AP025333.1_1194982-1205598:._5	NZ_AP025333.1_1157	NZ_AP025333.1_1194982-1205598	2856	5000	-1	none	none	0	0	0.0	0.0	0.0	IPR006171;IPR013497;IPR013498;IPR034144
NZ_CP143884.1_29742-40040:._6	NZ_CP143884.1_29	NZ_CP143884.1_29742-40040	5299	5547	1	none	none	0	0	0.0	0.0	0.0	
NC_011134.1_1153850-1164505:._2	NC_011134.1_1061	NC_011134.1_1153850-1164505	3978	4931	-1	none	none	0	0	0.0	0.0	0.0	IPR025246
NZ_CP148642.1_41322-52055:._11	NZ_CP148642.1_58	NZ_CP148642.1_41322-52055	4872	4979	-1	NZ_CP148642.1_41322-52055:._13	6A_MBL	1297	2	0.5228	0.2	0.3937	
NZ_CP030136.1_2691412-2702043:._5	NZ_CP030136.1_2544	NZ_CP030136.1_2691412-2702043	4625	4939	-1	none	none	0	0	0.0	0.0	0.0	IPR001845;IPR011991
NZ_CP030136.1_2720634-2731262:._5	NZ_CP030136.1_2577	NZ_CP030136.1_2720634-2731262	4478	4978	-1	none	none	0	0	0.0	0.0	0.0	
NZ_CP127376.1_1-8882:._5	NZ_CP127376.1_4	NZ_CP127376.1_1-8882	4198	6105	1	NZ_CP127376.1_1-8882:._4	Retron	54	2	0.9734	0.2	0.664	IPR002288;IPR003594;IPR006171;IPR013506;IPR034160
NZ_CP127376.1_2700989-2711146:._7	NZ_CP127376.1_2699	NZ_CP127376.1_2700989-2711146	4539	5006	-1	none	none	0	0	0.0	0.0	0.0	IPR006119
NZ_CP168870.1_50611-61164:._6	NZ_CP168870.1_60	NZ_CP168870.1_50611-61164	5558	8473	1	none	none	0	0	0.0	0.0	0.0	IPR002513;IPR025296
NZ_CP169694.1_65763-76316:._3	NZ_CP169694.1_71	NZ_CP169694.1_65763-76316	2081	4996	-1	none	none	0	0	0.0	0.0	0.0	IPR002513;IPR025296
NZ_CP183472.1_79048-89784:._8	NZ_CP183472.1_91	NZ_CP183472.1_79048-89784	5762	7186	1	NZ_CP183472.1_79048-89784:._6	Septu	937	2	0.6259	0.2	0.4556	
NZ_CP009350.1_29901-40451:._5	NZ_CP009350.1_36	NZ_CP009350.1_29901-40451	2006	4987	-1	NZ_CP009350.1_29901-40451:._8	AbiE	1822	1	0.4021	0.1	0.2813	IPR002513;IPR025296
NZ_CP130512.1_2672507-2683108:._8	NZ_CP130512.1_2490	NZ_CP130512.1_2672507-2683108	4292	4984	-1	NZ_CP130512.1_2672507-2683108:._14	Lamassu-Fam	3308	7	0.1913	0.7	0.3948	IPR006171;IPR013497;IPR034144
NZ_CP163401.1_569444-580060:._5	NZ_CP163401.1_566	NZ_CP163401.1_569444-580060	4716	5000	-1	none	none	0	0	0.0	0.0	0.0	
NZ_CP062266.1_6491-17104:._8	NZ_CP062266.1_14	NZ_CP062266.1_6491-17104	7819	8304	1	NZ_CP062266.1_6491-17104:._7	AbiE	3	1	0.9985	0.1	0.6391	IPR000424
NZ_CP062266.1_55139-65482:._6	NZ_CP062266.1_73	NZ_CP062266.1_55139-65482	4730	4990	-1	NZ_CP062266.1_55139-65482:._4	RosmerTA	1530	4	0.4653	0.4	0.4392	IPR006120
NZ_JBRFUL010000002.1_65970-76544:._11	NZ_JBRFUL010000002.1_50	NZ_JBRFUL010000002.1_65970-76544	5575	5997	1	none	none	0	0	0.0	0.0	0.0	IPR002711;IPR003615
NZ_JBSXGX010000002.1_6209-16759:._7	NZ_JBSXGX010000002.1_16	NZ_JBSXGX010000002.1_6209-16759	4064	4936	-1	NZ_JBSXGX010000002.1_6209-16759:._12	RM	2918	2	0.2325	0.2	0.2195	IPR000847;IPR005119
NZ_CP029758.2_3908103-3918371:._7	NZ_CP029758.2_3638	NZ_CP029758.2_3908103-3918371	4698	4946	-1	none	none	0	0	0.0	0.0	0.0	IPR006120
NZ_CP028224.1_745-11376:._7	NZ_CP028224.1_8	NZ_CP028224.1_745-11376	4011	4913	-1	none	none	0	0	0.0	0.0	0.0	IPR003740;IPR019264
NZ_CP028225.1_9025-19578:._5	NZ_CP028225.1_16	NZ_CP028225.1_9025-19578	3620	5755	1	NZ_CP028225.1_9025-19578:._9	PrrC	1896	2	0.3875	0.2	0.3125	IPR006171;IPR013497;IPR025589;IPR034144
NZ_CP044501.1_18800-29431:._5	NZ_CP044501.1_26	NZ_CP044501.1_18800-29431	4011	4913	-1	none	none	0	0	0.0	0.0	0.0	IPR003740;IPR019264
NZ_CP065424.1_3546973-3557526:._9	NZ_CP065424.1_3543	NZ_CP065424.1_3546973-3557526	5646	6041	1	none	none	0	0	0.0	0.0	0.0	IPR046929
NZ_CP168897.1_50485-61038:._6	NZ_CP168897.1_60	NZ_CP168897.1_50485-61038	5558	8473	1	none	none	0	0	0.0	0.0	0.0	IPR002513;IPR025296
NZ_CP085414.1_69927-80552:._3	NZ_CP085414.1_74	NZ_CP085414.1_69927-80552	1950	5003	-1	none	none	0	0	0.0	0.0	0.0	IPR002513;IPR025296
NZ_CP044414.1_6246-16829:._7	NZ_CP044414.1_18	NZ_CP044414.1_6246-16829	5937	6239	-1	NZ_CP044414.1_6246-16829:._14	CBASS	3662	3	0.1603	0.3	0.2162	IPR035528
NZ_DBJOSQ010000002.1_79591-90144:._2	NZ_DBJOSQ010000002.1_91	NZ_DBJOSQ010000002.1_79591-90144	1323	1985	-1	none	none	0	0	0.0	0.0	0.0	IPR000064;IPR031304
NZ_DBJOSQ010000002.1_79591-90144:._3	NZ_DBJOSQ010000002.1_92	NZ_DBJOSQ010000002.1_79591-90144	2081	4996	-1	none	none	0	0	0.0	0.0	0.0	IPR002513;IPR025296
NZ_DBJOSQ010000003.1_57866-68473:._4	NZ_DBJOSQ010000003.1_72	NZ_DBJOSQ010000003.1_57866-68473	4783	5010	-1	NZ_DBJOSQ010000003.1_57866-68473:._3	RosmerTA	361	2	0.8349	0.2	0.5809	
NZ_DBJOSQ010000003.1_71304-81857:._9	NZ_DBJOSQ010000003.1_91	NZ_DBJOSQ010000003.1_71304-81857	5558	8473	1	NZ_DBJOSQ010000003.1_71304-81857:._5	MazEF	3525	0	0.1716	0.0	0.103	IPR002513;IPR025296
NZ_CP146870.1_1-7987:._5	NZ_CP146870.1_4	NZ_CP146870.1_1-7987	3074	3976	1	none	none	0	0	0.0	0.0	0.0	IPR003740;IPR019264
NC_008598.1_1-8599:._4	NC_008598.1_5	NC_008598.1_1-8599	2151	2975	-1	none	none	0	0	0.0	0.0	0.0	IPR000305
NZ_CP124915.1_37926-48569:._8	NZ_CP124915.1_46	NZ_CP124915.1_37926-48569	5666	5872	1	none	none	0	0	0.0	0.0	0.0	
NZ_AP022957.1_200736-211379:._6	NZ_AP022957.1_213	NZ_AP022957.1_200736-211379	5637	5891	1	NZ_AP022957.1_200736-211379:._11	Thoeris	3822	3	0.1479	0.3	0.2088	IPR018690
NZ_CP064408.1_36852-47474:._10	NZ_CP064408.1_40	NZ_CP064408.1_36852-47474	5653	5868	1	none	none	0	0	0.0	0.0	0.0	
NZ_LR135430.1_292-10914:._7	NZ_LR135430.1_7	NZ_LR135430.1_292-10914	5719	6399	1	none	none	0	0	0.0	0.0	0.0	IPR032874
NZ_JBQPFJ010000002.1_13165-23721:._8	NZ_JBQPFJ010000002.1_18	NZ_JBQPFJ010000002.1_13165-23721	5554	8538	1	none	none	0	0	0.0	0.0	0.0	IPR002513;IPR025296
NZ_CP169384.1_23211-33944:._6	NZ_CP169384.1_29	NZ_CP169384.1_23211-33944	5755	5862	1	none	none	0	0	0.0	0.0	0.0	
NZ_OZ298371.1_3542-14095:._5	NZ_OZ298371.1_10	NZ_OZ298371.1_3542-14095	3376	3726	-1	NZ_OZ298371.1_3542-14095:._7	RM	1010	1	0.6035	0.1	0.4021	IPR025668
NZ_OZ298374.1_21548-32131:._7	NZ_OZ298374.1_30	NZ_OZ298374.1_21548-32131	5427	6890	1	none	none	0	0	0.0	0.0	0.0	IPR029303
NZ_OZ298376.1_1-5772:._3	NZ_OZ298376.1_2	NZ_OZ298376.1_1-5772	1824	3182	1	none	none	0	0	0.0	0.0	0.0	IPR003594;IPR003661
NZ_CP132397.1_1962681-1973297:._5	NZ_CP132397.1_1885	NZ_CP132397.1_1962681-1973297	4716	5000	-1	none	none	0	0	0.0	0.0	0.0	
NZ_CP162628.1_17556-28217:._8	NZ_CP162628.1_27	NZ_CP162628.1_17556-28217	5684	6166	1	none	none	0	0	0.0	0.0	0.0	
NZ_CP162628.1_42454-53016:._10	NZ_CP162628.1_64	NZ_CP162628.1_42454-53016	4145	4927	-1	none	none	0	0	0.0	0.0	0.0	IPR001387
NZ_CP087101.1_25310-35872:._11	NZ_CP087101.1_35	NZ_CP087101.1_25310-35872	8282	8758	1	none	none	0	0	0.0	0.0	0.0	
NZ_CP170481.1_18216-28808:._10	NZ_CP170481.1_29	NZ_CP170481.1_18216-28808	5633	6496	1	NZ_CP170481.1_18216-28808:._12	Anti_CRISPR	835	1	0.6587	0.1	0.4352	IPR025669
NZ_CP119151.1_108638-118981:._7	NZ_CP119151.1_135	NZ_CP119151.1_108638-118981	5354	5614	1	NZ_CP119151.1_108638-118981:._9	RosmerTA	1530	4	0.4653	0.4	0.4392	IPR006120
NZ_CP119152.1_3065-13678:._9	NZ_CP119152.1_13	NZ_CP119152.1_3065-13678	6970	7245	1	none	none	0	0	0.0	0.0	0.0	
NZ_CP119153.1_7488-17831:._7	NZ_CP119153.1_18	NZ_CP119153.1_7488-17831	5354	5614	1	NZ_CP119153.1_7488-17831:._9	RosmerTA	1530	4	0.4653	0.4	0.4392	IPR006120
NZ_CP099799.1_1574467-1585080:._11	NZ_CP099799.1_1498	NZ_CP099799.1_1574467-1585080	5645	6367	1	none	none	0	0	0.0	0.0	0.0	IPR018925
NZ_CP093954.1_18240-28862:._7	NZ_CP093954.1_30	NZ_CP093954.1_18240-28862	5114	5842	-1	none	none	0	0	0.0	0.0	0.0	IPR001789;IPR018060
NZ_CP093954.1_172544-183157:._4	NZ_CP093954.1_206	NZ_CP093954.1_172544-183157	2299	2535	-1	NZ_CP093954.1_172544-183157:._3	AbiH	133	1	0.9357	0.1	0.6014	
NZ_CP100420.1_2013714-2024282:._5	NZ_CP100420.1_1863	NZ_CP100420.1_2013714-2024282	4507	4920	-1	none	none	0	0	0.0	0.0	0.0	IPR000086
NZ_CP199845.1_3110681-3120799:._7	NZ_CP199845.1_2924	NZ_CP199845.1_3110681-3120799	5104	5961	1	none	none	0	0	0.0	0.0	0.0	IPR001584
NZ_CP199845.1_3184390-3195021:._5	NZ_CP199845.1_2996	NZ_CP199845.1_3184390-3195021	4011	4913	-1	none	none	0	0	0.0	0.0	0.0	IPR003740;IPR019264
NZ_CP199845.1_3265073-3275362:._9	NZ_CP199845.1_3097	NZ_CP199845.1_3265073-3275362	5374	5607	1	none	none	0	0	0.0	0.0	0.0	
NZ_AP022922.1_286594-297237:._6	NZ_AP022922.1_278	NZ_AP022922.1_286594-297237	4753	5007	-1	NZ_AP022922.1_286594-297237:._1	Thoeris	3824	3	0.1478	0.3	0.2087	IPR018690
NZ_CP070059.1_8936-19543:._4	NZ_CP070059.1_13	NZ_CP070059.1_8936-19543	3306	3575	-1	none	none	0	0	0.0	0.0	0.0	IPR009081
NZ_CP070061.1_1-8507:._5	NZ_CP070061.1_3	NZ_CP070061.1_1-8507	6218	7105	1	none	none	0	0	0.0	0.0	0.0	IPR016477
NZ_CP175107.1_1-5645:._2	NZ_CP175107.1_1	NZ_CP175107.1_1-5645	354	2492	1	none	none	0	0	0.0	0.0	0.0	IPR013610
NZ_CP183223.1_30794-41374:._2	NZ_CP183223.1_41	NZ_CP183223.1_30794-41374	577	1080	-1	NZ_CP183223.1_30794-41374:._6	MazEF	2065	1	0.3561	0.1	0.2537	IPR002559
NZ_CP116439.1_42195-52928:._5	NZ_CP116439.1_56	NZ_CP116439.1_42195-52928	5755	5862	1	NZ_CP116439.1_42195-52928:._3	6A_MBL	1296	2	0.5231	0.2	0.3939	
NZ_CP168910.1_21500-32053:._3	NZ_CP168910.1_27	NZ_CP168910.1_21500-32053	2081	4996	-1	NZ_CP168910.1_21500-32053:._7	MazEF	3525	0	0.1716	0.0	0.103	IPR002513;IPR025296
NZ_CP168910.1_34884-45491:._8	NZ_CP168910.1_46	NZ_CP168910.1_34884-45491	5598	5825	1	NZ_CP168910.1_34884-45491:._9	RosmerTA	361	2	0.8349	0.2	0.5809	
NZ_CP168913.1_46705-57312:._14	NZ_CP168913.1_53	NZ_CP168913.1_46705-57312	10265	10606	1	none	none	0	0	0.0	0.0	0.0	IPR007693
NZ_CP168914.1_539-11092:._2	NZ_CP168914.1_3	NZ_CP168914.1_539-11092	2081	4996	-1	none	none	0	0	0.0	0.0	0.0	IPR002513;IPR025296
NZ_CP184514.1_17582-28189:._7	NZ_CP184514.1_25	NZ_CP184514.1_17582-28189	5598	5825	1	NZ_CP184514.1_17582-28189:._8	RosmerTA	361	9	0.8349	0.9	0.8609	
NZ_CP016846.1_15739-26352:._7	NZ_CP016846.1_21	NZ_CP016846.1_15739-26352	4544	5398	1	NZ_CP016846.1_15739-26352:._7	AbiE	0	4	1.0	0.4	0.76	IPR014942
NZ_CP066818.1_5236-14612:._2	NZ_CP066818.1_10	NZ_CP066818.1_5236-14612	237	443	-1	none	none	0	0	0.0	0.0	0.0	
NZ_CP066818.1_34630-45210:._2	NZ_CP066818.1_43	NZ_CP066818.1_34630-45210	829	1278	-1	NZ_CP066818.1_34630-45210:._4	PD-T7-2	880	2	0.644	0.2	0.4664	IPR000825
NZ_CP066821.1_25951-36468:._5	NZ_CP066821.1_37	NZ_CP066821.1_25951-36468	3698	4114	-1	none	none	0	0	0.0	0.0	0.0	IPR004701
NZ_CP041258.1_11111-21733:._9	NZ_CP041258.1_24	NZ_CP041258.1_11111-21733	4224	4910	-1	none	none	0	0	0.0	0.0	0.0	IPR032874
NZ_CP041255.1_27778-38340:._7	NZ_CP041255.1_45	NZ_CP041255.1_27778-38340	3424	3780	-1	none	none	0	0	0.0	0.0	0.0	
NZ_CP130523.1_2678714-2689315:._8	NZ_CP130523.1_2499	NZ_CP130523.1_2678714-2689315	4292	4984	-1	NZ_CP130523.1_2678714-2689315:._14	Lamassu-Fam	3308	7	0.1913	0.7	0.3948	IPR006171;IPR013497;IPR034144
NZ_CP113037.1_534187-544788:._9	NZ_CP113037.1_469	NZ_CP113037.1_534187-544788	5618	6310	1	NZ_CP113037.1_534187-544788:._3	Lamassu-Fam	3308	7	0.1913	0.7	0.3948	IPR006171;IPR013497;IPR034144
NZ_CP184661.1_14253-24395:._8	NZ_CP184661.1_26	NZ_CP184661.1_14253-24395	4535	4981	-1	NZ_CP184661.1_14253-24395:._6	RosmerTA	589	2	0.7449	0.2	0.5269	IPR006119;IPR006120
NC_022045.1_27159-37766:._4	NC_022045.1_38	NC_022045.1_27159-37766	4783	5010	-1	NC_022045.1_27159-37766:._3	RosmerTA	361	2	0.8349	0.2	0.5809	
NC_022045.1_40597-51150:._9	NC_022045.1_57	NC_022045.1_40597-51150	5558	8473	1	NC_022045.1_40597-51150:._5	MazEF	3525	0	0.1716	0.0	0.103	IPR002513;IPR025296
NZ_CP047086.1_12296-22921:._4	NZ_CP047086.1_19	NZ_CP047086.1_12296-22921	1950	5003	-1	none	none	0	0	0.0	0.0	0.0	IPR002513;IPR025296
NZ_CP047088.1_3478-14028:._4	NZ_CP047088.1_9	NZ_CP047088.1_3478-14028	1247	1648	1	none	none	0	0	0.0	0.0	0.0	
NZ_CP047088.1_3478-14028:._14	NZ_CP047088.1_19	NZ_CP047088.1_3478-14028	6777	7433	1	none	none	0	0	0.0	0.0	0.0	IPR025855
NZ_CP120155.1_1712-12262:._4	NZ_CP120155.1_4	NZ_CP120155.1_1712-12262	2198	3448	1	NZ_CP120155.1_1712-12262:._2	RosmerTA	897	3	0.6386	0.3	0.5032	IPR013525
NZ_CP196043.1_434888-445537:._5	NZ_CP196043.1_433	NZ_CP196043.1_434888-445537	5656	5940	1	none	none	0	0	0.0	0.0	0.0	IPR001357
NZ_CP118101.1_1676223-1686788:._6	NZ_CP118101.1_1507	NZ_CP118101.1_1676223-1686788	5638	8604	1	none	none	0	0	0.0	0.0	0.0	IPR002513;IPR025296
NZ_CP092540.1_2661278-2671393:._6	NZ_CP092540.1_2526	NZ_CP092540.1_2661278-2671393	4266	4952	-1	NZ_CP092540.1_2661278-2671393:._11	RosmerTA	3966	1	0.1377	0.1	0.1226	IPR032874
NZ_CP060801.1_34087-44691:._9	NZ_CP060801.1_42	NZ_CP060801.1_34087-44691	6723	6836	1	NZ_CP060801.1_34087-44691:._14	MazEF	3380	2	0.1845	0.2	0.1907	
NZ_CP060801.1_70322-80923:._10	NZ_CP060801.1_86	NZ_CP060801.1_70322-80923	5618	6310	1	NZ_CP060801.1_70322-80923:._2	MazEF	4978	0	0.083	0.0	0.0498	IPR006171;IPR013497;IPR034144
NZ_CP060802.1_5192-14586:._10	NZ_CP060802.1_12	NZ_CP060802.1_5192-14586	6498	6773	1	none	none	0	0	0.0	0.0	0.0	IPR004386
NZ_CP060803.1_15594-26210:._5	NZ_CP060803.1_21	NZ_CP060803.1_15594-26210	4638	5000	-1	none	none	0	0	0.0	0.0	0.0	IPR006171;IPR034144
NZ_CP134073.1_1-5966:._3	NZ_CP134073.1_2	NZ_CP134073.1_1-5966	1355	1786	1	none	none	0	0	0.0	0.0	0.0	IPR002559
NZ_CP168894.1_50485-61038:._6	NZ_CP168894.1_60	NZ_CP168894.1_50485-61038	5558	8473	1	none	none	0	0	0.0	0.0	0.0	IPR002513;IPR025296
NZ_CP072879.1_200412-210833:._8	NZ_CP072879.1_231	NZ_CP072879.1_200412-210833	5422	5784	1	none	none	0	0	0.0	0.0	0.0	IPR006171;IPR034144
NZ_CP072879.1_239122-249744:._8	NZ_CP072879.1_273	NZ_CP072879.1_239122-249744	5713	6399	1	none	none	0	0	0.0	0.0	0.0	IPR032874
NZ_CP041271.2_43113-53726:._11	NZ_CP041271.2_52	NZ_CP041271.2_43113-53726	5076	6008	1	none	none	0	0	0.0	0.0	0.0	IPR011611;IPR017583
NZ_CP091900.1_18688-29304:._6	NZ_CP091900.1_31	NZ_CP091900.1_18688-29304	4908	5000	-1	none	none	0	0	0.0	0.0	0.0	
NZ_CP114506.1_17078-27694:._8	NZ_CP114506.1_28	NZ_CP114506.1_17078-27694	5617	7761	1	none	none	0	0	0.0	0.0	0.0	IPR006171;IPR013497;IPR013498;IPR034144
NZ_CM143261.1_1091371-1101972:._9	NZ_CM143261.1_1089	NZ_CM143261.1_1091371-1101972	5618	6310	1	none	none	0	0	0.0	0.0	0.0	IPR006171;IPR013497;IPR034144
NZ_CP131810.1_13959-24572:._16	NZ_CP131810.1_29	NZ_CP131810.1_13959-24572	7471	8151	-1	none	none	0	0	0.0	0.0	0.0	IPR032874
NZ_CP013040.1_65717-76453:._7	NZ_CP013040.1_73	NZ_CP013040.1_65717-76453	5795	7006	1	none	none	0	0	0.0	0.0	0.0	
NZ_CP016827.1_1986870-1997219:._10	NZ_CP016827.1_2191	NZ_CP016827.1_1986870-1997219	5289	5579	1	none	none	0	0	0.0	0.0	0.0	IPR006119;IPR006120
NZ_CP020559.1_782035-792645:._5	NZ_CP020559.1_700	NZ_CP020559.1_782035-792645	5682	5858	1	none	none	0	0	0.0	0.0	0.0	IPR014944
NZ_CP183795.1_1778-12328:._11	NZ_CP183795.1_11	NZ_CP183795.1_1778-12328	7516	7830	1	none	none	0	0	0.0	0.0	0.0	IPR001845;IPR011991
NZ_CP183795.1_29267-39817:._11	NZ_CP183795.1_40	NZ_CP183795.1_29267-39817	7516	7830	1	none	none	0	0	0.0	0.0	0.0	IPR001845;IPR011991
NZ_CP183794.1_5776-16335:._5	NZ_CP183794.1_9	NZ_CP183794.1_5776-16335	4211	4780	1	NZ_CP183794.1_5776-16335:._5	Thoeris	0	9	1.0	0.9	0.96	
NZ_CP183794.1_5776-16335:._7	NZ_CP183794.1_11	NZ_CP183794.1_5776-16335	5574	6182	1	NZ_CP183794.1_5776-16335:._8	Retron	444	9	0.8009	0.9	0.8405	
NZ_CP183794.1_32339-42898:._7	NZ_CP183794.1_38	NZ_CP183794.1_32339-42898	5574	6182	1	NZ_CP183794.1_32339-42898:._8	Retron	444	9	0.8009	0.9	0.8405	
NZ_CP148691.1_1-8472:._4	NZ_CP148691.1_3	NZ_CP148691.1_1-8472	3493	3600	1	none	none	0	0	0.0	0.0	0.0	
NZ_CP148691.1_1-8472:._13	NZ_CP148691.1_12	NZ_CP148691.1_1-8472	7748	8242	1	none	none	0	0	0.0	0.0	0.0	
NZ_CP086567.1_10716-21359:._11	NZ_CP086567.1_21	NZ_CP086567.1_10716-21359	5666	5872	1	none	none	0	0	0.0	0.0	0.0	
NZ_CP078012.1_891847-902133:._9	NZ_CP078012.1_808	NZ_CP078012.1_891847-902133	5373	6188	1	none	none	0	0	0.0	0.0	0.0	IPR025669
NZ_CP118163.1_221630-232261:._7	NZ_CP118163.1_201	NZ_CP118163.1_221630-232261	5693	6007	1	none	none	0	0	0.0	0.0	0.0	IPR001845;IPR011991
NZ_CP025426.1_120930-131273:._6	NZ_CP025426.1_147	NZ_CP025426.1_120930-131273	4730	4990	-1	NZ_CP025426.1_120930-131273:._4	RosmerTA	1530	4	0.4653	0.4	0.4392	IPR006120
NZ_CP097176.1_18159-28775:._6	NZ_CP097176.1_20	NZ_CP097176.1_18159-28775	6662	7264	1	NZ_CP097176.1_18159-28775:._4	Eleos	1967	1	0.374	0.1	0.2644	IPR000792;IPR001789
NZ_CP097177.1_13468-24024:._3	NZ_CP097177.1_16	NZ_CP097177.1_13468-24024	3444	3731	1	none	none	0	0	0.0	0.0	0.0	
NZ_CP023051.1_41168-51721:._3	NZ_CP023051.1_51	NZ_CP023051.1_41168-51721	2081	4996	-1	NZ_CP023051.1_41168-51721:._7	MazEF	3525	0	0.1716	0.0	0.103	IPR002513;IPR025296
NZ_CP023051.1_54552-65159:._8	NZ_CP023051.1_70	NZ_CP023051.1_54552-65159	5598	5825	1	NZ_CP023051.1_54552-65159:._9	RosmerTA	361	1	0.8349	0.1	0.5409	
NZ_CP103325.1_1-10495:._4	NZ_CP103325.1_3	NZ_CP103325.1_1-10495	3133	3453	1	none	none	0	0	0.0	0.0	0.0	IPR031607
NZ_CP103326.1_37394-47707:._7	NZ_CP103326.1_43	NZ_CP103326.1_37394-47707	5322	5525	-1	NZ_CP103326.1_37394-47707:._6	Anti_CRISPR	663	1	0.7178	0.1	0.4707	
NZ_CP103326.1_56226-66857:._5	NZ_CP103326.1_60	NZ_CP103326.1_56226-66857	4011	4913	-1	none	none	0	0	0.0	0.0	0.0	IPR003740;IPR019264
NZ_CP168853.1_65695-76248:._10	NZ_CP168853.1_71	NZ_CP168853.1_65695-76248	8128	8568	1	none	none	0	0	0.0	0.0	0.0	
NZ_CP032649.1_30253-40884:._6	NZ_CP032649.1_37	NZ_CP032649.1_30253-40884	5719	6621	1	none	none	0	0	0.0	0.0	0.0	IPR003740;IPR019264
NZ_CP032649.1_30253-40884:._8	NZ_CP032649.1_39	NZ_CP032649.1_30253-40884	7073	7504	1	none	none	0	0	0.0	0.0	0.0	IPR002559
NZ_CP032650.1_18105-28700:._5	NZ_CP032650.1_25	NZ_CP032650.1_18105-28700	2612	3082	1	none	none	0	0	0.0	0.0	0.0	
NZ_CP032650.1_18105-28700:._8	NZ_CP032650.1_28	NZ_CP032650.1_18105-28700	5046	5915	1	none	none	0	0	0.0	0.0	0.0	IPR046084
NZ_CP032650.1_25054-35640:._7	NZ_CP032650.1_37	NZ_CP032650.1_25054-35640	4642	4887	1	NZ_CP032650.1_25054-35640:._7	RosmerTA	0	1	1.0	0.1	0.64	IPR001387
NZ_CP169269.1_2601283-2611902:._4	NZ_CP169269.1_2879	NZ_CP169269.1_2601283-2611902	4242	4901	-1	none	none	0	0	0.0	0.0	0.0	
NZ_CP189713.1_1-5485:._2	NZ_CP189713.1_1	NZ_CP189713.1_1-5485	485	2629	1	none	none	0	0	0.0	0.0	0.0	IPR006171;IPR013497;IPR013498;IPR034144
NZ_CP009650.1_864-11570:._7	NZ_CP009650.1_7	NZ_CP009650.1_864-11570	5711	6175	1	NZ_CP009650.1_864-11570:._2	Bunzi	3928	1	0.1403	0.1	0.1242	
NZ_CP009650.1_102129-112748:._5	NZ_CP009650.1_103	NZ_CP009650.1_102129-112748	4241	4900	-1	none	none	0	0	0.0	0.0	0.0	
NZ_CP009650.1_166748-177613:._6	NZ_CP009650.1_170	NZ_CP009650.1_166748-177613	3992	4930	-1	none	none	0	0	0.0	0.0	0.0	
NZ_LR132068.1_39853-50469:._10	NZ_LR132068.1_48	NZ_LR132068.1_39853-50469	5617	5979	1	none	none	0	0	0.0	0.0	0.0	IPR006171;IPR034144
NZ_CP087469.1_1947396-1958012:._5	NZ_CP087469.1_1874	NZ_CP087469.1_1947396-1958012	4716	5000	-1	none	none	0	0	0.0	0.0	0.0	
NZ_CP018868.1_3250-13842:._10	NZ_CP018868.1_16	NZ_CP018868.1_3250-13842	4097	4903	-1	NZ_CP018868.1_3250-13842:._8	Anti_CRISPR	869	1	0.6476	0.1	0.4286	IPR025669
NZ_CP018868.1_52109-62701:._8	NZ_CP018868.1_70	NZ_CP018868.1_52109-62701	4097	4903	-1	NZ_CP018868.1_52109-62701:._6	Anti_CRISPR	869	1	0.6476	0.1	0.4286	IPR025669
NZ_CP059740.1_54724-65067:._6	NZ_CP059740.1_72	NZ_CP059740.1_54724-65067	4730	4990	-1	NZ_CP059740.1_54724-65067:._4	RosmerTA	1530	4	0.4653	0.4	0.4392	IPR006120
NZ_CP093539.1_155498-166117:._13	NZ_CP093539.1_169	NZ_CP093539.1_155498-166117	10190	10618	1	none	none	0	0	0.0	0.0	0.0	IPR006119;IPR006120
NZ_CP014114.1_19569-30176:._7	NZ_CP014114.1_24	NZ_CP014114.1_19569-30176	6196	6381	1	none	none	0	0	0.0	0.0	0.0	
NZ_CP014114.1_19569-30176:._10	NZ_CP014114.1_27	NZ_CP014114.1_19569-30176	8189	9061	1	none	none	0	0	0.0	0.0	0.0	IPR000847;IPR005119
NZ_CP050494.1_1-5910:._3	NZ_CP050494.1_2	NZ_CP050494.1_1-5910	1625	2041	1	none	none	0	0	0.0	0.0	0.0	IPR023485
NZ_CP050494.1_10450-21078:._6	NZ_CP050494.1_17	NZ_CP050494.1_10450-21078	3026	3520	-1	none	none	0	0	0.0	0.0	0.0	
NZ_CP197295.1_34463-44884:._8	NZ_CP197295.1_42	NZ_CP197295.1_34463-44884	5422	6723	1	none	none	0	0	0.0	0.0	0.0	IPR006171;IPR013497;IPR034144
NZ_CP197295.1_56534-67138:._6	NZ_CP197295.1_65	NZ_CP197295.1_56534-67138	5652	6077	1	none	none	0	0	0.0	0.0	0.0	
NZ_LR135220.1_7702-18354:._5	NZ_LR135220.1_9	NZ_LR135220.1_7702-18354	3702	4295	1	NZ_LR135220.1_7702-18354:._5	AbiE	0	2	1.0	0.2	0.68	IPR025159
NZ_LR135220.1_12557-23170:._18	NZ_LR135220.1_25	NZ_LR135220.1_12557-23170	8155	8391	1	NZ_LR135220.1_12557-23170:._19	AbiH	133	3	0.9357	0.3	0.6814	
NZ_CP084237.1_15051-25658:._5	NZ_CP084237.1_23	NZ_CP084237.1_15051-25658	4705	4830	-1	none	none	0	0	0.0	0.0	0.0	
NZ_CP014171.1_1-8828:._5	NZ_CP014171.1_4	NZ_CP014171.1_1-8828	3864	6821	1	none	none	0	0	0.0	0.0	0.0	IPR002513;IPR025296
NZ_CP045472.1_1711799-1722400:._10	NZ_CP045472.1_1557	NZ_CP045472.1_1711799-1722400	5618	6310	1	none	none	0	0	0.0	0.0	0.0	IPR006171;IPR013497;IPR034144
NZ_CP014627.1_1-7078:._3	NZ_CP014627.1_4	NZ_CP014627.1_1-7078	1341	1538	-1	NZ_CP014627.1_1-7078:._13	Anti_CRISPR	3792	1	0.1502	0.1	0.1301	
NZ_CP014627.1_1-7078:._7	NZ_CP014627.1_6	NZ_CP014627.1_1-7078	2927	3292	1	NZ_CP014627.1_1-7078:._13	Anti_CRISPR	2038	1	0.361	0.1	0.2566	
NZ_CP014627.1_1-7078:._11	NZ_CP014627.1_12	NZ_CP014627.1_1-7078	4226	4933	-1	NZ_CP014627.1_1-7078:._13	Anti_CRISPR	397	1	0.82	0.1	0.532	
NZ_CP014631.1_6649-17229:._9	NZ_CP014631.1_20	NZ_CP014631.1_6649-17229	7451	7753	-1	NZ_CP014631.1_6649-17229:._8	PrrC	119	2	0.9422	0.2	0.6453	IPR004386
NZ_CP014625.1_6546-17126:._10	NZ_CP014625.1_20	NZ_CP014625.1_6546-17126	7563	8039	1	none	none	0	0	0.0	0.0	0.0	IPR000089
NZ_CP109841.1_19451-30064:._13	NZ_CP109841.1_31	NZ_CP109841.1_19451-30064	9290	10612	1	none	none	0	0	0.0	0.0	0.0	
NZ_CP109841.1_62913-73535:._6	NZ_CP109841.1_78	NZ_CP109841.1_62913-73535	4224	4910	-1	none	none	0	0	0.0	0.0	0.0	IPR032874
NZ_CP109840.1_8700-19316:._7	NZ_CP109840.1_17	NZ_CP109840.1_8700-19316	2856	5000	-1	NZ_CP109840.1_8700-19316:._12	Lamassu-Fam	2774	7	0.2498	0.7	0.4299	IPR006171;IPR013497;IPR013498;IPR034144
NZ_CP109840.1_42686-53308:._6	NZ_CP109840.1_54	NZ_CP109840.1_42686-53308	4494	5846	-1	none	none	0	0	0.0	0.0	0.0	
NZ_CP109840.1_42686-53308:._7	NZ_CP109840.1_55	NZ_CP109840.1_42686-53308	5860	7821	-1	none	none	0	0	0.0	0.0	0.0	IPR043964
NZ_CP196567.1_2690834-2701387:._6	NZ_CP196567.1_2760	NZ_CP196567.1_2690834-2701387	5558	8473	1	none	none	0	0	0.0	0.0	0.0	IPR002513;IPR025296
NZ_CP196567.1_2829095-2839660:._7	NZ_CP196567.1_2890	NZ_CP196567.1_2829095-2839660	5592	7031	1	NZ_CP196567.1_2829095-2839660:._5	Mokosh	809	3	0.6673	0.3	0.5204	IPR001584;IPR015378
NZ_CP141098.1_1-9163:._5	NZ_CP141098.1_6	NZ_CP141098.1_1-9163	3145	3495	-1	NZ_CP141098.1_1-9163:._1	Anti_CRISPR	2699	2	0.2594	0.2	0.2356	
NZ_CP141098.1_5350-15993:._6	NZ_CP141098.1_13	NZ_CP141098.1_5350-15993	4772	4978	-1	NZ_CP141098.1_5350-15993:._2	AbiD	1504	1	0.4714	0.1	0.3229	
NZ_OZ260688.1_804116-814474:._6	NZ_OZ260688.1_816	NZ_OZ260688.1_804116-814474	4088	4951	-1	NZ_OZ260688.1_804116-814474:._8	RM	653	1	0.7214	0.1	0.4729	IPR003439
NZ_OZ260688.1_837736-848385:._8	NZ_OZ260688.1_860	NZ_OZ260688.1_837736-848385	5656	5940	1	none	none	0	0	0.0	0.0	0.0	IPR001357
NZ_CP171613.1_2702-13300:._10	NZ_CP171613.1_12	NZ_CP171613.1_2702-13300	5660	5974	1	none	none	0	0	0.0	0.0	0.0	IPR001845;IPR011991
NZ_CP171614.1_1-5652:._3	NZ_CP171614.1_2	NZ_CP171614.1_1-5652	1377	3179	1	NZ_CP171614.1_1-5652:._3	Gabija	0	1	1.0	0.1	0.64	IPR034139;IPR041685
NZ_CP019652.1_550309-560436:._8	NZ_CP019652.1_547	NZ_CP019652.1_550309-560436	5157	5567	1	none	none	0	0	0.0	0.0	0.0	IPR006119;IPR006120
NZ_CP113039.1_1497376-1507983:._16	NZ_CP113039.1_1419	NZ_CP113039.1_1497376-1507983	10548	10607	1	none	none	0	0	0.0	0.0	0.0	
NZ_CP059794.1_6491-17104:._8	NZ_CP059794.1_14	NZ_CP059794.1_6491-17104	7819	8304	1	NZ_CP059794.1_6491-17104:._7	AbiE	3	1	0.9985	0.1	0.6391	IPR000424
NZ_CP059794.1_55139-65482:._6	NZ_CP059794.1_73	NZ_CP059794.1_55139-65482	4730	4990	-1	NZ_CP059794.1_55139-65482:._4	RosmerTA	1530	4	0.4653	0.4	0.4392	IPR006120
NZ_CP168874.1_50611-61164:._6	NZ_CP168874.1_60	NZ_CP168874.1_50611-61164	5558	8473	1	none	none	0	0	0.0	0.0	0.0	IPR002513;IPR025296
NZ_CP025689.1_1488987-1499555:._7	NZ_CP025689.1_1413	NZ_CP025689.1_1488987-1499555	5601	5783	1	none	none	0	0	0.0	0.0	0.0	
NZ_CP046078.1_1-9098:._5	NZ_CP046078.1_4	NZ_CP046078.1_1-9098	4076	4681	1	none	none	0	0	0.0	0.0	0.0	IPR003812
NZ_CP046078.1_8206-18819:._8	NZ_CP046078.1_18	NZ_CP046078.1_8206-18819	6814	6906	1	NZ_CP046078.1_8206-18819:._3	Anti_CRISPR	4127	1	0.127	0.1	0.1162	
NZ_CP046076.1_16668-27146:._3	NZ_CP046076.1_18	NZ_CP046076.1_16668-27146	3852	4208	1	none	none	0	0	0.0	0.0	0.0	
NZ_CP046076.1_16668-27146:._4	NZ_CP046076.1_19	NZ_CP046076.1_16668-27146	4209	4802	1	none	none	0	0	0.0	0.0	0.0	
NZ_CP096212.1_77588-87931:._7	NZ_CP096212.1_100	NZ_CP096212.1_77588-87931	5354	5614	1	NZ_CP096212.1_77588-87931:._9	RosmerTA	1530	4	0.4653	0.4	0.4392	IPR006120
NZ_CP085295.1_8237-18853:._3	NZ_CP085295.1_16	NZ_CP085295.1_8237-18853	4638	5000	-1	none	none	0	0	0.0	0.0	0.0	IPR006171;IPR034144
NZ_CP129369.1_1911420-1922048:._5	NZ_CP129369.1_1857	NZ_CP129369.1_1911420-1922048	4478	4978	-1	none	none	0	0	0.0	0.0	0.0	
NZ_OZ260807.1_328135-338718:._7	NZ_OZ260807.1_324	NZ_OZ260807.1_328135-338718	3750	4913	-1	NZ_OZ260807.1_328135-338718:._13	PrrC	4646	0	0.098	0.0	0.0588	IPR026870;IPR026898
NZ_OZ260808.1_17256-27875:._7	NZ_OZ260808.1_27	NZ_OZ260808.1_17256-27875	5091	5510	1	none	none	0	0	0.0	0.0	0.0	
NZ_OZ260810.1_4275-14924:._8	NZ_OZ260810.1_12	NZ_OZ260810.1_4275-14924	5143	6573	-1	none	none	0	0	0.0	0.0	0.0	IPR018778
NZ_CP117507.1_6070-16686:._6	NZ_CP117507.1_15	NZ_CP117507.1_6070-16686	2856	5000	-1	none	none	0	0	0.0	0.0	0.0	IPR006171;IPR013497;IPR013498;IPR034144
NZ_CP187572.1_18023-28654:._3	NZ_CP187572.1_27	NZ_CP187572.1_18023-28654	679	1248	-1	none	none	0	0	0.0	0.0	0.0	IPR006119
NZ_CP187572.1_18023-28654:._4	NZ_CP187572.1_28	NZ_CP187572.1_18023-28654	1313	1477	-1	none	none	0	0	0.0	0.0	0.0	
NZ_CP187572.1_18023-28654:._10	NZ_CP187572.1_34	NZ_CP187572.1_18023-28654	4757	6124	-1	none	none	0	0	0.0	0.0	0.0	IPR002797;IPR029303
NZ_CP140879.1_9214-19815:._8	NZ_CP140879.1_22	NZ_CP140879.1_9214-19815	7865	8056	-1	NZ_CP140879.1_9214-19815:._4	CBASS	2937	4	0.2303	0.4	0.2982	IPR003439
NZ_CP157935.1_1371386-1381642:._8	NZ_CP157935.1_1287	NZ_CP157935.1_1371386-1381642	5287	5592	1	none	none	0	0	0.0	0.0	0.0	IPR006120
NZ_CP035438.1_263282-273883:._9	NZ_CP035438.1_253	NZ_CP035438.1_263282-273883	5618	6310	1	NZ_CP035438.1_263282-273883:._2	RosmerTA	4029	1	0.1334	0.1	0.12	IPR006171;IPR013497;IPR034144
NZ_JBRFUT010000002.1_937-11562:._4	NZ_JBRFUT010000002.1_6	NZ_JBRFUT010000002.1_937-11562	2658	5003	-1	none	none	0	0	0.0	0.0	0.0	IPR002513;IPR025296
NZ_CP068245.1_42281-52618:._14	NZ_CP068245.1_60	NZ_CP068245.1_42281-52618	9864	10337	1	none	none	0	0	0.0	0.0	0.0	IPR003500
NZ_CP068245.1_67760-78382:._6	NZ_CP068245.1_84	NZ_CP068245.1_67760-78382	4224	4910	-1	none	none	0	0	0.0	0.0	0.0	IPR032874
NZ_CP068245.1_90856-101277:._6	NZ_CP068245.1_112	NZ_CP068245.1_90856-101277	2856	5000	-1	none	none	0	0	0.0	0.0	0.0	IPR006171;IPR013497;IPR013498;IPR034144
NZ_CP068246.1_30854-41470:._6	NZ_CP068246.1_44	NZ_CP068246.1_30854-41470	2856	5000	-1	none	none	0	0	0.0	0.0	0.0	IPR006171;IPR013497;IPR013498;IPR034144
NZ_CP068246.1_41340-51962:._5	NZ_CP068246.1_53	NZ_CP068246.1_41340-51962	2574	3164	1	NZ_CP068246.1_41340-51962:._12	AbiD	4747	0	0.0932	0.0	0.0559	IPR003738
NZ_CP102717.1_1-5946:._1	NZ_CP102717.1_2	NZ_CP102717.1_1-5946	3	92	-1	NZ_CP102717.1_1-5946:._2	Anti_CRISPR	0	1	1.0	0.1	0.64	
NZ_CP102718.1_3004-13653:._6	NZ_CP102718.1_10	NZ_CP102718.1_3004-13653	4036	5160	-1	none	none	0	0	0.0	0.0	0.0	
NZ_CP065774.1_150471-161087:._3	NZ_CP065774.1_165	NZ_CP065774.1_150471-161087	4638	5000	-1	none	none	0	0	0.0	0.0	0.0	IPR006171;IPR034144
NZ_CP016091.1_2966319-2976917:._5	NZ_CP016091.1_2720	NZ_CP016091.1_2966319-2976917	3085	4911	-1	none	none	0	0	0.0	0.0	0.0	
NZ_CP017364.1_3452-14035:._5	NZ_CP017364.1_8	NZ_CP017364.1_3452-14035	3077	5212	-1	none	none	0	0	0.0	0.0	0.0	IPR006171;IPR013497;IPR025589;IPR034144
NZ_CP017364.1_3452-14035:._11	NZ_CP017364.1_12	NZ_CP017364.1_3452-14035	8796	9299	1	none	none	0	0	0.0	0.0	0.0	IPR002559
NZ_CP017364.1_54088-64647:._5	NZ_CP017364.1_63	NZ_CP017364.1_54088-64647	5609	6472	1	none	none	0	0	0.0	0.0	0.0	IPR003439
NZ_CP072580.1_19290-29912:._14	NZ_CP072580.1_39	NZ_CP072580.1_19290-29912	8898	9827	-1	none	none	0	0	0.0	0.0	0.0	IPR001967
NZ_CP072580.1_149756-160099:._7	NZ_CP072580.1_181	NZ_CP072580.1_149756-160099	5354	5614	1	NZ_CP072580.1_149756-160099:._9	RosmerTA	1530	4	0.4653	0.4	0.4392	IPR006120
NZ_JBSUOB010000002.1_10173-20822:._11	NZ_JBSUOB010000002.1_21	NZ_JBSUOB010000002.1_10173-20822	5656	5940	1	none	none	0	0	0.0	0.0	0.0	IPR001357
NZ_AP027096.1_63473-74206:._9	NZ_AP027096.1_73	NZ_AP027096.1_63473-74206	5755	5862	1	none	none	0	0	0.0	0.0	0.0	
NZ_CP170114.1_3049714-3060330:._7	NZ_CP170114.1_2931	NZ_CP170114.1_3049714-3060330	2856	5000	-1	NZ_CP170114.1_3049714-3060330:._10	PD-T7-2	1053	2	0.5907	0.2	0.4344	IPR006171;IPR013497;IPR013498;IPR034144
NZ_CP148607.1_13239-23972:._6	NZ_CP148607.1_19	NZ_CP148607.1_13239-23972	5755	5862	1	none	none	0	0	0.0	0.0	0.0	
NZ_CP021931.1_49035-59552:._6	NZ_CP021931.1_65	NZ_CP021931.1_49035-59552	4088	4951	-1	none	none	0	0	0.0	0.0	0.0	IPR003439
NZ_CP169739.1_1929485-1940110:._3	NZ_CP169739.1_1878	NZ_CP169739.1_1929485-1940110	1950	5003	-1	none	none	0	0	0.0	0.0	0.0	IPR002513;IPR025296
NZ_LT854705.1_2681400-2692016:._7	NZ_LT854705.1_2431	NZ_LT854705.1_2681400-2692016	5607	6497	1	none	none	0	0	0.0	0.0	0.0	IPR003812
NZ_CP028386.1_1657137-1667753:._7	NZ_CP028386.1_1742	NZ_CP028386.1_1657137-1667753	4110	4985	-1	NZ_CP028386.1_1657137-1667753:._5	RosmerTA	2051	2	0.3586	0.2	0.2952	IPR043733
NZ_JAOXXZ010000003.1_138044-148465:._8	NZ_JAOXXZ010000003.1_159	NZ_JAOXXZ010000003.1_138044-148465	5422	5784	1	none	none	0	0	0.0	0.0	0.0	IPR006171;IPR034144
NZ_CP023643.1_727657-738279:._4	NZ_CP023643.1_699	NZ_CP023643.1_727657-738279	4825	5055	-1	none	none	0	0	0.0	0.0	0.0	
NZ_CP011871.1_19235-29794:._10	NZ_CP011871.1_34	NZ_CP011871.1_19235-29794	6456	6704	1	NZ_CP011871.1_19235-29794:._1	RosmerTA	5860	0	0.0534	0.0	0.032	IPR001387
NZ_CP011871.1_42447-53045:._5	NZ_CP011871.1_61	NZ_CP011871.1_42447-53045	4584	4931	-1	none	none	0	0	0.0	0.0	0.0	IPR010712
NZ_CP076610.1_1988824-1999410:._7	NZ_CP076610.1_1913	NZ_CP076610.1_1988824-1999410	4579	4986	-1	none	none	0	0	0.0	0.0	0.0	
NC_013767.1_1120-11673:._3	NC_013767.1_4	NC_013767.1_1120-11673	2081	4996	-1	none	none	0	0	0.0	0.0	0.0	IPR002513;IPR025296
NC_013767.1_1120-11673:._11	NC_013767.1_10	NC_013767.1_1120-11673	10339	10554	1	none	none	0	0	0.0	0.0	0.0	
NZ_CP170216.1_67450-78081:._6	NZ_CP170216.1_61	NZ_CP170216.1_67450-78081	4625	4939	-1	none	none	0	0	0.0	0.0	0.0	IPR001845;IPR011991
NZ_CP148663.1_24075-34808:._11	NZ_CP148663.1_27	NZ_CP148663.1_24075-34808	5755	5862	1	NZ_CP148663.1_24075-34808:._8	Thoeris	1340	7	0.5117	0.7	0.587	
NZ_CP028161.1_34396-44991:._4	NZ_CP028161.1_47	NZ_CP028161.1_34396-44991	4530	5003	-1	none	none	0	0	0.0	0.0	0.0	
NZ_LR135260.1_5558-14955:._9	NZ_LR135260.1_14	NZ_LR135260.1_5558-14955	5016	5708	1	none	none	0	0	0.0	0.0	0.0	IPR006171;IPR013497;IPR034144
NZ_CP149540.1_1-9787:._4	NZ_CP149540.1_5	NZ_CP149540.1_1-9787	3060	4151	-1	none	none	0	0	0.0	0.0	0.0	IPR000914
NZ_CP149540.1_2115-12719:._8	NZ_CP149540.1_9	NZ_CP149540.1_2115-12719	9738	10151	1	none	none	0	0	0.0	0.0	0.0	
NZ_CP149541.1_13350-23972:._1	NZ_CP149541.1_9	NZ_CP149541.1_13350-23972	1	192	-1	none	none	0	0	0.0	0.0	0.0	IPR001584
NZ_CP149542.1_288-10910:._10	NZ_CP149542.1_9	NZ_CP149542.1_288-10910	5719	6399	1	none	none	0	0	0.0	0.0	0.0	IPR032874
NZ_CP069520.1_2900009-2910640:._5	NZ_CP069520.1_2666	NZ_CP069520.1_2900009-2910640	4751	4975	-1	NZ_CP069520.1_2900009-2910640:._9	RosmerTA	1912	1	0.3844	0.1	0.2707	IPR035255
NZ_CP118959.1_88376-98950:._11	NZ_CP118959.1_74	NZ_CP118959.1_88376-98950	5575	5997	1	none	none	0	0	0.0	0.0	0.0	IPR002711;IPR003615
NZ_CP133840.1_8513-19144:._6	NZ_CP133840.1_13	NZ_CP133840.1_8513-19144	5719	6621	1	none	none	0	0	0.0	0.0	0.0	IPR003740;IPR019264
NZ_CP025083.1_38473-49026:._3	NZ_CP025083.1_43	NZ_CP025083.1_38473-49026	2081	4996	-1	none	none	0	0	0.0	0.0	0.0	IPR002513;IPR025296
NZ_CP025083.1_38473-49026:._11	NZ_CP025083.1_49	NZ_CP025083.1_38473-49026	10339	10554	1	none	none	0	0	0.0	0.0	0.0	
NZ_CP024844.1_1-5693:._4	NZ_CP024844.1_3	NZ_CP024844.1_1-5693	1310	3454	1	none	none	0	0	0.0	0.0	0.0	IPR006171;IPR013497;IPR013498;IPR034144
NZ_CP145209.1_16416-27023:._2	NZ_CP145209.1_25	NZ_CP145209.1_16416-27023	542	880	-1	NZ_CP145209.1_16416-27023:._2	MazEF	0	2	1.0	0.2	0.68	IPR003477
NZ_CP032437.1_2255-12835:._7	NZ_CP032437.1_10	NZ_CP032437.1_2255-12835	4741	5058	-1	none	none	0	0	0.0	0.0	0.0	
NZ_CP032438.1_33546-44129:._9	NZ_CP032438.1_47	NZ_CP032438.1_33546-44129	6645	6866	-1	none	none	0	0	0.0	0.0	0.0	
NZ_CP025993.1_21277-31890:._5	NZ_CP025993.1_31	NZ_CP025993.1_21277-31890	4353	4982	-1	NZ_CP025993.1_21277-31890:._10	RM	5163	0	0.0757	0.0	0.0454	
NZ_CP148600.1_12474-23099:._3	NZ_CP148600.1_16	NZ_CP148600.1_12474-23099	1467	1778	-1	NZ_CP148600.1_12474-23099:._5	RM	312	1	0.8556	0.1	0.5533	
NZ_CP018062.1_102922-113121:._11	NZ_CP018062.1_119	NZ_CP018062.1_102922-113121	10099	10200	1	none	none	0	0	0.0	0.0	0.0	
NZ_CP160833.1_1364017-1374192:._7	NZ_CP160833.1_1320	NZ_CP160833.1_1364017-1374192	5176	5448	1	none	none	0	0	0.0	0.0	0.0	
NZ_CP041658.1_60623-71272:._7	NZ_CP041658.1_71	NZ_CP041658.1_60623-71272	4710	4994	-1	none	none	0	0	0.0	0.0	0.0	IPR001357
NZ_CP119338.1_136561-147189:._7	NZ_CP119338.1_140	NZ_CP119338.1_136561-147189	5651	6151	1	none	none	0	0	0.0	0.0	0.0	
NZ_CP119338.1_167498-178129:._7	NZ_CP119338.1_174	NZ_CP119338.1_167498-178129	5693	6007	1	none	none	0	0	0.0	0.0	0.0	IPR001845;IPR011991
NZ_CP166881.1_383182-393831:._7	NZ_CP166881.1_369	NZ_CP166881.1_383182-393831	4710	4994	-1	none	none	0	0	0.0	0.0	0.0	IPR001357
NZ_CP025591.1_17457-28088:._8	NZ_CP025591.1_27	NZ_CP025591.1_17457-28088	5719	6621	1	none	none	0	0	0.0	0.0	0.0	IPR003740;IPR019264
NZ_CP059817.1_54725-65068:._6	NZ_CP059817.1_72	NZ_CP059817.1_54725-65068	4730	4990	-1	NZ_CP059817.1_54725-65068:._4	RosmerTA	1530	4	0.4653	0.4	0.4392	IPR006120
NZ_CP098328.1_6439-17070:._6	NZ_CP098328.1_11	NZ_CP098328.1_6439-17070	5719	6621	1	none	none	0	0	0.0	0.0	0.0	IPR003740;IPR019264
NZ_CP184168.1_5564-14949:._9	NZ_CP184168.1_14	NZ_CP184168.1_5564-14949	8647	8796	1	none	none	0	0	0.0	0.0	0.0	
NZ_CP184168.1_212215-222558:._6	NZ_CP184168.1_252	NZ_CP184168.1_212215-222558	4730	4990	-1	NZ_CP184168.1_212215-222558:._4	RosmerTA	1530	4	0.4653	0.4	0.4392	IPR006120
NZ_CP070896.1_2271347-2281627:._8	NZ_CP070896.1_2810	NZ_CP070896.1_2271347-2281627	5239	5616	1	NZ_CP070896.1_2271347-2281627:._3	RM	2374	2	0.3051	0.2	0.2631	IPR006119
NZ_CP129461.1_1888861-1899477:._5	NZ_CP129461.1_1784	NZ_CP129461.1_1888861-1899477	4716	5000	-1	none	none	0	0	0.0	0.0	0.0	
NZ_CP175931.1_58683-69293:._14	NZ_CP175931.1_68	NZ_CP175931.1_58683-69293	5645	6328	1	none	none	0	0	0.0	0.0	0.0	IPR025982
NZ_CP150655.1_785-11338:._8	NZ_CP150655.1_8	NZ_CP150655.1_785-11338	5566	5814	1	none	none	0	0	0.0	0.0	0.0	IPR001387
NZ_CP123988.1_12675-23258:._6	NZ_CP123988.1_26	NZ_CP123988.1_12675-23258	4843	4992	-1	none	none	0	0	0.0	0.0	0.0	
NZ_LR135298.1_1-7816:._6	NZ_LR135298.1_5	NZ_LR135298.1_1-7816	3645	4793	1	NZ_LR135298.1_1-7816:._1	Anti_CRISPR	2604	1	0.272	0.1	0.2032	IPR001959;IPR010095;IPR021027
NZ_LR135298.1_1-7816:._8	NZ_LR135298.1_7	NZ_LR135298.1_1-7816	5195	6031	1	NZ_LR135298.1_1-7816:._1	Anti_CRISPR	4154	0	0.1253	0.0	0.0752	IPR001584;IPR025948
NZ_LR135298.1_1-7816:._12	NZ_LR135298.1_11	NZ_LR135298.1_1-7816	7185	7814	1	NZ_LR135298.1_1-7816:._1	Anti_CRISPR	6144	0	0.0463	0.0	0.0278	IPR005754;IPR042007
NZ_LR135299.1_2423-13033:._3	NZ_LR135299.1_7	NZ_LR135299.1_2423-13033	2073	2933	-1	NZ_LR135299.1_2423-13033:._9	RosmerTA	2718	2	0.2569	0.2	0.2342	
NZ_CP066382.1_115634-125977:._7	NZ_CP066382.1_132	NZ_CP066382.1_115634-125977	4730	4990	-1	NZ_CP066382.1_115634-125977:._5	RosmerTA	1530	2	0.4653	0.2	0.3592	IPR006120
NZ_CP095729.1_62579-73195:._8	NZ_CP095729.1_81	NZ_CP095729.1_62579-73195	4819	4968	-1	none	none	0	0	0.0	0.0	0.0	
NZ_CP119110.1_9427-19980:._3	NZ_CP119110.1_12	NZ_CP119110.1_9427-19980	4740	4988	-1	none	none	0	0	0.0	0.0	0.0	IPR001387
NZ_CP191306.1_40456-51057:._10	NZ_CP191306.1_54	NZ_CP191306.1_40456-51057	5618	6310	1	NZ_CP191306.1_40456-51057:._2	MazEF	4978	0	0.083	0.0	0.0498	IPR006171;IPR013497;IPR034144
NZ_CP116750.1_1-5523:._2	NZ_CP116750.1_1	NZ_CP116750.1_1-5523	546	986	1	none	none	0	0	0.0	0.0	0.0	IPR000835
NZ_CP116750.1_41743-52326:._5	NZ_CP116750.1_59	NZ_CP116750.1_41743-52326	5592	5714	1	none	none	0	0	0.0	0.0	0.0	
NZ_CP197317.1_19416-30020:._3	NZ_CP197317.1_28	NZ_CP197317.1_19416-30020	4249	4953	-1	none	none	0	0	0.0	0.0	0.0	IPR024735;IPR035628
NZ_CP150978.1_2012992-2023176:._9	NZ_CP150978.1_1979	NZ_CP150978.1_2012992-2023176	5148	5564	1	NZ_CP150978.1_2012992-2023176:._16	RM	1913	1	0.3842	0.1	0.2705	IPR006119;IPR006120
NC_013198.1_434989-445638:._5	NC_013198.1_434	NC_013198.1_434989-445638	5656	5940	1	none	none	0	0	0.0	0.0	0.0	IPR001357
NZ_CP148639.1_6088-16821:._11	NZ_CP148639.1_17	NZ_CP148639.1_6088-16821	4872	4979	-1	NZ_CP148639.1_6088-16821:._13	6A_MBL	1297	2	0.5228	0.2	0.3937	
NZ_CP059748.1_54725-65068:._6	NZ_CP059748.1_72	NZ_CP059748.1_54725-65068	4730	4990	-1	NZ_CP059748.1_54725-65068:._4	RosmerTA	1530	4	0.4653	0.4	0.4392	IPR006120
NZ_CP114209.1_1-5417:._1	NZ_CP114209.1_2	NZ_CP114209.1_1-5417	1	330	-1	none	none	0	0	0.0	0.0	0.0	IPR003740
NZ_CP124895.1_36529-47133:._7	NZ_CP124895.1_40	NZ_CP124895.1_36529-47133	8605	8796	-1	none	none	0	0	0.0	0.0	0.0	IPR025575
NZ_CP124896.1_32206-42810:._3	NZ_CP124896.1_35	NZ_CP124896.1_32206-42810	594	803	1	none	none	0	0	0.0	0.0	0.0	
NZ_CP124896.1_32206-42810:._8	NZ_CP124896.1_40	NZ_CP124896.1_32206-42810	5652	6812	1	none	none	0	0	0.0	0.0	0.0	IPR001126;IPR017961;IPR024728
NZ_CP036029.1_1-7097:._2	NZ_CP036029.1_3	NZ_CP036029.1_1-7097	325	855	-1	none	none	0	0	0.0	0.0	0.0	IPR006120
NZ_CP036030.1_319826-330400:._8	NZ_CP036030.1_320	NZ_CP036030.1_319826-330400	4908	5003	-1	none	none	0	0	0.0	0.0	0.0	
NZ_JBRFVD010000004.1_5353-14726:._8	NZ_JBRFVD010000004.1_15	NZ_JBRFVD010000004.1_5353-14726	4997	8050	1	none	none	0	0	0.0	0.0	0.0	IPR002513;IPR025296
NZ_CP176711.1_48771-59324:._3	NZ_CP176711.1_80	NZ_CP176711.1_48771-59324	2081	4996	-1	NZ_CP176711.1_48771-59324:._7	MazEF	3525	0	0.1716	0.0	0.103	IPR002513;IPR025296
NZ_CP176711.1_62155-72762:._8	NZ_CP176711.1_98	NZ_CP176711.1_62155-72762	5598	5825	1	NZ_CP176711.1_62155-72762:._9	RosmerTA	361	2	0.8349	0.2	0.5809	
NZ_CP085321.1_8918-19471:._7	NZ_CP085321.1_18	NZ_CP085321.1_8918-19471	5567	5815	1	none	none	0	0	0.0	0.0	0.0	IPR001387
NZ_CP152089.1_25565-36169:._1	NZ_CP152089.1_38	NZ_CP152089.1_25565-36169	3	809	-1	none	none	0	0	0.0	0.0	0.0	IPR000192
NZ_CP152089.1_164572-175176:._6	NZ_CP152089.1_207	NZ_CP152089.1_164572-175176	4749	4952	-1	none	none	0	0	0.0	0.0	0.0	
NZ_LN898145.1_35609-45841:._5	NZ_LN898145.1_56	NZ_LN898145.1_35609-45841	5284	5592	1	none	none	0	0	0.0	0.0	0.0	IPR006119
NZ_CP127397.1_1602516-1613132:._7	NZ_CP127397.1_1540	NZ_CP127397.1_1602516-1613132	5617	5979	1	none	none	0	0	0.0	0.0	0.0	IPR006171;IPR034144
NZ_CP121479.1_1-7444:._2	NZ_CP121479.1_3	NZ_CP121479.1_1-7444	1118	1462	-1	none	none	0	0	0.0	0.0	0.0	IPR019500
NZ_AP022875.1_221314-231957:._6	NZ_AP022875.1_226	NZ_AP022875.1_221314-231957	5637	5891	1	NZ_AP022875.1_221314-231957:._11	Thoeris	3822	3	0.1479	0.3	0.2088	IPR018690
NZ_CP053342.1_1119-11750:._4	NZ_CP053342.1_7	NZ_CP053342.1_1119-11750	4011	4913	-1	none	none	0	0	0.0	0.0	0.0	IPR003740;IPR019264
NZ_CP035661.1_97913-108256:._7	NZ_CP035661.1_120	NZ_CP035661.1_97913-108256	5354	5614	1	NZ_CP035661.1_97913-108256:._9	RosmerTA	1530	2	0.4653	0.2	0.3592	IPR006120
NZ_CP117240.1_19764-30371:._7	NZ_CP117240.1_29	NZ_CP117240.1_19764-30371	5623	5781	1	NZ_CP117240.1_19764-30371:._13	RosmerTA	3397	1	0.183	0.1	0.1498	
NZ_CP117239.1_5299-14690:._6	NZ_CP117239.1_11	NZ_CP117239.1_5299-14690	5015	5173	1	NZ_CP117239.1_5299-14690:._12	RosmerTA	3397	1	0.183	0.1	0.1498	
NZ_CP097886.1_1486166-1496515:._6	NZ_CP097886.1_1609	NZ_CP097886.1_1486166-1496515	4771	5061	-1	none	none	0	0	0.0	0.0	0.0	IPR006119;IPR006120
NZ_CP059765.1_147847-158190:._6	NZ_CP059765.1_181	NZ_CP059765.1_147847-158190	4730	4990	-1	NZ_CP059765.1_147847-158190:._4	RosmerTA	1530	4	0.4653	0.4	0.4392	IPR006120
NZ_CP131796.1_65322-75665:._6	NZ_CP131796.1_77	NZ_CP131796.1_65322-75665	4730	4990	-1	NZ_CP131796.1_65322-75665:._4	RosmerTA	1530	4	0.4653	0.4	0.4392	IPR006120
NZ_CP053973.1_86086-96636:._7	NZ_CP053973.1_100	NZ_CP053973.1_86086-96636	5564	8545	1	NZ_CP053973.1_86086-96636:._4	AbiE	1822	1	0.4021	0.1	0.2813	IPR002513;IPR025296
NZ_CP053973.1_114898-125469:._4	NZ_CP053973.1_127	NZ_CP053973.1_114898-125469	3755	4939	-1	none	none	0	0	0.0	0.0	0.0	IPR025296
NZ_CP157204.1_42431-53062:._5	NZ_CP157204.1_46	NZ_CP157204.1_42431-53062	4011	4913	-1	none	none	0	0	0.0	0.0	0.0	IPR003740;IPR019264
NZ_CP066081.1_1-9650:._2	NZ_CP066081.1_1	NZ_CP066081.1_1-9650	241	480	1	none	none	0	0	0.0	0.0	0.0	
NZ_CP066081.1_1-9650:._5	NZ_CP066081.1_6	NZ_CP066081.1_1-9650	1560	3371	-1	none	none	0	0	0.0	0.0	0.0	IPR003838
NZ_CP066081.1_1-9650:._12	NZ_CP066081.1_13	NZ_CP066081.1_1-9650	8256	8465	-1	none	none	0	0	0.0	0.0	0.0	
NZ_CP066080.1_34024-44499:._4	NZ_CP066080.1_44	NZ_CP066080.1_34024-44499	3717	5525	1	NZ_CP066080.1_34024-44499:._2	RM	1899	2	0.3869	0.2	0.3122	IPR004919
NZ_CP066082.1_1-5703:._7	NZ_CP066082.1_6	NZ_CP066082.1_1-5703	5502	5702	1	none	none	0	0	0.0	0.0	0.0	
NZ_CP066084.1_1-10113:._2	NZ_CP066084.1_1	NZ_CP066084.1_1-10113	743	1249	1	NZ_CP066084.1_1-10113:._4	Menshen	343	1	0.8424	0.1	0.5454	IPR025657
NZ_CP066084.1_1-10113:._7	NZ_CP066084.1_6	NZ_CP066084.1_1-10113	6362	6694	1	NZ_CP066084.1_1-10113:._4	Menshen	4417	1	0.1099	0.1	0.1059	
NZ_CP045776.1_185640-196265:._3	NZ_CP045776.1_172	NZ_CP045776.1_185640-196265	1950	5003	-1	none	none	0	0	0.0	0.0	0.0	IPR002513;IPR025296
NZ_CP031070.1_69148-79410:._6	NZ_CP031070.1_84	NZ_CP031070.1_69148-79410	5284	5544	1	none	none	0	0	0.0	0.0	0.0	IPR006119;IPR006120
NZ_CM149705.1_3018127-3028680:._10	NZ_CM149705.1_2966	NZ_CM149705.1_3018127-3028680	5639	6226	1	NZ_CM149705.1_3018127-3028680:._8	RosmerTA	1138	2	0.5661	0.2	0.4197	IPR001647;IPR039538
NZ_CP103040.1_5012-14430:._5	NZ_CP103040.1_11	NZ_CP103040.1_5012-14430	3916	4344	-1	none	none	0	0	0.0	0.0	0.0	
NZ_CP103040.1_12190-22500:._6	NZ_CP103040.1_19	NZ_CP103040.1_12190-22500	4232	4708	-1	none	none	0	0	0.0	0.0	0.0	IPR000515
NZ_CP103040.1_12190-22500:._7	NZ_CP103040.1_20	NZ_CP103040.1_12190-22500	4724	4996	-1	none	none	0	0	0.0	0.0	0.0	IPR006120
NZ_CP125990.1_457436-468070:._7	NZ_CP125990.1_382	NZ_CP125990.1_457436-468070	5628	5882	1	none	none	0	0	0.0	0.0	0.0	IPR018690
NZ_CP185303.1_1-7855:._5	NZ_CP185303.1_3	NZ_CP185303.1_1-7855	2861	3145	1	none	none	0	0	0.0	0.0	0.0	IPR001357
NZ_CP143265.1_7509-18158:._11	NZ_CP143265.1_24	NZ_CP143265.1_7509-18158	4710	4994	-1	none	none	0	0	0.0	0.0	0.0	IPR001357
NZ_CP129460.1_1946816-1957432:._5	NZ_CP129460.1_1870	NZ_CP129460.1_1946816-1957432	2856	5000	-1	none	none	0	0	0.0	0.0	0.0	IPR006171;IPR013497;IPR013498;IPR034144
NZ_CP028164.1_17633-28186:._3	NZ_CP028164.1_25	NZ_CP028164.1_17633-28186	4740	4988	-1	none	none	0	0	0.0	0.0	0.0	IPR001387
NZ_CP016356.1_35971-46620:._7	NZ_CP016356.1_55	NZ_CP016356.1_35971-46620	4710	4994	-1	none	none	0	0	0.0	0.0	0.0	IPR001357
NZ_CP117499.1_1-9741:._7	NZ_CP117499.1_6	NZ_CP117499.1_1-9741	5876	6187	1	NZ_CP117499.1_1-9741:._1	Anti_CRISPR	4892	0	0.0866	0.0	0.052	
NZ_CP130520.1_2638973-2649574:._8	NZ_CP130520.1_2447	NZ_CP130520.1_2638973-2649574	4292	4984	-1	NZ_CP130520.1_2638973-2649574:._14	Lamassu-Fam	3307	7	0.1914	0.7	0.3948	IPR006171;IPR013497;IPR034144
NZ_CP195339.1_1456-12087:._6	NZ_CP195339.1_7	NZ_CP195339.1_1456-12087	2504	2845	1	none	none	0	0	0.0	0.0	0.0	
NZ_CP137210.1_5541-14983:._8	NZ_CP137210.1_13	NZ_CP137210.1_5541-14983	5001	5531	1	NZ_CP137210.1_5541-14983:._9	Gabija	91	1	0.9555	0.1	0.6133	
NZ_CP124919.1_85254-95858:._4	NZ_CP124919.1_96	NZ_CP124919.1_85254-95858	5652	6161	1	none	none	0	0	0.0	0.0	0.0	IPR017961
NZ_CP019687.1_2787729-2797856:._7	NZ_CP019687.1_2999	NZ_CP019687.1_2787729-2797856	4561	4971	-1	none	none	0	0	0.0	0.0	0.0	IPR006119;IPR006120
NZ_CP019235.1_37281-47987:._1	NZ_CP019235.1_34	NZ_CP019235.1_37281-47987	1	870	-1	NZ_CP019235.1_37281-47987:._1	AbiE	0	1	1.0	0.1	0.64	IPR014942
NZ_CP019235.1_37281-47987:._4	NZ_CP019235.1_35	NZ_CP019235.1_37281-47987	2668	3273	1	NZ_CP019235.1_37281-47987:._1	AbiE	1798	1	0.407	0.1	0.2842	IPR025296
NZ_CP120417.1_1547616-1558232:._6	NZ_CP120417.1_1627	NZ_CP120417.1_1547616-1558232	2856	5000	-1	none	none	0	0	0.0	0.0	0.0	IPR006171;IPR013497;IPR013498;IPR034144
NZ_CP120420.1_11800-22248:._7	NZ_CP120420.1_23	NZ_CP120420.1_11800-22248	4787	4960	-1	none	none	0	0	0.0	0.0	0.0	
NZ_CP169065.1_17286-27935:._8	NZ_CP169065.1_30	NZ_CP169065.1_17286-27935	4710	4994	-1	none	none	0	0	0.0	0.0	0.0	IPR001357
NC_022126.1_9558-20165:._7	NC_022126.1_19	NC_022126.1_9558-20165	5623	5781	1	NC_022126.1_9558-20165:._13	RosmerTA	3397	1	0.183	0.1	0.1498	
NZ_CP113247.1_18646-29232:._10	NZ_CP113247.1_26	NZ_CP113247.1_18646-29232	6619	7245	-1	none	none	0	0	0.0	0.0	0.0	IPR007353;IPR048454
NZ_CP116026.1_1-7640:._4	NZ_CP116026.1_3	NZ_CP116026.1_1-7640	3077	4189	1	NZ_CP116026.1_1-7640:._4	Retron	0	2	1.0	0.2	0.68	IPR003395
NZ_CP116030.1_8055-18671:._6	NZ_CP116030.1_11	NZ_CP116030.1_8055-18671	5617	5979	1	none	none	0	0	0.0	0.0	0.0	IPR006171;IPR034144
NZ_CP013279.1_55197-65747:._7	NZ_CP013279.1_65	NZ_CP013279.1_55197-65747	5564	8545	1	NZ_CP013279.1_55197-65747:._4	AbiE	1822	1	0.4021	0.1	0.2813	IPR002513;IPR025296
NZ_CP013280.1_84011-94582:._13	NZ_CP013280.1_92	NZ_CP013280.1_84011-94582	9695	10282	1	none	none	0	0	0.0	0.0	0.0	
NZ_CP090408.1_43473-54104:._9	NZ_CP090408.1_52	NZ_CP090408.1_43473-54104	5693	6007	1	none	none	0	0	0.0	0.0	0.0	IPR001845;IPR011991
NZ_CP146874.1_1-5634:._3	NZ_CP146874.1_2	NZ_CP146874.1_1-5634	1353	2255	1	none	none	0	0	0.0	0.0	0.0	IPR003740;IPR019264
NZ_CP191198.1_690395-700996:._10	NZ_CP191198.1_660	NZ_CP191198.1_690395-700996	5618	6310	1	none	none	0	0	0.0	0.0	0.0	IPR006171;IPR013497;IPR034144
NZ_CP068416.1_614607-625190:._7	NZ_CP068416.1_598	NZ_CP068416.1_614607-625190	5671	6834	1	NZ_CP068416.1_614607-625190:._1	PrrC	4646	0	0.098	0.0	0.0588	IPR026870;IPR026898
NZ_CP068417.1_38414-49063:._7	NZ_CP068417.1_50	NZ_CP068417.1_38414-49063	5656	5940	1	none	none	0	0	0.0	0.0	0.0	IPR001357
NZ_CP145110.1_19973-30559:._4	NZ_CP145110.1_19	NZ_CP145110.1_19973-30559	5299	8739	1	NZ_CP145110.1_19973-30559:._3	RM	2	1	0.999	0.1	0.6394	IPR001650;IPR006935;IPR025202;IPR049730
NZ_CP145112.1_26854-37440:._2	NZ_CP145112.1_34	NZ_CP145112.1_26854-37440	390	734	1	none	none	0	0	0.0	0.0	0.0	IPR025580
NZ_CP084179.1_210355-220956:._6	NZ_CP084179.1_230	NZ_CP084179.1_210355-220956	4538	4927	-1	NZ_CP084179.1_210355-220956:._15	RosmerTA	4344	2	0.1139	0.2	0.1484	
NZ_CP141337.1_30492-41123:._8	NZ_CP141337.1_41	NZ_CP141337.1_30492-41123	6987	7130	-1	NZ_CP141337.1_30492-41123:._11	Anti_CRISPR	1041	1	0.5942	0.1	0.3965	
NZ_CP064299.1_2708163-2718812:._9	NZ_CP064299.1_2629	NZ_CP064299.1_2708163-2718812	4710	4994	-1	none	none	0	0	0.0	0.0	0.0	IPR001357
NZ_CP123054.1_7327-17895:._5	NZ_CP123054.1_14	NZ_CP123054.1_7327-17895	4676	5518	-1	none	none	0	0	0.0	0.0	0.0	IPR004700
NZ_CP123055.1_1621-12174:._5	NZ_CP123055.1_8	NZ_CP123055.1_1621-12174	3848	4603	-1	NZ_CP123055.1_1621-12174:._7	Anti_CRISPR	388	1	0.8237	0.1	0.5342	IPR003812
NZ_CP075878.1_1926827-1937380:._8	NZ_CP075878.1_1958	NZ_CP075878.1_1926827-1937380	5558	8473	1	none	none	0	0	0.0	0.0	0.0	IPR002513;IPR025296
NZ_CP075878.1_1942814-1953421:._4	NZ_CP075878.1_1970	NZ_CP075878.1_1942814-1953421	4783	5010	-1	NZ_CP075878.1_1942814-1953421:._3	RosmerTA	361	9	0.8349	0.9	0.8609	
NZ_CP104303.1_616063-626712:._6	NZ_CP104303.1_600	NZ_CP104303.1_616063-626712	4710	4994	-1	none	none	0	0	0.0	0.0	0.0	IPR001357
NZ_CP104305.1_43549-54198:._7	NZ_CP104305.1_52	NZ_CP104305.1_43549-54198	5656	5940	1	NZ_CP104305.1_43549-54198:._3	PrrC	2268	4	0.3217	0.4	0.353	IPR001357
NZ_CP104306.1_1-5432:._2	NZ_CP104306.1_1	NZ_CP104306.1_1-5432	387	707	1	NZ_CP104306.1_1-5432:._4	RM	637	2	0.7272	0.2	0.5163	IPR025161
NZ_CP104306.1_43219-53868:._5	NZ_CP104306.1_59	NZ_CP104306.1_43219-53868	5656	5940	1	none	none	0	0	0.0	0.0	0.0	IPR001357
NZ_CP113440.1_636173-646789:._11	NZ_CP113440.1_679	NZ_CP113440.1_636173-646789	5617	7761	1	none	none	0	0	0.0	0.0	0.0	IPR006171;IPR013497;IPR013498;IPR034144
NZ_CP146749.1_1466917-1477488:._5	NZ_CP146749.1_1492	NZ_CP146749.1_1466917-1477488	4139	4906	-1	NZ_CP146749.1_1466917-1477488:._2	Dodola	1165	1	0.5585	0.1	0.3751	IPR025669
NZ_CP150492.1_4178-14803:._9	NZ_CP150492.1_16	NZ_CP150492.1_4178-14803	5674	5997	1	none	none	0	0	0.0	0.0	0.0	
NZ_CP014891.1_3678-13802:._5	NZ_CP014891.1_4	NZ_CP014891.1_3678-13802	3170	3532	1	none	none	0	0	0.0	0.0	0.0	
NZ_CP014891.1_30436-41016:._8	NZ_CP014891.1_42	NZ_CP014891.1_30436-41016	8627	10579	1	NZ_CP014891.1_30436-41016:._8	PrrC	0	8	1.0	0.8	0.92	IPR007409;IPR040980
NZ_CP014892.1_6970-17556:._3	NZ_CP014892.1_14	NZ_CP014892.1_6970-17556	1329	1568	-1	NZ_CP014892.1_6970-17556:._1	Anti_CRISPR	907	1	0.6354	0.1	0.4212	
NZ_CP014893.1_140-10720:._4	NZ_CP014893.1_3	NZ_CP014893.1_140-10720	2575	3051	1	none	none	0	0	0.0	0.0	0.0	IPR000089
NZ_CP014893.1_140-10720:._5	NZ_CP014893.1_4	NZ_CP014893.1_140-10720	3058	3474	1	none	none	0	0	0.0	0.0	0.0	IPR013114
NZ_CP014895.1_6009-16595:._4	NZ_CP014895.1_14	NZ_CP014895.1_6009-16595	2322	2630	-1	none	none	0	0	0.0	0.0	0.0	IPR025161
NZ_CP014897.1_1119-11750:._11	NZ_CP014897.1_14	NZ_CP014897.1_1119-11750	7471	8304	-1	none	none	0	0	0.0	0.0	0.0	
NZ_CP196619.1_21837-32390:._8	NZ_CP196619.1_32	NZ_CP196619.1_21837-32390	5558	8473	1	none	none	0	0	0.0	0.0	0.0	IPR002513;IPR025296
NZ_CP141332.1_24827-35458:._5	NZ_CP141332.1_31	NZ_CP141332.1_24827-35458	4011	4913	-1	none	none	0	0	0.0	0.0	0.0	IPR003740;IPR019264
NZ_JBQIBF010000004.1_17801-28462:._6	NZ_JBQIBF010000004.1_23	NZ_JBQIBF010000004.1_17801-28462	4026	4991	-1	none	none	0	0	0.0	0.0	0.0	IPR004107
NZ_JBQIBF010000004.1_97407-107951:._3	NZ_JBQIBF010000004.1_100	NZ_JBQIBF010000004.1_97407-107951	2009	4957	-1	none	none	0	0	0.0	0.0	0.0	IPR002513;IPR025296
NZ_CP116519.1_6188-16810:._7	NZ_CP116519.1_16	NZ_CP116519.1_6188-16810	4224	4904	-1	none	none	0	0	0.0	0.0	0.0	IPR032874
NZ_CP116519.1_31239-41840:._6	NZ_CP116519.1_48	NZ_CP116519.1_31239-41840	4622	4984	-1	NZ_CP116519.1_31239-41840:._12	RosmerTA	3554	1	0.1691	0.1	0.1415	IPR006171;IPR034144
NZ_CP032652.1_9835-20421:._5	NZ_CP032652.1_15	NZ_CP032652.1_9835-20421	1869	2303	1	none	none	0	0	0.0	0.0	0.0	IPR016180;IPR047873
NZ_CP195077.1_1176922-1187538:._7	NZ_CP195077.1_1188	NZ_CP195077.1_1176922-1187538	5617	7761	1	none	none	0	0	0.0	0.0	0.0	IPR006171;IPR013497;IPR013498;IPR034144
NZ_CP116807.1_2230477-2241075:._5	NZ_CP116807.1_2213	NZ_CP116807.1_2230477-2241075	4584	4931	-1	none	none	0	0	0.0	0.0	0.0	IPR010712
NZ_CP116807.1_2239479-2250038:._12	NZ_CP116807.1_2227	NZ_CP116807.1_2239479-2250038	6091	6351	1	none	none	0	0	0.0	0.0	0.0	IPR006119
NZ_CP053185.1_2688857-2699458:._8	NZ_CP053185.1_2539	NZ_CP053185.1_2688857-2699458	4292	4984	-1	NZ_CP053185.1_2688857-2699458:._15	Lamassu-Fam	3643	7	0.1618	0.7	0.3771	IPR006171;IPR013497;IPR034144
NZ_CP049740.1_1230419-1241035:._12	NZ_CP049740.1_1248	NZ_CP049740.1_1230419-1241035	5617	7761	1	none	none	0	0	0.0	0.0	0.0	IPR006171;IPR013497;IPR013498;IPR034144
NZ_CP121498.1_7356-17972:._4	NZ_CP121498.1_15	NZ_CP121498.1_7356-17972	2132	2866	-1	NZ_CP121498.1_7356-17972:._12	Anti_CRISPR	4193	0	0.1229	0.0	0.0737	IPR003115;IPR037953
NZ_CP162539.1_1-9738:._5	NZ_CP162539.1_6	NZ_CP162539.1_1-9738	3337	4068	-1	none	none	0	0	0.0	0.0	0.0	IPR013216
NZ_CP162539.1_1-9738:._7	NZ_CP162539.1_8	NZ_CP162539.1_1-9738	4891	6498	-1	none	none	0	0	0.0	0.0	0.0	
NZ_CP162539.1_11176-21726:._9	NZ_CP162539.1_20	NZ_CP162539.1_11176-21726	4530	4877	1	none	none	0	0	0.0	0.0	0.0	IPR000551
NZ_CP162541.1_1620-12221:._5	NZ_CP162541.1_8	NZ_CP162541.1_1620-12221	5401	5775	-1	none	none	0	0	0.0	0.0	0.0	
NZ_CP021426.1_934611-945260:._7	NZ_CP021426.1_894	NZ_CP021426.1_934611-945260	4710	4994	-1	none	none	0	0	0.0	0.0	0.0	IPR001357
NZ_CP017355.1_27320-37873:._10	NZ_CP017355.1_37	NZ_CP017355.1_27320-37873	7245	7643	1	none	none	0	0	0.0	0.0	0.0	IPR031807
NZ_CP017357.1_11625-22184:._7	NZ_CP017357.1_23	NZ_CP017357.1_11625-22184	4088	4951	-1	none	none	0	0	0.0	0.0	0.0	IPR003439
NZ_CP059809.1_6516-17129:._4	NZ_CP059809.1_11	NZ_CP059809.1_6516-17129	1433	1690	1	none	none	0	0	0.0	0.0	0.0	IPR009614
NZ_CP193743.1_755816-766432:._6	NZ_CP193743.1_773	NZ_CP193743.1_755816-766432	5617	7761	1	none	none	0	0	0.0	0.0	0.0	IPR006171;IPR013497;IPR013498;IPR034144
NZ_CP121102.1_3630438-3640565:._9	NZ_CP121102.1_3892	NZ_CP121102.1_3630438-3640565	5157	5567	1	none	none	0	0	0.0	0.0	0.0	IPR006119;IPR006120
NZ_CP158461.1_48510-59159:._8	NZ_CP158461.1_68	NZ_CP158461.1_48510-59159	4710	4994	-1	none	none	0	0	0.0	0.0	0.0	IPR001357
NZ_CP189598.1_45546-56150:._2	NZ_CP189598.1_56	NZ_CP189598.1_45546-56150	3393	4595	-1	NZ_CP189598.1_45546-56150:._2	PrrC	0	5	1.0	0.5	0.8	IPR000055
NZ_CP022021.1_102457-113010:._3	NZ_CP022021.1_120	NZ_CP022021.1_102457-113010	2081	4996	-1	NZ_CP022021.1_102457-113010:._7	MazEF	3525	0	0.1716	0.0	0.103	IPR002513;IPR025296
NZ_CP022021.1_115839-126446:._8	NZ_CP022021.1_139	NZ_CP022021.1_115839-126446	5598	5825	1	NZ_CP022021.1_115839-126446:._9	RosmerTA	360	2	0.8353	0.2	0.5812	
NZ_CP185785.1_39719-50350:._5	NZ_CP185785.1_45	NZ_CP185785.1_39719-50350	4011	4913	-1	none	none	0	0	0.0	0.0	0.0	IPR003740;IPR019264
NZ_CP017375.1_3977-14563:._8	NZ_CP017375.1_11	NZ_CP017375.1_3977-14563	5178	6806	1	none	none	0	0	0.0	0.0	0.0	
NZ_CP043485.1_118417-128838:._7	NZ_CP043485.1_131	NZ_CP043485.1_118417-128838	4644	5000	-1	none	none	0	0	0.0	0.0	0.0	IPR006171;IPR034144
NC_017019.1_1-10096:._4	NC_017019.1_5	NC_017019.1_1-10096	4153	4419	-1	none	none	0	0	0.0	0.0	0.0	
NZ_CP014873.1_37721-48304:._3	NZ_CP014873.1_31	NZ_CP014873.1_37721-48304	2111	2833	-1	none	none	0	0	0.0	0.0	0.0	
NZ_CP097120.1_9088-19698:._3	NZ_CP097120.1_14	NZ_CP097120.1_9088-19698	4155	4913	-1	none	none	0	0	0.0	0.0	0.0	IPR003812
NZ_CP019752.1_14120-24706:._5	NZ_CP019752.1_22	NZ_CP019752.1_14120-24706	6049	6261	1	none	none	0	0	0.0	0.0	0.0	
NZ_CP089850.1_718877-729484:._5	NZ_CP089850.1_740	NZ_CP089850.1_718877-729484	3816	4904	-1	none	none	0	0	0.0	0.0	0.0	IPR031927
NZ_CP129089.1_19604-29725:._6	NZ_CP129089.1_27	NZ_CP129089.1_19604-29725	4540	4980	-1	none	none	0	0	0.0	0.0	0.0	IPR006119
NZ_CP017464.1_9891-20498:._8	NZ_CP017464.1_19	NZ_CP017464.1_9891-20498	4647	4961	-1	none	none	0	0	0.0	0.0	0.0	IPR001845;IPR011991
NZ_CP017465.1_9913-20511:._7	NZ_CP017465.1_20	NZ_CP017465.1_9913-20511	4829	4954	-1	none	none	0	0	0.0	0.0	0.0	IPR000802
NZ_CM145515.1_410772-421421:._5	NZ_CM145515.1_407	NZ_CM145515.1_410772-421421	5656	5940	1	none	none	0	0	0.0	0.0	0.0	IPR001357
NZ_OX460977.1_20490-31043:._7	NZ_OX460977.1_24	NZ_OX460977.1_20490-31043	5558	8473	1	none	none	0	0	0.0	0.0	0.0	IPR002513;IPR025296
NZ_OX460977.1_25424-36058:._5	NZ_OX460977.1_29	NZ_OX460977.1_25424-36058	4678	4920	-1	none	none	0	0	0.0	0.0	0.0	
NZ_CP064307.1_27898-38667:._14	NZ_CP064307.1_47	NZ_CP064307.1_27898-38667	7881	8267	-1	none	none	0	0	0.0	0.0	0.0	
NZ_CP170661.1_2230403-2241031:._9	NZ_CP170661.1_2164	NZ_CP170661.1_2230403-2241031	4660	5007	-1	NZ_CP170661.1_2230403-2241031:._2	MazEF	4055	2	0.1317	0.2	0.159	
NZ_CP040906.1_124797-135410:._6	NZ_CP040906.1_149	NZ_CP040906.1_124797-135410	4740	4976	-1	NZ_CP040906.1_124797-135410:._5	AbiH	133	1	0.9357	0.1	0.6014	
NZ_CP161869.1_1-10380:._3	NZ_CP161869.1_4	NZ_CP161869.1_1-10380	4401	4763	-1	NZ_CP161869.1_1-10380:._9	RosmerTA	3553	1	0.1692	0.1	0.1415	IPR006171;IPR034144
NZ_CP091229.1_13043-23656:._9	NZ_CP091229.1_22	NZ_CP091229.1_13043-23656	5601	7610	1	none	none	0	0	0.0	0.0	0.0	IPR011646
NZ_CP081835.1_1-8849:._4	NZ_CP081835.1_5	NZ_CP081835.1_1-8849	1100	1276	-1	NZ_CP081835.1_1-8849:._13	RosmerTA	4602	0	0.1002	0.0	0.0601	
NZ_CP102068.1_5917-16533:._8	NZ_CP102068.1_12	NZ_CP102068.1_5917-16533	5617	5979	1	none	none	0	0	0.0	0.0	0.0	IPR006171;IPR034144
NZ_CP143084.1_614537-625120:._7	NZ_CP143084.1_598	NZ_CP143084.1_614537-625120	5671	6834	1	NZ_CP143084.1_614537-625120:._1	PrrC	4646	0	0.098	0.0	0.0588	IPR026870;IPR026898
NZ_CP143085.1_43241-53890:._7	NZ_CP143085.1_62	NZ_CP143085.1_43241-53890	4710	4994	-1	none	none	0	0	0.0	0.0	0.0	IPR001357
NZ_CP106927.1_5573-16159:._3	NZ_CP106927.1_11	NZ_CP106927.1_5573-16159	1357	3255	-1	none	none	0	0	0.0	0.0	0.0	
NZ_CP018180.1_1-9985:._5	NZ_CP018180.1_4	NZ_CP018180.1_1-9985	4956	7451	1	NZ_CP018180.1_1-9985:._3	Retron	2006	2	0.3668	0.2	0.3001	IPR002205;IPR006691
NZ_CP184519.1_21283-31890:._11	NZ_CP184519.1_28	NZ_CP184519.1_21283-31890	8296	9675	1	none	none	0	0	0.0	0.0	0.0	IPR002792;IPR010280
NZ_CP184518.1_5296-15849:._8	NZ_CP184518.1_16	NZ_CP184518.1_5296-15849	5558	8473	1	none	none	0	0	0.0	0.0	0.0	IPR002513;IPR025296
NZ_CP051227.1_124720-135369:._7	NZ_CP051227.1_132	NZ_CP051227.1_124720-135369	4710	4994	-1	none	none	0	0	0.0	0.0	0.0	IPR001357
NZ_CP053629.1_38188-48786:._7	NZ_CP053629.1_54	NZ_CP053629.1_38188-48786	4903	5046	-1	none	none	0	0	0.0	0.0	0.0	
NZ_CP053913.1_1-7329:._6	NZ_CP053913.1_5	NZ_CP053913.1_1-7329	2369	3232	1	NZ_CP053913.1_1-7329:._8	Anti_CRISPR	835	1	0.6587	0.1	0.4352	IPR025669
NZ_CP099458.1_14371-24924:._3	NZ_CP099458.1_17	NZ_CP099458.1_14371-24924	2081	4996	-1	none	none	0	0	0.0	0.0	0.0	IPR002513;IPR025296
NZ_CP099458.1_14371-24924:._11	NZ_CP099458.1_23	NZ_CP099458.1_14371-24924	10339	10554	1	none	none	0	0	0.0	0.0	0.0	
NZ_CP145240.1_9185-19792:._5	NZ_CP145240.1_17	NZ_CP145240.1_9185-19792	4665	4967	-1	none	none	0	0	0.0	0.0	0.0	
NZ_LR135326.1_1-10605:._8	NZ_LR135326.1_7	NZ_LR135326.1_1-10605	4939	6105	1	NZ_LR135326.1_1-10605:._1	Anti_CRISPR	3898	0	0.1424	0.0	0.0854	
NZ_CP119340.1_142061-152689:._7	NZ_CP119340.1_147	NZ_CP119340.1_142061-152689	5651	6151	1	none	none	0	0	0.0	0.0	0.0	
NZ_CP119340.1_172999-183630:._7	NZ_CP119340.1_181	NZ_CP119340.1_172999-183630	5693	6007	1	none	none	0	0	0.0	0.0	0.0	IPR001845;IPR011991
NZ_CP046936.1_20410-30723:._2	NZ_CP046936.1_20	NZ_CP046936.1_20410-30723	1334	2236	1	none	none	0	0	0.0	0.0	0.0	IPR003740;IPR019264
NZ_CP046937.1_16025-26656:._6	NZ_CP046937.1_20	NZ_CP046937.1_16025-26656	5608	6000	1	none	none	0	0	0.0	0.0	0.0	IPR021560
NZ_CP197390.1_523104-533720:._6	NZ_CP197390.1_532	NZ_CP197390.1_523104-533720	5617	5901	1	none	none	0	0	0.0	0.0	0.0	
NZ_CP168826.1_539-11092:._2	NZ_CP168826.1_3	NZ_CP168826.1_539-11092	2081	4996	-1	none	none	0	0	0.0	0.0	0.0	IPR002513;IPR025296
NZ_CP168826.1_51535-62142:._7	NZ_CP168826.1_60	NZ_CP168826.1_51535-62142	5598	5825	1	NZ_CP168826.1_51535-62142:._8	RosmerTA	361	9	0.8349	0.9	0.8609	
NZ_LR135308.1_6868-17490:._11	NZ_LR135308.1_14	NZ_LR135308.1_6868-17490	8505	8777	1	NZ_LR135308.1_6868-17490:._6	AbiE	2542	1	0.2806	0.1	0.2083	
NZ_CP136644.1_17765-28369:._11	NZ_CP136644.1_35	NZ_CP136644.1_17765-28369	4512	5003	-1	none	none	0	0	0.0	0.0	0.0	IPR016071
NZ_CP191163.1_46288-56841:._6	NZ_CP191163.1_62	NZ_CP191163.1_46288-56841	4536	5438	-1	none	none	0	0	0.0	0.0	0.0	IPR003740;IPR019264
NZ_CP191165.1_19591-30174:._5	NZ_CP191165.1_25	NZ_CP191165.1_19591-30174	4101	4439	-1	none	none	0	0	0.0	0.0	0.0	IPR025161
NZ_CP191166.1_7954-18507:._4	NZ_CP191166.1_15	NZ_CP191166.1_7954-18507	1915	2532	-1	none	none	0	0	0.0	0.0	0.0	
NZ_CP191166.1_7954-18507:._7	NZ_CP191166.1_18	NZ_CP191166.1_7954-18507	5112	7127	-1	none	none	0	0	0.0	0.0	0.0	IPR018145;IPR043964
NZ_CP087395.1_2308090-2318718:._7	NZ_CP087395.1_2195	NZ_CP087395.1_2308090-2318718	4660	5007	-1	NZ_CP087395.1_2308090-2318718:._2	Anti_CRISPR	3273	1	0.1947	0.1	0.1568	
NZ_CP050029.1_2747415-2757968:._7	NZ_CP050029.1_2782	NZ_CP050029.1_2747415-2757968	5558	8473	1	none	none	0	0	0.0	0.0	0.0	IPR002513;IPR025296
NZ_CP022131.1_46935-57545:._6	NZ_CP022131.1_64	NZ_CP022131.1_46935-57545	5711	7747	1	NZ_CP022131.1_46935-57545:._8	PrrC	1327	2	0.515	0.2	0.389	IPR003855
NZ_CP016686.2_20634-31214:._2	NZ_CP016686.2_29	NZ_CP016686.2_20634-31214	405	1154	-1	none	none	0	0	0.0	0.0	0.0	
NZ_LR134089.1_556669-566961:._7	NZ_LR134089.1_539	NZ_LR134089.1_556669-566961	4661	4996	-1	none	none	0	0	0.0	0.0	0.0	IPR006120
NZ_CP118089.1_12850-23433:._7	NZ_CP118089.1_19	NZ_CP118089.1_12850-23433	4660	4992	-1	none	none	0	0	0.0	0.0	0.0	
NZ_CP034099.1_1837894-1848294:._7	NZ_CP034099.1_1786	NZ_CP034099.1_1837894-1848294	5486	6673	1	none	none	0	0	0.0	0.0	0.0	IPR001207
NZ_CP165722.1_3316-13632:._7	NZ_CP165722.1_13	NZ_CP165722.1_3316-13632	6567	6806	-1	none	none	0	0	0.0	0.0	0.0	
NZ_CP065786.1_42206-52849:._7	NZ_CP065786.1_52	NZ_CP065786.1_42206-52849	5666	5872	1	none	none	0	0	0.0	0.0	0.0	
NZ_CP015154.1_6828-17465:._6	NZ_CP015154.1_14	NZ_CP015154.1_6828-17465	4030	5028	-1	none	none	0	0	0.0	0.0	0.0	IPR002104;IPR004107
NZ_CP015155.1_11699-22243:._4	NZ_CP015155.1_19	NZ_CP015155.1_11699-22243	2009	4957	-1	none	none	0	0	0.0	0.0	0.0	IPR002513;IPR025296
NZ_CP015156.1_77601-88145:._3	NZ_CP015156.1_86	NZ_CP015156.1_77601-88145	2009	4957	-1	none	none	0	0	0.0	0.0	0.0	IPR002513;IPR025296
NZ_CP083104.1_25135-35679:._8	NZ_CP083104.1_35	NZ_CP083104.1_25135-35679	5588	8536	1	none	none	0	0	0.0	0.0	0.0	IPR002513;IPR025296
NZ_CP083105.1_17896-28440:._8	NZ_CP083105.1_24	NZ_CP083105.1_17896-28440	5588	8536	1	none	none	0	0	0.0	0.0	0.0	IPR002513;IPR025296
NZ_CM131230.1_2140-12750:._12	NZ_CM131230.1_13	NZ_CM131230.1_2140-12750	9746	10165	1	NZ_CM131230.1_2140-12750:._3	RosmerTA	4819	0	0.0899	0.0	0.0539	
NZ_CP124925.1_1538674-1549290:._3	NZ_CP124925.1_1512	NZ_CP124925.1_1538674-1549290	4638	5000	-1	none	none	0	0	0.0	0.0	0.0	IPR006171;IPR034144
NZ_CP066498.1_32689-43257:._4	NZ_CP066498.1_33	NZ_CP066498.1_32689-43257	1689	2813	1	NZ_CP066498.1_32689-43257:._6	PrrC	1158	4	0.5605	0.4	0.4963	IPR013610
NZ_CP018842.1_7619-18166:._6	NZ_CP018842.1_14	NZ_CP018842.1_7619-18166	4650	5249	1	none	none	0	0	0.0	0.0	0.0	IPR002891
NZ_LR698986.1_1986870-1997219:._10	NZ_LR698986.1_2191	NZ_LR698986.1_1986870-1997219	5289	5579	1	none	none	0	0	0.0	0.0	0.0	IPR006119;IPR006120
NZ_CP140089.1_1-7568:._2	NZ_CP140089.1_4	NZ_CP140089.1_1-7568	947	1849	-1	none	none	0	0	0.0	0.0	0.0	IPR003740;IPR019264
NZ_CP140090.1_1-9309:._4	NZ_CP140090.1_3	NZ_CP140090.1_1-9309	2474	3253	1	none	none	0	0	0.0	0.0	0.0	IPR005754;IPR042007
NZ_CP140090.1_1-9309:._5	NZ_CP140090.1_4	NZ_CP140090.1_1-9309	3282	6269	1	none	none	0	0	0.0	0.0	0.0	IPR041324
NZ_CP080561.1_13397-23818:._8	NZ_CP080561.1_22	NZ_CP080561.1_13397-23818	5460	6134	1	NZ_CP080561.1_13397-23818:._1	Anti_CRISPR	5200	0	0.0743	0.0	0.0446	IPR032874
NZ_CP173168.1_2029-12645:._5	NZ_CP173168.1_9	NZ_CP173168.1_2029-12645	4572	5000	-1	none	none	0	0	0.0	0.0	0.0	IPR006171;IPR034144
NZ_CP065028.1_350318-360934:._5	NZ_CP065028.1_308	NZ_CP065028.1_350318-360934	5649	5792	1	none	none	0	0	0.0	0.0	0.0	
NZ_CP183888.1_234500-245053:._7	NZ_CP183888.1_261	NZ_CP183888.1_234500-245053	4274	5158	1	none	none	0	0	0.0	0.0	0.0	IPR001626
NZ_CP083913.1_3318-13982:._7	NZ_CP083913.1_9	NZ_CP083913.1_3318-13982	5025	5780	1	none	none	0	0	0.0	0.0	0.0	IPR005754;IPR042002
NZ_CP083913.1_128002-138345:._8	NZ_CP083913.1_162	NZ_CP083913.1_128002-138345	5354	5614	1	NZ_CP083913.1_128002-138345:._10	RosmerTA	1530	2	0.4653	0.2	0.3592	IPR006120
NZ_CP083914.1_43228-53841:._4	NZ_CP083914.1_56	NZ_CP083914.1_43228-53841	1184	2047	-1	none	none	0	0	0.0	0.0	0.0	IPR010488
NZ_CP093934.1_23893-34500:._9	NZ_CP093934.1_44	NZ_CP093934.1_23893-34500	4827	4985	-1	NZ_CP093934.1_23893-34500:._1	RosmerTA	4399	1	0.1109	0.1	0.1065	
NZ_CP086151.1_16129-26772:._15	NZ_CP086151.1_35	NZ_CP086151.1_16129-26772	8697	8924	-1	none	none	0	0	0.0	0.0	0.0	
NZ_CP015497.1_26567-37150:._4	NZ_CP015497.1_31	NZ_CP015497.1_26567-37150	4816	4992	-1	NZ_CP015497.1_26567-37150:._7	MazEF	1016	2	0.6017	0.2	0.441	
NZ_CP022464.2_192635-203266:._11	NZ_CP022464.2_173	NZ_CP022464.2_192635-203266	5657	5881	1	NZ_CP022464.2_192635-203266:._7	RosmerTA	1912	1	0.3844	0.1	0.2707	IPR035255
NZ_CP025569.1_1-6851:._2	NZ_CP025569.1_3	NZ_CP025569.1_1-6851	1026	1253	-1	NZ_CP025569.1_1-6851:._1	RosmerTA	361	1	0.8349	0.1	0.5409	
NZ_CP025569.1_1-6851:._10	NZ_CP025569.1_9	NZ_CP025569.1_1-6851	6596	6850	1	NZ_CP025569.1_1-6851:._1	RosmerTA	5931	0	0.0515	0.0	0.0309	IPR025296
NZ_CP017262.1_555-10877:._8	NZ_CP017262.1_8	NZ_CP017262.1_555-10877	4296	5540	1	none	none	0	0	0.0	0.0	0.0	IPR041073
NZ_CP017262.1_555-10877:._9	NZ_CP017262.1_9	NZ_CP017262.1_555-10877	5579	5827	1	none	none	0	0	0.0	0.0	0.0	
NZ_CP017264.1_18836-29485:._6	NZ_CP017264.1_33	NZ_CP017264.1_18836-29485	5864	6100	-1	NZ_CP017264.1_18836-29485:._9	RM	1238	2	0.5385	0.2	0.4031	IPR002559
NZ_LR135340.1_2665-13266:._5	NZ_LR135340.1_7	NZ_LR135340.1_2665-13266	2531	3367	1	none	none	0	0	0.0	0.0	0.0	IPR001584;IPR025948
NZ_LR135340.1_2665-13266:._9	NZ_LR135340.1_11	NZ_LR135340.1_2665-13266	5245	7221	1	none	none	0	0	0.0	0.0	0.0	IPR032334;IPR032364;IPR041033
NZ_LR135341.1_711-11321:._12	NZ_LR135341.1_11	NZ_LR135341.1_711-11321	7678	8538	1	NZ_LR135341.1_711-11321:._6	RosmerTA	2718	2	0.2569	0.2	0.2342	
NZ_AP022823.1_10567-21231:._5	NZ_AP022823.1_17	NZ_AP022823.1_10567-21231	2856	5000	-1	none	none	0	0	0.0	0.0	0.0	IPR006171;IPR013497;IPR013498;IPR034144
NZ_AP022858.1_140727-151370:._6	NZ_AP022858.1_159	NZ_AP022858.1_140727-151370	5637	5891	1	NZ_AP022858.1_140727-151370:._11	Thoeris	3825	3	0.1477	0.3	0.2086	IPR018690
NZ_CP176644.1_978181-988416:._7	NZ_CP176644.1_944	NZ_CP176644.1_978181-988416	5294	5617	1	none	none	0	0	0.0	0.0	0.0	IPR006119
NZ_CP053292.1_2664307-2674878:._4	NZ_CP053292.1_2465	NZ_CP053292.1_2664307-2674878	4321	4962	-1	none	none	0	0	0.0	0.0	0.0	
NZ_CP143293.1_686-11317:._5	NZ_CP143293.1_8	NZ_CP143293.1_686-11317	4011	4913	-1	none	none	0	0	0.0	0.0	0.0	IPR003740;IPR019264
NZ_CP091207.1_81966-92309:._8	NZ_CP091207.1_96	NZ_CP091207.1_81966-92309	5354	5614	1	NZ_CP091207.1_81966-92309:._10	RosmerTA	1530	4	0.4653	0.4	0.4392	IPR006120
NZ_CP075915.1_1-5478:._1	NZ_CP075915.1_2	NZ_CP075915.1_1-5478	3	389	-1	none	none	0	0	0.0	0.0	0.0	IPR005074
NC_014558.2_12684-23315:._5	NC_014558.2_18	NC_014558.2_12684-23315	4011	4913	-1	none	none	0	0	0.0	0.0	0.0	IPR003740;IPR019264
NZ_CP110537.1_2818-13449:._5	NZ_CP110537.1_9	NZ_CP110537.1_2818-13449	4011	4913	-1	none	none	0	0	0.0	0.0	0.0	IPR003740;IPR019264
NC_010184.1_3160748-3171331:._8	NC_010184.1_3145	NC_010184.1_3160748-3171331	4567	4938	-1	none	none	0	0	0.0	0.0	0.0	
NC_010181.1_32162-42703:._4	NC_010181.1_44	NC_010181.1_32162-42703	2768	4948	-1	none	none	0	0	0.0	0.0	0.0	IPR002513;IPR025296
NZ_CP031561.1_1649206-1659822:._5	NZ_CP031561.1_1654	NZ_CP031561.1_1649206-1659822	4716	5000	-1	none	none	0	0	0.0	0.0	0.0	
NZ_CP114544.1_5286-15902:._6	NZ_CP114544.1_15	NZ_CP114544.1_5286-15902	2856	5000	-1	none	none	0	0	0.0	0.0	0.0	IPR006171;IPR013497;IPR013498;IPR034144
NZ_CP190401.1_47405-58021:._13	NZ_CP190401.1_56	NZ_CP190401.1_47405-58021	5650	6000	1	none	none	0	0	0.0	0.0	0.0	
NZ_CP068115.1_30483-41099:._4	NZ_CP068115.1_40	NZ_CP068115.1_30483-41099	2063	2242	-1	none	none	0	0	0.0	0.0	0.0	
NZ_CP068116.1_1-9583:._2	NZ_CP068116.1_3	NZ_CP068116.1_1-9583	1997	3904	-1	none	none	0	0	0.0	0.0	0.0	IPR011646
NZ_CM147181.1_738946-749529:._6	NZ_CM147181.1_694	NZ_CM147181.1_738946-749529	5633	6496	1	none	none	0	0	0.0	0.0	0.0	IPR003439
NZ_ANOI01000001.1_2063272-2073888:._7	NZ_ANOI01000001.1_2085	NZ_ANOI01000001.1_2063272-2073888	4716	5000	-1	none	none	0	0	0.0	0.0	0.0	
NZ_CP159799.1_14251-24393:._9	NZ_CP159799.1_27	NZ_CP159799.1_14251-24393	4535	4981	-1	NZ_CP159799.1_14251-24393:._7	RosmerTA	589	2	0.7449	0.2	0.5269	IPR006119;IPR006120
NZ_AP026773.1_33406-44007:._8	NZ_AP026773.1_42	NZ_AP026773.1_33406-44007	5675	6064	1	none	none	0	0	0.0	0.0	0.0	
NZ_JBTKVL020000003.1_1549-12159:._12	NZ_JBTKVL020000003.1_12	NZ_JBTKVL020000003.1_1549-12159	5640	5843	1	NZ_JBTKVL020000003.1_1549-12159:._9	MazEF	1052	2	0.591	0.2	0.4346	
NZ_CP091282.1_1-9724:._8	NZ_CP091282.1_7	NZ_CP091282.1_1-9724	4729	5316	1	none	none	0	0	0.0	0.0	0.0	
NZ_CP071287.1_1-8704:._2	NZ_CP071287.1_3	NZ_CP071287.1_1-8704	667	2811	-1	none	none	0	0	0.0	0.0	0.0	IPR006171;IPR013497;IPR013498;IPR034144
NZ_CP071289.1_1-8320:._3	NZ_CP071289.1_4	NZ_CP071289.1_1-8320	2596	3090	-1	NZ_CP071289.1_1-8320:._3	Lamassu-Fam	0	9	1.0	0.9	0.96	
NZ_CP013019.1_791852-802405:._4	NZ_CP013019.1_707	NZ_CP013019.1_791852-802405	2004	4967	-1	none	none	0	0	0.0	0.0	0.0	IPR002513;IPR025296
NZ_CP013019.1_803927-814540:._7	NZ_CP013019.1_719	NZ_CP013019.1_803927-814540	5611	6570	1	none	none	0	0	0.0	0.0	0.0	IPR025296
NZ_CP073631.1_2268052-2278629:._12	NZ_CP073631.1_2473	NZ_CP073631.1_2268052-2278629	5562	6011	1	NZ_CP073631.1_2268052-2278629:._8	RosmerTA	2457	2	0.2927	0.2	0.2556	IPR025657
NZ_CP049977.1_28590-39143:._8	NZ_CP049977.1_41	NZ_CP049977.1_28590-39143	5566	5814	1	none	none	0	0	0.0	0.0	0.0	IPR001387
NZ_CP023302.1_31312-41943:._5	NZ_CP023302.1_40	NZ_CP023302.1_31312-41943	4011	4913	-1	none	none	0	0	0.0	0.0	0.0	IPR003740;IPR019264
NZ_CP014201.1_1786777-1797426:._10	NZ_CP014201.1_1691	NZ_CP014201.1_1786777-1797426	5656	5940	1	none	none	0	0	0.0	0.0	0.0	IPR001357
NZ_CP014202.1_20354-31003:._8	NZ_CP014202.1_37	NZ_CP014202.1_20354-31003	4710	4994	-1	none	none	0	0	0.0	0.0	0.0	IPR001357
NZ_CP186911.1_2745236-2755837:._10	NZ_CP186911.1_2735	NZ_CP186911.1_2745236-2755837	5568	5756	1	none	none	0	0	0.0	0.0	0.0	
NZ_CP048687.1_3909844-3920469:._6	NZ_CP048687.1_3967	NZ_CP048687.1_3909844-3920469	4533	5003	-1	none	none	0	0	0.0	0.0	0.0	IPR025296
NZ_CP174867.1_6294-16910:._8	NZ_CP174867.1_16	NZ_CP174867.1_6294-16910	5617	5709	1	none	none	0	0	0.0	0.0	0.0	
NZ_CP191193.1_649834-660435:._10	NZ_CP191193.1_619	NZ_CP191193.1_649834-660435	5618	6310	1	none	none	0	0	0.0	0.0	0.0	IPR006171;IPR013497;IPR034144
NZ_OZ061258.1_18943-29523:._5	NZ_OZ061258.1_26	NZ_OZ061258.1_18943-29523	3559	3804	1	none	none	0	0	0.0	0.0	0.0	
NZ_OZ061260.1_1-7557:._5	NZ_OZ061260.1_6	NZ_OZ061260.1_1-7557	3266	3601	-1	none	none	0	0	0.0	0.0	0.0	IPR010712
NZ_OZ061263.1_16910-27493:._7	NZ_OZ061263.1_26	NZ_OZ061263.1_16910-27493	5115	5417	-1	none	none	0	0	0.0	0.0	0.0	IPR004386
NZ_CP195197.1_31505-42058:._2	NZ_CP195197.1_41	NZ_CP195197.1_31505-42058	285	542	-1	none	none	0	0	0.0	0.0	0.0	
NZ_CP195200.1_25038-35618:._6	NZ_CP195200.1_32	NZ_CP195200.1_25038-35618	4309	4599	1	none	none	0	0	0.0	0.0	0.0	
NZ_CP098510.1_24831-35384:._8	NZ_CP098510.1_35	NZ_CP098510.1_24831-35384	5558	8473	1	none	none	0	0	0.0	0.0	0.0	IPR002513;IPR025296
NZ_CP149532.1_72821-83164:._7	NZ_CP149532.1_94	NZ_CP149532.1_72821-83164	5354	5614	1	NZ_CP149532.1_72821-83164:._9	RosmerTA	1530	4	0.4653	0.4	0.4392	IPR006120
NZ_CP149532.1_186931-197352:._3	NZ_CP149532.1_217	NZ_CP149532.1_186931-197352	3699	5000	-1	none	none	0	0	0.0	0.0	0.0	IPR006171;IPR013497;IPR034144
NZ_CP116958.1_1279880-1290481:._5	NZ_CP116958.1_1295	NZ_CP116958.1_1279880-1290481	4292	4984	-1	none	none	0	0	0.0	0.0	0.0	IPR006171;IPR013497;IPR034144
NZ_AP026723.1_7680-17936:._7	NZ_AP026723.1_13	NZ_AP026723.1_7680-17936	5410	5664	-1	none	none	0	0	0.0	0.0	0.0	
NZ_CP079739.1_3180-13787:._13	NZ_CP079739.1_18	NZ_CP079739.1_3180-13787	5636	6073	1	none	none	0	0	0.0	0.0	0.0	
NZ_CP079741.1_8923-19530:._8	NZ_CP079741.1_18	NZ_CP079741.1_8923-19530	5895	6116	-1	NZ_CP079741.1_8923-19530:._11	RosmerTA	2441	2	0.2951	0.2	0.257	IPR010813
NZ_CP163399.1_1195984-1206600:._5	NZ_CP163399.1_1209	NZ_CP163399.1_1195984-1206600	4716	5000	-1	none	none	0	0	0.0	0.0	0.0	
NZ_CP053982.1_21967-32577:._5	NZ_CP053982.1_33	NZ_CP053982.1_21967-32577	4163	4987	-1	none	none	0	0	0.0	0.0	0.0	IPR000305
NZ_CP089160.1_1944-12086:._8	NZ_CP089160.1_10	NZ_CP089160.1_1944-12086	4535	4981	-1	NZ_CP089160.1_1944-12086:._6	RosmerTA	589	2	0.7449	0.2	0.5269	IPR006119;IPR006120
NZ_OZ061338.1_10110-20690:._3	NZ_OZ061338.1_10	NZ_OZ061338.1_10110-20690	2418	2870	1	none	none	0	0	0.0	0.0	0.0	IPR020069;IPR020070
NZ_OU015711.1_41079-51692:._1	NZ_OU015711.1_55	NZ_OU015711.1_41079-51692	3	1004	-1	none	none	0	0	0.0	0.0	0.0	IPR011095;IPR011127
NZ_CP184512.1_3871-14478:._4	NZ_CP184512.1_10	NZ_CP184512.1_3871-14478	4783	5010	-1	NZ_CP184512.1_3871-14478:._3	RosmerTA	361	9	0.8349	0.9	0.8609	
NZ_CM143690.1_14542-25149:._2	NZ_CM143690.1_10	NZ_CM143690.1_14542-25149	417	1505	-1	NZ_CM143690.1_14542-25149:._12	Eleos	7723	0	0.021	0.0	0.0126	IPR000277
NZ_JBUPXY010000003.1_30-10325:._11	NZ_JBUPXY010000003.1_10	NZ_JBUPXY010000003.1_30-10325	8173	8397	1	none	none	0	0	0.0	0.0	0.0	
NZ_JBTNQN010000002.1_74940-85493:._6	NZ_JBTNQN010000002.1_86	NZ_JBTNQN010000002.1_74940-85493	5558	7135	1	none	none	0	0	0.0	0.0	0.0	IPR025296
NZ_CP197062.1_23317-33939:._11	NZ_CP197062.1_39	NZ_CP197062.1_23317-33939	9249	9548	1	none	none	0	0	0.0	0.0	0.0	IPR001357
NZ_CP197063.1_1-5390:._2	NZ_CP197063.1_1	NZ_CP197063.1_1-5390	728	985	1	none	none	0	0	0.0	0.0	0.0	
NZ_CP197063.1_1-5390:._9	NZ_CP197063.1_8	NZ_CP197063.1_1-5390	5070	5390	1	none	none	0	0	0.0	0.0	0.0	IPR032874
NZ_CP197067.1_1-9974:._2	NZ_CP197067.1_1	NZ_CP197067.1_1-9974	1992	3437	1	NZ_CP197067.1_1-9974:._5	AbiE	2454	2	0.2932	0.2	0.2559	
NZ_LR135279.1_26620-37242:._11	NZ_LR135279.1_42	NZ_LR135279.1_26620-37242	8345	9103	-1	none	none	0	0	0.0	0.0	0.0	
NZ_LR135280.1_1-7332:._3	NZ_LR135280.1_4	NZ_LR135280.1_1-7332	2426	2629	-1	none	none	0	0	0.0	0.0	0.0	
NZ_LR135280.1_1-7332:._6	NZ_LR135280.1_5	NZ_LR135280.1_1-7332	3585	3839	1	none	none	0	0	0.0	0.0	0.0	
NZ_LR135281.1_1-8592:._6	NZ_LR135281.1_5	NZ_LR135281.1_1-8592	4722	4967	1	NZ_LR135281.1_1-8592:._1	Anti_CRISPR	3681	1	0.1587	0.1	0.1352	IPR010813
NZ_CP032745.1_5423-14835:._9	NZ_CP032745.1_13	NZ_CP032745.1_5423-14835	7217	7642	1	none	none	0	0	0.0	0.0	0.0	IPR013766
NZ_CP032747.1_16602-27185:._4	NZ_CP032747.1_23	NZ_CP032747.1_16602-27185	1345	2247	-1	none	none	0	0	0.0	0.0	0.0	IPR003740;IPR019264
NZ_CP020829.1_12418-23025:._7	NZ_CP020829.1_19	NZ_CP020829.1_12418-23025	5598	5825	1	NZ_CP020829.1_12418-23025:._8	RosmerTA	361	9	0.8349	0.9	0.8609	
NZ_CP020829.1_28458-39011:._2	NZ_CP020829.1_31	NZ_CP020829.1_28458-39011	2081	4996	-1	none	none	0	0	0.0	0.0	0.0	IPR002513;IPR025296
NZ_JBVUBC010000003.1_22630-33249:._5	NZ_JBVUBC010000003.1_36	NZ_JBVUBC010000003.1_22630-33249	4088	4951	-1	none	none	0	0	0.0	0.0	0.0	IPR003439
NZ_CP183937.1_9395-19948:._2	NZ_CP183937.1_10	NZ_CP183937.1_9395-19948	2081	4996	-1	none	none	0	0	0.0	0.0	0.0	IPR002513;IPR025296
NZ_AP031415.1_75719-86296:._12	NZ_AP031415.1_95	NZ_AP031415.1_75719-86296	5562	6011	1	NZ_AP031415.1_75719-86296:._8	RosmerTA	2457	2	0.2927	0.2	0.2556	IPR025657
NZ_CP142857.1_5399-16006:._8	NZ_CP142857.1_14	NZ_CP142857.1_5399-16006	7541	8023	1	none	none	0	0	0.0	0.0	0.0	
NZ_CP065755.1_50362-60978:._7	NZ_CP065755.1_65	NZ_CP065755.1_50362-60978	6181	7107	-1	none	none	0	0	0.0	0.0	0.0	
NZ_CP065756.1_898-11376:._8	NZ_CP065756.1_8	NZ_CP065756.1_898-11376	5479	7623	1	none	none	0	0	0.0	0.0	0.0	IPR006171;IPR013497;IPR013498;IPR034144
NZ_CP098508.1_24831-35384:._8	NZ_CP098508.1_35	NZ_CP098508.1_24831-35384	5558	8473	1	none	none	0	0	0.0	0.0	0.0	IPR002513;IPR025296
NZ_CP028336.1_8158-18789:._7	NZ_CP028336.1_16	NZ_CP028336.1_8158-18789	4873	5112	1	none	none	0	0	0.0	0.0	0.0	
NZ_CP028337.1_10631-21184:._5	NZ_CP028337.1_13	NZ_CP028337.1_10631-21184	3246	4148	1	none	none	0	0	0.0	0.0	0.0	IPR003740;IPR019264
NZ_CP028337.1_17642-28228:._4	NZ_CP028337.1_22	NZ_CP028337.1_17642-28228	2320	2826	-1	none	none	0	0	0.0	0.0	0.0	
NZ_CP169703.1_76458-87056:._10	NZ_CP169703.1_81	NZ_CP169703.1_76458-87056	6836	6940	1	none	none	0	0	0.0	0.0	0.0	
NZ_CP169704.1_65763-76316:._3	NZ_CP169704.1_71	NZ_CP169704.1_65763-76316	2081	4996	-1	none	none	0	0	0.0	0.0	0.0	IPR002513;IPR025296
NZ_CP066444.1_105243-115586:._7	NZ_CP066444.1_116	NZ_CP066444.1_105243-115586	5354	5614	1	NZ_CP066444.1_105243-115586:._9	RosmerTA	1530	2	0.4653	0.2	0.3592	IPR006120
NZ_CP186551.1_277102-287751:._11	NZ_CP186551.1_274	NZ_CP186551.1_277102-287751	5656	5940	1	none	none	0	0	0.0	0.0	0.0	IPR001357
NZ_CP119590.1_9339-19721:._10	NZ_CP119590.1_15	NZ_CP119590.1_9339-19721	9294	9725	1	none	none	0	0	0.0	0.0	0.0	IPR005602
NZ_LR135244.1_13378-23976:._13	NZ_LR135244.1_22	NZ_LR135244.1_13378-23976	5538	5741	1	NZ_LR135244.1_13378-23976:._10	MazEF	1384	3	0.5006	0.3	0.4203	
NZ_LR135244.1_13378-23976:._16	NZ_LR135244.1_25	NZ_LR135244.1_13378-23976	7333	7569	1	NZ_LR135244.1_13378-23976:._17	AbiH	133	3	0.9357	0.3	0.6814	
NZ_LR135246.1_17430-28052:._3	NZ_LR135246.1_22	NZ_LR135246.1_17430-28052	1565	2626	1	NZ_LR135246.1_17430-28052:._15	AbiE	4994	0	0.0823	0.0	0.0494	
NZ_LR135246.1_17430-28052:._4	NZ_LR135246.1_25	NZ_LR135246.1_17430-28052	2811	3242	-1	NZ_LR135246.1_17430-28052:._15	AbiE	4378	0	0.112	0.0	0.0672	IPR031807
NZ_LR135246.1_17430-28052:._8	NZ_LR135246.1_28	NZ_LR135246.1_17430-28052	4114	4821	-1	NZ_LR135246.1_17430-28052:._15	AbiE	2799	1	0.2467	0.1	0.188	
NZ_CP129529.1_238203-248786:._6	NZ_CP129529.1_249	NZ_CP129529.1_238203-248786	5633	5872	1	NZ_CP129529.1_238203-248786:._2	Dodola	2006	2	0.3668	0.2	0.3001	IPR003439
NZ_CP036085.1_3594137-3604594:._7	NZ_CP036085.1_3568	NZ_CP036085.1_3594137-3604594	5443	5571	1	none	none	0	0	0.0	0.0	0.0	
NZ_CP159490.1_60410-70993:._7	NZ_CP159490.1_78	NZ_CP159490.1_60410-70993	5633	6496	1	none	none	0	0	0.0	0.0	0.0	IPR003439
NZ_CP159491.1_31605-42215:._4	NZ_CP159491.1_37	NZ_CP159491.1_31605-42215	5605	6486	1	NZ_CP159491.1_31605-42215:._2	Lamassu-Fam	822	7	0.663	0.7	0.6778	IPR000281;IPR001347;IPR035472
NZ_CP186342.1_76168-86721:._5	NZ_CP186342.1_84	NZ_CP186342.1_76168-86721	5558	8473	1	none	none	0	0	0.0	0.0	0.0	IPR002513;IPR025296
NZ_CP116529.1_108641-119257:._3	NZ_CP116529.1_118	NZ_CP116529.1_108641-119257	4638	5000	-1	none	none	0	0	0.0	0.0	0.0	IPR006171;IPR034144
NZ_CP025428.1_434887-445536:._5	NZ_CP025428.1_434	NZ_CP025428.1_434887-445536	5656	5940	1	none	none	0	0	0.0	0.0	0.0	IPR001357
NZ_CP012430.1_38828-49171:._7	NZ_CP012430.1_55	NZ_CP012430.1_38828-49171	5354	5614	1	NZ_CP012430.1_38828-49171:._9	RosmerTA	1530	4	0.4653	0.4	0.4392	IPR006120
NZ_CP023307.1_41671-52290:._13	NZ_CP023307.1_50	NZ_CP023307.1_41671-52290	9808	10620	1	NZ_CP023307.1_41671-52290:._13	CBASS	0	3	1.0	0.3	0.72	
NZ_CP014251.1_5792-16405:._8	NZ_CP014251.1_13	NZ_CP014251.1_5792-16405	6049	8964	-1	NZ_CP014251.1_5792-16405:._6	VP1851	1194	1	0.5505	0.1	0.3703	IPR002513;IPR025296
NZ_CP137474.1_32099-42715:._6	NZ_CP137474.1_46	NZ_CP137474.1_32099-42715	4392	5453	1	none	none	0	0	0.0	0.0	0.0	IPR001347;IPR035488
NZ_CP183466.1_12615-23348:._6	NZ_CP183466.1_19	NZ_CP183466.1_12615-23348	5755	5862	1	none	none	0	0	0.0	0.0	0.0	
NZ_CP158700.1_62490-73127:._5	NZ_CP158700.1_75	NZ_CP158700.1_62490-73127	1506	1949	-1	none	none	0	0	0.0	0.0	0.0	
NZ_CP158693.1_51978-62522:._4	NZ_CP158693.1_75	NZ_CP158693.1_51978-62522	2009	4957	-1	none	none	0	0	0.0	0.0	0.0	IPR002513;IPR025296
NZ_CP158692.1_5174-14628:._3	NZ_CP158692.1_8	NZ_CP158692.1_5174-14628	1464	4412	-1	none	none	0	0	0.0	0.0	0.0	IPR002513;IPR025296
NZ_CP065660.1_4095-14573:._13	NZ_CP065660.1_18	NZ_CP065660.1_4095-14573	9727	10479	1	none	none	0	0	0.0	0.0	0.0	IPR001584
NZ_CP110070.1_19244-29887:._6	NZ_CP110070.1_29	NZ_CP110070.1_19244-29887	5666	5872	1	none	none	0	0	0.0	0.0	0.0	
NZ_AP031441.1_6562651-6573282:._5	NZ_AP031441.1_5691	NZ_AP031441.1_6562651-6573282	4751	4975	-1	NZ_AP031441.1_6562651-6573282:._9	RosmerTA	1912	1	0.3844	0.1	0.2707	IPR035255
NZ_CP128169.1_580316-590761:._5	NZ_CP128169.1_554	NZ_CP128169.1_580316-590761	4286	4912	-1	none	none	0	0	0.0	0.0	0.0	IPR025246
NZ_CM148705.1_162629-172969:._7	NZ_CM148705.1_160	NZ_CM148705.1_162629-172969	5379	6053	1	none	none	0	0	0.0	0.0	0.0	IPR032874
NZ_CP030278.1_107979-118544:._8	NZ_CP030278.1_110	NZ_CP030278.1_107979-118544	5617	6129	1	none	none	0	0	0.0	0.0	0.0	
NZ_CP187851.1_3119-13729:._7	NZ_CP187851.1_9	NZ_CP187851.1_3119-13729	6996	9074	1	NZ_CP187851.1_3119-13729:._1	Retron	5899	0	0.0524	0.0	0.0314	IPR001667;IPR003156;IPR049553
NZ_CP030020.1_1297932-1309208:._4	NZ_CP030020.1_1253	NZ_CP030020.1_1297932-1309208	4116	4913	-1	none	none	0	0	0.0	0.0	0.0	IPR025669
NZ_CP082964.1_96530-107131:._7	NZ_CP082964.1_111	NZ_CP082964.1_96530-107131	5668	5967	1	none	none	0	0	0.0	0.0	0.0	
NZ_CP068408.1_614607-625190:._7	NZ_CP068408.1_598	NZ_CP068408.1_614607-625190	5671	6834	1	NZ_CP068408.1_614607-625190:._1	PrrC	4646	0	0.098	0.0	0.0588	IPR026870;IPR026898
NZ_CP068414.1_1-6856:._4	NZ_CP068414.1_5	NZ_CP068414.1_1-6856	916	1200	-1	none	none	0	0	0.0	0.0	0.0	IPR001357
NZ_CP130517.1_2688752-2699383:._5	NZ_CP130517.1_2497	NZ_CP130517.1_2688752-2699383	4625	4939	-1	none	none	0	0	0.0	0.0	0.0	IPR001845;IPR011991
NZ_CP130517.1_2717972-2728600:._5	NZ_CP130517.1_2529	NZ_CP130517.1_2717972-2728600	4478	4978	-1	none	none	0	0	0.0	0.0	0.0	
NZ_CP009054.1_696774-707327:._6	NZ_CP009054.1_694	NZ_CP009054.1_696774-707327	5589	7301	1	none	none	0	0	0.0	0.0	0.0	
NZ_CP177124.1_70952-81505:._3	NZ_CP177124.1_74	NZ_CP177124.1_70952-81505	2081	4996	-1	none	none	0	0	0.0	0.0	0.0	IPR002513;IPR025296
NZ_CP066670.1_19349-29941:._1	NZ_CP066670.1_27	NZ_CP066670.1_19349-29941	2	1870	-1	none	none	0	0	0.0	0.0	0.0	IPR006171;IPR013497;IPR034144
NZ_CP189634.1_211408-222024:._3	NZ_CP189634.1_242	NZ_CP189634.1_211408-222024	4638	5000	-1	NZ_CP189634.1_211408-222024:._9	Retron	3697	1	0.1575	0.1	0.1345	IPR006171;IPR034144
NZ_CP169563.1_382721-393322:._9	NZ_CP169563.1_352	NZ_CP169563.1_382721-393322	5618	6310	1	NZ_CP169563.1_382721-393322:._3	RosmerTA	3554	1	0.1691	0.1	0.1415	IPR006171;IPR013497;IPR034144
NZ_CP150218.1_4785383-4795990:._10	NZ_CP150218.1_4308	NZ_CP150218.1_4785383-4795990	5682	6353	1	NZ_CP150218.1_4785383-4795990:._10	RM	0	1	1.0	0.1	0.64	IPR002941
NZ_CP116963.1_3083-13699:._5	NZ_CP116963.1_9	NZ_CP116963.1_3083-13699	3025	4710	-1	none	none	0	0	0.0	0.0	0.0	IPR005094;IPR021112;IPR048299
NZ_CP120968.1_25385-36016:._7	NZ_CP120968.1_36	NZ_CP120968.1_25385-36016	4011	4913	-1	none	none	0	0	0.0	0.0	0.0	IPR003740;IPR019264
NZ_CP072775.1_28119-38729:._6	NZ_CP072775.1_43	NZ_CP072775.1_28119-38729	3925	4269	1	NZ_CP072775.1_28119-38729:._6	RM	0	2	1.0	0.2	0.68	IPR001525
NZ_CP072776.1_18898-29547:._20	NZ_CP072776.1_34	NZ_CP072776.1_18898-29547	8951	9199	1	NZ_CP072776.1_18898-29547:._23	RM	1094	1	0.5787	0.1	0.3872	IPR002109
NZ_CP158592.1_103348-113952:._6	NZ_CP158592.1_128	NZ_CP158592.1_103348-113952	4749	4952	-1	none	none	0	0	0.0	0.0	0.0	
NZ_CP168838.1_50485-61038:._6	NZ_CP168838.1_60	NZ_CP168838.1_50485-61038	5558	8473	1	none	none	0	0	0.0	0.0	0.0	IPR002513;IPR025296
NZ_CP065633.1_7119-17852:._9	NZ_CP065633.1_16	NZ_CP065633.1_7119-17852	4872	4979	-1	NZ_CP065633.1_7119-17852:._12	Thoeris	1340	7	0.5117	0.7	0.587	
NZ_CP017407.1_17002-27627:._6	NZ_CP017407.1_23	NZ_CP017407.1_17002-27627	4454	4753	1	none	none	0	0	0.0	0.0	0.0	
NZ_CP017407.1_17002-27627:._8	NZ_CP017407.1_25	NZ_CP017407.1_17002-27627	5377	6138	1	none	none	0	0	0.0	0.0	0.0	IPR001584;IPR025948
NZ_CP017409.1_16477-27063:._9	NZ_CP017409.1_25	NZ_CP017409.1_16477-27063	4020	4376	-1	none	none	0	0	0.0	0.0	0.0	
NZ_CP017410.1_23586-34166:._6	NZ_CP017410.1_32	NZ_CP017410.1_23586-34166	3545	3823	-1	NZ_CP017410.1_23586-34166:._3	Anti_CRISPR	1033	1	0.5966	0.1	0.398	
NZ_CP020485.1_15189-25853:._10	NZ_CP020485.1_25	NZ_CP020485.1_15189-25853	8493	8642	1	none	none	0	0	0.0	0.0	0.0	
NZ_CP196600.1_12115-22668:._7	NZ_CP196600.1_21	NZ_CP196600.1_12115-22668	5558	8473	1	none	none	0	0	0.0	0.0	0.0	IPR002513;IPR025296
NZ_CP020741.1_2679376-2689977:._8	NZ_CP020741.1_2496	NZ_CP020741.1_2679376-2689977	4292	4984	-1	none	none	0	0	0.0	0.0	0.0	IPR006171;IPR013497;IPR034144
NZ_CP022601.1_1338907-1349523:._4	NZ_CP022601.1_1389	NZ_CP022601.1_1338907-1349523	2856	5000	-1	none	none	0	0	0.0	0.0	0.0	IPR006171;IPR013497;IPR013498;IPR034144
NZ_CP187901.1_2653589-2663773:._6	NZ_CP187901.1_2554	NZ_CP187901.1_2653589-2663773	4578	5000	-1	NZ_CP187901.1_2653589-2663773:._5	RM	94	3	0.9541	0.3	0.6925	IPR006119
NZ_CP101831.1_614607-625190:._7	NZ_CP101831.1_598	NZ_CP101831.1_614607-625190	5671	6834	1	NZ_CP101831.1_614607-625190:._1	PrrC	4646	0	0.098	0.0	0.0588	IPR026870;IPR026898
NZ_CP101832.1_24134-34783:._7	NZ_CP101832.1_35	NZ_CP101832.1_24134-34783	5656	5940	1	none	none	0	0	0.0	0.0	0.0	IPR001357
NZ_CP168856.1_65746-76299:._3	NZ_CP168856.1_71	NZ_CP168856.1_65746-76299	2081	4996	-1	none	none	0	0	0.0	0.0	0.0	IPR002513;IPR025296
NC_022737.1_1503315-1513418:._8	NC_022737.1_1462	NC_022737.1_1503315-1513418	5162	5557	1	none	none	0	0	0.0	0.0	0.0	IPR006119
NZ_CP133584.1_781548-791738:._5	NZ_CP133584.1_794	NZ_CP133584.1_781548-791738	4587	5015	-1	NZ_CP133584.1_781548-791738:._9	RosmerTA	2645	1	0.2665	0.1	0.1999	IPR006119
NZ_OX346405.1_56787-67403:._9	NZ_OX346405.1_61	NZ_OX346405.1_56787-67403	5626	6081	1	NZ_OX346405.1_56787-67403:._5	RM	2119	1	0.3466	0.1	0.248	
NZ_CP072890.1_14328-24929:._9	NZ_CP072890.1_19	NZ_CP072890.1_14328-24929	5618	6310	1	none	none	0	0	0.0	0.0	0.0	IPR006171;IPR013497;IPR034144
NZ_CP155804.1_2621122-2631273:._7	NZ_CP155804.1_2765	NZ_CP155804.1_2621122-2631273	4589	4996	-1	none	none	0	0	0.0	0.0	0.0	IPR006119
NZ_LS483339.1_513613-524196:._8	NZ_LS483339.1_536	NZ_LS483339.1_513613-524196	5677	5841	1	none	none	0	0	0.0	0.0	0.0	
NZ_LS483339.1_1836162-1846745:._7	NZ_LS483339.1_2024	NZ_LS483339.1_1836162-1846745	4116	4913	-1	none	none	0	0	0.0	0.0	0.0	IPR025669
NZ_JBTHGW010000002.1_1-10475:._6	NZ_JBTHGW010000002.1_7	NZ_JBTHGW010000002.1_1-10475	3854	4756	-1	none	none	0	0	0.0	0.0	0.0	IPR003740;IPR019264
NZ_JBTHGW010000002.1_15798-26408:._6	NZ_JBTHGW010000002.1_24	NZ_JBTHGW010000002.1_15798-26408	5711	7747	1	NZ_JBTHGW010000002.1_15798-26408:._8	PrrC	1327	2	0.515	0.2	0.389	IPR003855
NZ_JBTHGW010000002.1_32706-42893:._4	NZ_JBTHGW010000002.1_40	NZ_JBTHGW010000002.1_32706-42893	4723	5013	-1	none	none	0	0	0.0	0.0	0.0	IPR006119
NZ_CP051149.1_1988630-1999246:._5	NZ_CP051149.1_1944	NZ_CP051149.1_1988630-1999246	4716	5000	-1	none	none	0	0	0.0	0.0	0.0	
NZ_CP065485.1_239999-250582:._7	NZ_CP065485.1_250	NZ_CP065485.1_239999-250582	5535	5708	1	none	none	0	0	0.0	0.0	0.0	
NZ_CP065485.1_1049654-1060237:._10	NZ_CP065485.1_1126	NZ_CP065485.1_1049654-1060237	4876	5049	-1	none	none	0	0	0.0	0.0	0.0	
NZ_JBSIPV010000002.1_1-8468:._6	NZ_JBSIPV010000002.1_7	NZ_JBSIPV010000002.1_1-8468	2528	2812	-1	none	none	0	0	0.0	0.0	0.0	IPR001357
NZ_CP023671.1_3301545-3312158:._11	NZ_CP023671.1_3056	NZ_CP023671.1_3301545-3312158	5645	6367	1	none	none	0	0	0.0	0.0	0.0	IPR018925
NZ_CP012381.1_1777139-1787500:._10	NZ_CP012381.1_1862	NZ_CP012381.1_1777139-1787500	6773	7489	-1	none	none	0	0	0.0	0.0	0.0	IPR006528
NZ_CP012381.1_1777139-1787500:._11	NZ_CP012381.1_1863	NZ_CP012381.1_1777139-1787500	7571	8020	-1	none	none	0	0	0.0	0.0	0.0	IPR006119
NZ_CP066570.1_28515-39128:._10	NZ_CP066570.1_40	NZ_CP066570.1_28515-39128	6776	7183	-1	NZ_CP066570.1_28515-39128:._9	Anti_CRISPR	320	1	0.8521	0.1	0.5513	
NZ_CP169702.1_22838-33391:._3	NZ_CP169702.1_30	NZ_CP169702.1_22838-33391	2081	4996	-1	NZ_CP169702.1_22838-33391:._7	MazEF	3525	0	0.1716	0.0	0.103	IPR002513;IPR025296
NZ_CP169702.1_36222-46829:._8	NZ_CP169702.1_49	NZ_CP169702.1_36222-46829	5598	5825	1	NZ_CP169702.1_36222-46829:._9	RosmerTA	361	2	0.8349	0.2	0.5809	
NZ_AP044061.1_26891-37498:._9	NZ_AP044061.1_47	NZ_AP044061.1_26891-37498	4827	4985	-1	NZ_AP044061.1_26891-37498:._1	RosmerTA	4399	1	0.1109	0.1	0.1065	
NZ_CP090053.1_25333-35886:._6	NZ_CP090053.1_29	NZ_CP090053.1_25333-35886	5558	8473	1	NZ_CP090053.1_25333-35886:._7	AbiV	198	1	0.9057	0.1	0.5834	IPR002513;IPR025296
NZ_CP076002.1_29631-40364:._11	NZ_CP076002.1_41	NZ_CP076002.1_29631-40364	4872	4979	-1	NZ_CP076002.1_29631-40364:._13	6A_MBL	1297	2	0.5228	0.2	0.3937	
NZ_CP076003.1_1350-11909:._4	NZ_CP076003.1_11	NZ_CP076003.1_1350-11909	4223	4951	-1	none	none	0	0	0.0	0.0	0.0	IPR018925
NZ_CP183935.1_38351-48904:._8	NZ_CP183935.1_48	NZ_CP183935.1_38351-48904	5558	8473	1	none	none	0	0	0.0	0.0	0.0	IPR002513;IPR025296
NZ_CP119685.1_828385-839001:._6	NZ_CP119685.1_787	NZ_CP119685.1_828385-839001	5617	5901	1	none	none	0	0	0.0	0.0	0.0	
NZ_CP148734.1_16841-27574:._11	NZ_CP148734.1_28	NZ_CP148734.1_16841-27574	4872	4979	-1	NZ_CP148734.1_16841-27574:._13	6A_MBL	1297	2	0.5228	0.2	0.3937	
NZ_CP146482.1_7275-17873:._5	NZ_CP146482.1_15	NZ_CP146482.1_7275-17873	4625	4939	-1	none	none	0	0	0.0	0.0	0.0	IPR001845;IPR011991
NZ_CP132366.1_1-8521:._6	NZ_CP132366.1_5	NZ_CP132366.1_1-8521	3512	3739	1	none	none	0	0	0.0	0.0	0.0	
NZ_CP130518.1_2664533-2675134:._8	NZ_CP130518.1_2483	NZ_CP130518.1_2664533-2675134	4292	4984	-1	NZ_CP130518.1_2664533-2675134:._14	Lamassu-Fam	3308	7	0.1913	0.7	0.3948	IPR006171;IPR013497;IPR034144
NZ_CP150650.1_165292-175851:._3	NZ_CP150650.1_160	NZ_CP150650.1_165292-175851	2470	3447	-1	none	none	0	0	0.0	0.0	0.0	IPR025672;IPR029101
NZ_CP118033.1_10368-20969:._4	NZ_CP118033.1_20	NZ_CP118033.1_10368-20969	2662	4689	-1	none	none	0	0	0.0	0.0	0.0	
NZ_CP045695.1_364942-375192:._10	NZ_CP045695.1_335	NZ_CP045695.1_364942-375192	5340	6911	1	none	none	0	0	0.0	0.0	0.0	
NZ_CP045695.1_507598-518256:._9	NZ_CP045695.1_476	NZ_CP045695.1_507598-518256	5709	5930	1	none	none	0	0	0.0	0.0	0.0	IPR035255
NZ_CP168900.1_833220-843416:._6	NZ_CP168900.1_847	NZ_CP168900.1_833220-843416	4640	4966	-1	none	none	0	0	0.0	0.0	0.0	IPR006119
NZ_CP134468.1_12213-22820:._6	NZ_CP134468.1_20	NZ_CP134468.1_12213-22820	3039	3713	-1	none	none	0	0	0.0	0.0	0.0	IPR032874
NZ_CP134468.1_12213-22820:._12	NZ_CP134468.1_24	NZ_CP134468.1_12213-22820	8463	8588	1	none	none	0	0	0.0	0.0	0.0	IPR000802
NZ_CP114063.1_114521-125122:._9	NZ_CP114063.1_129	NZ_CP114063.1_114521-125122	5671	6531	1	none	none	0	0	0.0	0.0	0.0	IPR003313;IPR018060
NZ_CP042154.1_1-6782:._4	NZ_CP042154.1_3	NZ_CP042154.1_1-6782	1795	2043	1	none	none	0	0	0.0	0.0	0.0	IPR001387
NZ_CP091007.1_37196-47743:._8	NZ_CP091007.1_60	NZ_CP091007.1_37196-47743	4680	4925	-1	none	none	0	0	0.0	0.0	0.0	
NZ_CP127094.1_2026887-2037503:._5	NZ_CP127094.1_1992	NZ_CP127094.1_2026887-2037503	4716	5000	-1	none	none	0	0	0.0	0.0	0.0	
NZ_CP017956.1_24872-35503:._3	NZ_CP017956.1_33	NZ_CP017956.1_24872-35503	2366	3154	1	NZ_CP017956.1_24872-35503:._11	PrrC	5375	0	0.0681	0.0	0.0408	IPR005754;IPR042007
NZ_CP017958.1_4285-14868:._6	NZ_CP017958.1_11	NZ_CP017958.1_4285-14868	4249	4716	1	none	none	0	0	0.0	0.0	0.0	IPR013497
NZ_CP091303.1_13647-24269:._8	NZ_CP091303.1_26	NZ_CP091303.1_13647-24269	5719	6399	1	none	none	0	0	0.0	0.0	0.0	IPR032874
NC_022884.1_1-7619:._4	NC_022884.1_3	NC_022884.1_1-7619	4553	5107	1	none	none	0	0	0.0	0.0	0.0	
NC_022880.1_13750-24258:._5	NC_022880.1_17	NC_022880.1_13750-24258	5295	5486	1	NC_022880.1_13750-24258:._2	AbiH	1657	2	0.4367	0.2	0.342	
NZ_CP114453.1_100033-110661:._8	NZ_CP114453.1_104	NZ_CP114453.1_100033-110661	5622	5786	1	NZ_CP114453.1_100033-110661:._11	MazEF	895	3	0.6392	0.3	0.5035	
NZ_CP064553.1_4292-14896:._5	NZ_CP064553.1_10	NZ_CP064553.1_4292-14896	4433	7066	-1	NZ_CP064553.1_4292-14896:._5	RM	0	1	1.0	0.1	0.64	IPR046816;IPR046817;IPR046818;IPR046819;IPR046820
NZ_CP080250.1_820-11373:._9	NZ_CP080250.1_9	NZ_CP080250.1_820-11373	5567	5815	1	none	none	0	0	0.0	0.0	0.0	IPR001387
NZ_CP072181.1_603941-614590:._8	NZ_CP072181.1_590	NZ_CP072181.1_603941-614590	4710	4994	-1	none	none	0	0	0.0	0.0	0.0	IPR001357
NZ_CP064503.1_1-10192:._5	NZ_CP064503.1_4	NZ_CP064503.1_1-10192	5210	5611	1	none	none	0	0	0.0	0.0	0.0	
NZ_CP046661.1_15484-26115:._5	NZ_CP046661.1_21	NZ_CP046661.1_15484-26115	1749	2363	-1	NZ_CP046661.1_15484-26115:._12	Anti_CRISPR	4305	0	0.1162	0.0	0.0697	
NZ_CP046662.1_10986-21539:._1	NZ_CP046662.1_14	NZ_CP046662.1_10986-21539	1	291	-1	NZ_CP046662.1_10986-21539:._16	Dodola	8769	0	0.0125	0.0	0.0075	IPR025948
NZ_CP131835.1_13958-24571:._7	NZ_CP131835.1_20	NZ_CP131835.1_13958-24571	2544	2723	1	none	none	0	0	0.0	0.0	0.0	
NZ_CP090084.1_52506-63056:._6	NZ_CP090084.1_68	NZ_CP090084.1_52506-63056	5564	8545	1	NZ_CP090084.1_52506-63056:._3	RM	1777	1	0.4113	0.1	0.2868	IPR002513;IPR025296
NZ_CP071894.1_8678-19261:._4	NZ_CP071894.1_17	NZ_CP071894.1_8678-19261	2173	3099	1	none	none	0	0	0.0	0.0	0.0	IPR008160
NZ_CP071895.1_6708-17291:._11	NZ_CP071895.1_18	NZ_CP071895.1_6708-17291	6599	7234	1	NZ_CP071895.1_6708-17291:._11	TIR-IV	0	11	1.0	1.0	1.0	IPR015032
NZ_JBQWRM010000002.1_43310-53959:._9	NZ_JBQWRM010000002.1_67	NZ_JBQWRM010000002.1_43310-53959	5656	5940	1	none	none	0	0	0.0	0.0	0.0	IPR001357
NZ_CP135981.1_5178-15758:._5	NZ_CP135981.1_11	NZ_CP135981.1_5178-15758	4048	5562	1	none	none	0	0	0.0	0.0	0.0	IPR013497;IPR025589
NZ_DBJORJ010000002.1_9647-20254:._7	NZ_DBJORJ010000002.1_14	NZ_DBJORJ010000002.1_9647-20254	5598	5825	1	NZ_DBJORJ010000002.1_9647-20254:._8	RosmerTA	361	9	0.8349	0.9	0.8609	
NZ_CP077103.1_26168-36721:._4	NZ_CP077103.1_30	NZ_CP077103.1_26168-36721	6719	8755	-1	none	none	0	0	0.0	0.0	0.0	IPR003855
NZ_CP053672.2_5951-16537:._12	NZ_CP053672.2_17	NZ_CP053672.2_5951-16537	8606	9472	1	none	none	0	0	0.0	0.0	0.0	
NZ_CP075931.1_14277-25016:._5	NZ_CP075931.1_18	NZ_CP075931.1_14277-25016	1443	1790	-1	NZ_CP075931.1_14277-25016:._10	Anti_Thoeris	2188	1	0.3349	0.1	0.2409	IPR013514
NZ_CP094952.1_434171-444820:._5	NZ_CP094952.1_432	NZ_CP094952.1_434171-444820	5656	5940	1	none	none	0	0	0.0	0.0	0.0	IPR001357
NZ_CP176181.1_28539-39122:._11	NZ_CP176181.1_38	NZ_CP176181.1_28539-39122	9746	10291	1	none	none	0	0	0.0	0.0	0.0	IPR005019
NZ_CP128481.1_1-5555:._2	NZ_CP128481.1_1	NZ_CP128481.1_1-5555	272	676	1	none	none	0	0	0.0	0.0	0.0	
NZ_CP128482.1_20081-30667:._6	NZ_CP128482.1_27	NZ_CP128482.1_20081-30667	4440	4943	1	none	none	0	0	0.0	0.0	0.0	IPR003331
NZ_CP128483.1_1-5612:._2	NZ_CP128483.1_1	NZ_CP128483.1_1-5612	964	1275	1	none	none	0	0	0.0	0.0	0.0	
NZ_CP065803.1_5236-14612:._7	NZ_CP065803.1_10	NZ_CP065803.1_5236-14612	4796	6901	1	NZ_CP065803.1_5236-14612:._5	Dodola	474	1	0.789	0.1	0.5134	
NZ_CP065803.1_34630-45210:._11	NZ_CP065803.1_42	NZ_CP065803.1_34630-45210	8292	8741	1	NZ_CP065803.1_34630-45210:._9	PD-T7-2	880	2	0.644	0.2	0.4664	IPR000825
NZ_CP065804.1_1-6894:._3	NZ_CP065804.1_2	NZ_CP065804.1_1-6894	887	1687	1	none	none	0	0	0.0	0.0	0.0	
NZ_CP065804.1_42361-52878:._4	NZ_CP065804.1_48	NZ_CP065804.1_42361-52878	4695	5099	-1	NZ_CP065804.1_42361-52878:._8	Anti_CRISPR	2302	1	0.3163	0.1	0.2298	
NZ_CM143652.1_775095-785546:._5	NZ_CM143652.1_749	NZ_CM143652.1_775095-785546	5525	6055	1	none	none	0	0	0.0	0.0	0.0	
NZ_CP077755.1_1849750-1860381:._5	NZ_CP077755.1_1711	NZ_CP077755.1_1849750-1860381	4625	4939	-1	none	none	0	0	0.0	0.0	0.0	IPR001845;IPR011991
NZ_CP077755.1_1880692-1891320:._5	NZ_CP077755.1_1745	NZ_CP077755.1_1880692-1891320	4478	4978	-1	none	none	0	0	0.0	0.0	0.0	
NZ_CP101395.1_41196-51839:._8	NZ_CP101395.1_47	NZ_CP101395.1_41196-51839	5220	5426	1	none	none	0	0	0.0	0.0	0.0	
NZ_CP129394.1_45074-55687:._12	NZ_CP129394.1_55	NZ_CP129394.1_45074-55687	4626	4976	1	NZ_CP129394.1_45074-55687:._12	MazEF	0	2	1.0	0.2	0.68	IPR003477
NZ_CP129394.1_209851-220194:._7	NZ_CP129394.1_248	NZ_CP129394.1_209851-220194	5354	5614	1	NZ_CP129394.1_209851-220194:._9	RosmerTA	1530	2	0.4653	0.2	0.3592	IPR006120
NZ_CP025287.1_107977-118542:._8	NZ_CP025287.1_111	NZ_CP025287.1_107977-118542	5617	6129	1	none	none	0	0	0.0	0.0	0.0	
NZ_CP151147.1_1-5713:._5	NZ_CP151147.1_4	NZ_CP151147.1_1-5713	4255	4668	1	none	none	0	0	0.0	0.0	0.0	
NZ_CP118436.1_7352-17953:._11	NZ_CP118436.1_17	NZ_CP118436.1_7352-17953	9549	10124	1	none	none	0	0	0.0	0.0	0.0	IPR002781
NZ_CP025206.1_20412-30992:._7	NZ_CP025206.1_25	NZ_CP025206.1_20412-30992	4225	4932	1	NZ_CP025206.1_20412-30992:._9	Lamassu-Fam	543	8	0.7622	0.8	0.7773	IPR019554
NZ_CP025208.1_15875-26461:._10	NZ_CP025208.1_25	NZ_CP025208.1_15875-26461	10210	10587	1	NZ_CP025208.1_15875-26461:._7	RM	1954	1	0.3764	0.1	0.2659	
NZ_CP197051.1_191701-202044:._6	NZ_CP197051.1_221	NZ_CP197051.1_191701-202044	4730	4990	-1	NZ_CP197051.1_191701-202044:._4	RosmerTA	1530	4	0.4653	0.4	0.4392	IPR006120
NZ_CP090826.2_36434-47014:._9	NZ_CP090826.2_49	NZ_CP090826.2_36434-47014	6151	6312	-1	none	none	0	0	0.0	0.0	0.0	
NZ_CP090825.2_5399-15997:._8	NZ_CP090825.2_13	NZ_CP090825.2_5399-15997	5418	6182	1	none	none	0	0	0.0	0.0	0.0	
NZ_CP157284.1_839875-850497:._7	NZ_CP157284.1_721	NZ_CP157284.1_839875-850497	5710	6549	1	NZ_CP157284.1_839875-850497:._8	RM	0	1	1.0	0.1	0.64	
NZ_LR135395.1_40323-50924:._10	NZ_LR135395.1_50	NZ_LR135395.1_40323-50924	4405	4605	1	NZ_LR135395.1_40323-50924:._12	MazEF	520	3	0.7711	0.3	0.5826	
NZ_LR135396.1_41079-51692:._6	NZ_LR135396.1_50	NZ_LR135396.1_41079-51692	3536	4228	-1	none	none	0	0	0.0	0.0	0.0	IPR006171;IPR013497;IPR034144
NZ_CP113049.1_2095234-2105850:._11	NZ_CP113049.1_1988	NZ_CP113049.1_2095234-2105850	5617	5979	1	none	none	0	0	0.0	0.0	0.0	IPR006171;IPR034144
NZ_CP115047.1_1210-11817:._9	NZ_CP115047.1_12	NZ_CP115047.1_1210-11817	4827	4985	-1	NZ_CP115047.1_1210-11817:._1	RosmerTA	4400	1	0.1108	0.1	0.1065	
NZ_CM143394.1_2321929-2332512:._10	NZ_CM143394.1_2330	NZ_CM143394.1_2321929-2332512	5646	6017	1	none	none	0	0	0.0	0.0	0.0	
NZ_JBHHFZ020000002.1_203413-214278:._9	NZ_JBHHFZ020000002.1_190	NZ_JBHHFZ020000002.1_203413-214278	5941	6807	1	none	none	0	0	0.0	0.0	0.0	
NZ_CM128579.1_614607-625190:._7	NZ_CM128579.1_598	NZ_CM128579.1_614607-625190	5671	6834	1	NZ_CM128579.1_614607-625190:._1	PrrC	4646	0	0.098	0.0	0.0588	IPR026870;IPR026898
NZ_JBREJF010000002.1_9168-19817:._9	NZ_JBREJF010000002.1_18	NZ_JBREJF010000002.1_9168-19817	4710	4994	-1	none	none	0	0	0.0	0.0	0.0	IPR001357
NZ_LT960790.1_210196-220815:._6	NZ_LT960790.1_219	NZ_LT960790.1_210196-220815	5669	6049	1	NZ_LT960790.1_210196-220815:._2	Dodola	2007	1	0.3666	0.1	0.26	IPR003439
NZ_CP176477.1_43603-54252:._7	NZ_CP176477.1_58	NZ_CP176477.1_43603-54252	4710	4994	-1	none	none	0	0	0.0	0.0	0.0	IPR001357
NZ_CP168819.1_65763-76316:._3	NZ_CP168819.1_71	NZ_CP168819.1_65763-76316	2081	4996	-1	none	none	0	0	0.0	0.0	0.0	IPR002513;IPR025296
NZ_CP040704.1_61437-72050:._10	NZ_CP040704.1_81	NZ_CP040704.1_61437-72050	8615	8905	1	NZ_CP040704.1_61437-72050:._6	Anti_CRISPR	2135	1	0.3439	0.1	0.2463	
NZ_CP085391.1_337829-348385:._10	NZ_CP085391.1_353	NZ_CP085391.1_337829-348385	5554	8538	1	none	none	0	0	0.0	0.0	0.0	IPR002513;IPR025296
NZ_CP163405.1_2548748-2559364:._6	NZ_CP163405.1_2504	NZ_CP163405.1_2548748-2559364	5617	5901	1	none	none	0	0	0.0	0.0	0.0	
NZ_CP013114.1_426746-437350:._8	NZ_CP013114.1_390	NZ_CP013114.1_426746-437350	5697	6011	1	none	none	0	0	0.0	0.0	0.0	IPR001845;IPR011991
NZ_CP025688.1_1493724-1504292:._7	NZ_CP025688.1_1415	NZ_CP025688.1_1493724-1504292	5601	5783	1	none	none	0	0	0.0	0.0	0.0	
NZ_CP040343.1_9095-19720:._3	NZ_CP040343.1_13	NZ_CP040343.1_9095-19720	1950	5003	-1	none	none	0	0	0.0	0.0	0.0	IPR002513;IPR025296
NZ_CP042004.1_5390-15949:._7	NZ_CP042004.1_15	NZ_CP042004.1_5390-15949	4295	5620	-1	NZ_CP042004.1_5390-15949:._13	Anti_CRISPR	3337	1	0.1885	0.1	0.1531	IPR010359;IPR013610
NZ_CP042004.1_5390-15949:._8	NZ_CP042004.1_16	NZ_CP042004.1_5390-15949	5617	6180	-1	NZ_CP042004.1_5390-15949:._13	Anti_CRISPR	2777	1	0.2494	0.1	0.1897	
NZ_CP097035.1_48148-58791:._5	NZ_CP097035.1_51	NZ_CP097035.1_48148-58791	4250	4642	-1	NZ_CP097035.1_48148-58791:._3	Lamassu-Fam	1158	7	0.5605	0.7	0.6163	IPR006171;IPR013497
NZ_CP097036.1_34341-45005:._8	NZ_CP097036.1_40	NZ_CP097036.1_34341-45005	6937	7380	1	NZ_CP097036.1_34341-45005:._12	RosmerTA	2736	1	0.2546	0.1	0.1928	
NZ_CP074110.1_47738-58012:._7	NZ_CP074110.1_62	NZ_CP074110.1_47738-58012	4672	4989	-1	NZ_CP074110.1_47738-58012:._10	AbiC	1229	1	0.5409	0.1	0.3645	IPR006120
NZ_CP074110.1_47738-58012:._10	NZ_CP074110.1_63	NZ_CP074110.1_47738-58012	6218	7423	1	NZ_CP074110.1_47738-58012:._10	AbiC	0	1	1.0	0.1	0.64	IPR031709
NZ_CP040801.1_2644336-2654937:._8	NZ_CP040801.1_2446	NZ_CP040801.1_2644336-2654937	4292	4984	-1	NZ_CP040801.1_2644336-2654937:._14	Lamassu-Fam	3308	7	0.1913	0.7	0.3948	IPR006171;IPR013497;IPR034144
NZ_CP039708.1_11091-21740:._9	NZ_CP039708.1_22	NZ_CP039708.1_11091-21740	5656	5940	1	NZ_CP039708.1_11091-21740:._7	MazEF	776	1	0.6784	0.1	0.447	IPR001357
NZ_CP039709.1_8900-19549:._7	NZ_CP039709.1_16	NZ_CP039709.1_8900-19549	5656	5841	1	none	none	0	0	0.0	0.0	0.0	IPR001357
NZ_CP039709.1_8900-19549:._13	NZ_CP039709.1_22	NZ_CP039709.1_8900-19549	10564	10650	1	none	none	0	0	0.0	0.0	0.0	
NZ_CP071180.1_4178-14785:._4	NZ_CP071180.1_10	NZ_CP071180.1_4178-14785	4783	5010	-1	NZ_CP071180.1_4178-14785:._3	RosmerTA	361	2	0.8349	0.2	0.5809	
NZ_CP071180.1_17616-28169:._9	NZ_CP071180.1_29	NZ_CP071180.1_17616-28169	5558	8473	1	NZ_CP071180.1_17616-28169:._5	MazEF	3525	0	0.1716	0.0	0.103	IPR002513;IPR025296
NZ_CP071180.1_54104-64705:._5	NZ_CP071180.1_64	NZ_CP071180.1_54104-64705	4292	4984	-1	none	none	0	0	0.0	0.0	0.0	IPR006171;IPR013497;IPR034144
NC_009012.1_2764888-2775174:._7	NC_009012.1_2448	NC_009012.1_2764888-2775174	3958	4905	-1	NC_009012.1_2764888-2775174:._3	RM	2191	8	0.3344	0.8	0.5206	IPR025668
NZ_CP013725.1_41036-51589:._3	NZ_CP013725.1_48	NZ_CP013725.1_41036-51589	2081	4996	-1	none	none	0	0	0.0	0.0	0.0	IPR002513;IPR025296
NZ_CP050485.1_1-7081:._4	NZ_CP050485.1_3	NZ_CP050485.1_1-7081	3179	4291	1	NZ_CP050485.1_1-7081:._4	Retron	0	2	1.0	0.2	0.68	IPR003395
NZ_JBPZTN010000002.1_16406-27055:._7	NZ_JBPZTN010000002.1_27	NZ_JBPZTN010000002.1_16406-27055	5656	5940	1	none	none	0	0	0.0	0.0	0.0	IPR001357
NZ_CM138815.1_985295-995611:._8	NZ_CM138815.1_971	NZ_CM138815.1_985295-995611	5314	5589	1	none	none	0	0	0.0	0.0	0.0	
NZ_CM138815.1_1158269-1168393:._4	NZ_CM138815.1_1161	NZ_CM138815.1_1158269-1168393	4544	4981	-1	none	none	0	0	0.0	0.0	0.0	IPR006119
NZ_CP091578.1_128366-138709:._7	NZ_CP091578.1_158	NZ_CP091578.1_128366-138709	4730	4990	-1	NZ_CP091578.1_128366-138709:._5	RosmerTA	1530	2	0.4653	0.2	0.3592	IPR006120
NZ_CP031838.1_2741324-2751955:._5	NZ_CP031838.1_2576	NZ_CP031838.1_2741324-2751955	4625	4939	-1	none	none	0	0	0.0	0.0	0.0	IPR001845;IPR011991
NZ_CP031838.1_2770546-2781174:._5	NZ_CP031838.1_2608	NZ_CP031838.1_2770546-2781174	4478	4978	-1	none	none	0	0	0.0	0.0	0.0	
NZ_CP038176.1_10042-20694:._12	NZ_CP038176.1_23	NZ_CP038176.1_10042-20694	5685	6371	1	NZ_CP038176.1_10042-20694:._13	PrrC	217	6	0.8972	0.6	0.7783	IPR032874
NZ_CM129918.1_705029-715645:._8	NZ_CM129918.1_718	NZ_CM129918.1_705029-715645	5617	7761	1	none	none	0	0	0.0	0.0	0.0	IPR006171;IPR013497;IPR013498;IPR034144
NZ_CM129918.1_1748617-1759233:._5	NZ_CM129918.1_1741	NZ_CM129918.1_1748617-1759233	2856	5000	-1	none	none	0	0	0.0	0.0	0.0	IPR006171;IPR013497;IPR013498;IPR034144
NZ_CP099504.1_1714423-1725024:._10	NZ_CP099504.1_1558	NZ_CP099504.1_1714423-1725024	5618	6310	1	none	none	0	0	0.0	0.0	0.0	IPR006171;IPR013497;IPR034144
NZ_CP047329.1_23608-34224:._8	NZ_CP047329.1_36	NZ_CP047329.1_23608-34224	5617	7761	1	none	none	0	0	0.0	0.0	0.0	IPR006171;IPR013497;IPR013498;IPR034144
NZ_CP035137.1_53697-64061:._5	NZ_CP035137.1_61	NZ_CP035137.1_53697-64061	3795	5003	-1	NZ_CP035137.1_53697-64061:._5	AbiC	0	3	1.0	0.3	0.72	IPR031709
NZ_CP035137.1_53697-64061:._6	NZ_CP035137.1_62	NZ_CP035137.1_53697-64061	5000	5365	-1	NZ_CP035137.1_53697-64061:._5	AbiC	0	3	1.0	0.3	0.72	
NC_017476.1_32772-43421:._8	NC_017476.1_42	NC_017476.1_32772-43421	4710	4994	-1	none	none	0	0	0.0	0.0	0.0	IPR001357
NZ_CP142416.1_22384-32727:._7	NZ_CP142416.1_31	NZ_CP142416.1_22384-32727	5354	5614	1	NZ_CP142416.1_22384-32727:._9	RosmerTA	1530	4	0.4653	0.4	0.4392	IPR006120
NZ_CP142416.1_98463-109079:._6	NZ_CP142416.1_111	NZ_CP142416.1_98463-109079	2856	5000	-1	none	none	0	0	0.0	0.0	0.0	IPR006171;IPR013497;IPR013498;IPR034144
NZ_CP084378.1_6495-17096:._7	NZ_CP084378.1_15	NZ_CP084378.1_6495-17096	5675	6064	1	NZ_CP084378.1_6495-17096:._16	Bunzi	3949	1	0.1388	0.1	0.1233	
NZ_CP074106.1_49107-59381:._7	NZ_CP074106.1_64	NZ_CP074106.1_49107-59381	4753	4989	-1	NZ_CP074106.1_49107-59381:._10	AbiC	1229	1	0.5409	0.1	0.3645	
NZ_CP074106.1_49107-59381:._10	NZ_CP074106.1_65	NZ_CP074106.1_49107-59381	6218	7423	1	NZ_CP074106.1_49107-59381:._10	AbiC	0	1	1.0	0.1	0.64	IPR031709
NZ_CP077881.1_8582-19132:._8	NZ_CP077881.1_17	NZ_CP077881.1_8582-19132	5430	5810	-1	NZ_CP077881.1_8582-19132:._13	AbiQ	4076	1	0.1303	0.1	0.1182	IPR005650
NZ_CP185728.1_5838-16424:._6	NZ_CP185728.1_12	NZ_CP185728.1_5838-16424	3754	5172	1	none	none	0	0	0.0	0.0	0.0	IPR018778
NZ_CP185728.1_5838-16424:._11	NZ_CP185728.1_18	NZ_CP185728.1_5838-16424	9325	9738	1	none	none	0	0	0.0	0.0	0.0	
NZ_CP072896.1_22952-33568:._7	NZ_CP072896.1_34	NZ_CP072896.1_22952-33568	2856	5000	-1	none	none	0	0	0.0	0.0	0.0	IPR006171;IPR013497;IPR013498;IPR034144
NZ_CP013982.1_30900-41450:._5	NZ_CP013982.1_50	NZ_CP013982.1_30900-41450	4134	4346	1	NZ_CP013982.1_30900-41450:._9	AbiK	2474	1	0.2903	0.1	0.2142	
NZ_CP031290.1_434989-445638:._5	NZ_CP031290.1_434	NZ_CP031290.1_434989-445638	5656	5940	1	none	none	0	0	0.0	0.0	0.0	IPR001357
NZ_CP139476.1_78851-89485:._6	NZ_CP139476.1_86	NZ_CP139476.1_78851-89485	5677	5898	1	NZ_CP139476.1_78851-89485:._9	CBASS	1421	3	0.4914	0.3	0.4148	IPR025246
NZ_CP012285.1_22461-33044:._8	NZ_CP012285.1_33	NZ_CP012285.1_22461-33044	3918	4256	1	none	none	0	0	0.0	0.0	0.0	IPR025161
NZ_CP012286.1_19270-29853:._9	NZ_CP012286.1_31	NZ_CP012286.1_19270-29853	3579	4076	-1	none	none	0	0	0.0	0.0	0.0	IPR026898
NZ_CP012286.1_19270-29853:._11	NZ_CP012286.1_33	NZ_CP012286.1_19270-29853	4832	4936	-1	none	none	0	0	0.0	0.0	0.0	
NZ_CP071445.1_1758917-1769464:._8	NZ_CP071445.1_1695	NZ_CP071445.1_1758917-1769464	5579	6064	1	NZ_CP071445.1_1758917-1769464:._10	RosmerTA	246	1	0.8843	0.1	0.5706	IPR025657
NZ_CP016539.2_2938171-2948733:._6	NZ_CP016539.2_2948	NZ_CP016539.2_2938171-2948733	4012	4977	-1	NZ_CP016539.2_2938171-2948733:._12	RM	5456	0	0.0653	0.0	0.0392	
NZ_CP113524.1_568661-579277:._5	NZ_CP113524.1_560	NZ_CP113524.1_568661-579277	4567	4962	-1	NZ_CP113524.1_568661-579277:._9	RM	2921	2	0.2321	0.2	0.2193	IPR001367;IPR022687
NZ_CP181086.1_1-10058:._6	NZ_CP181086.1_5	NZ_CP181086.1_1-10058	6168	8693	1	NZ_CP181086.1_1-10058:._4	Retron	1979	2	0.3718	0.2	0.3031	IPR002205;IPR006691
NZ_CP016699.1_25025-35605:._3	NZ_CP016699.1_39	NZ_CP016699.1_25025-35605	2170	2988	-1	none	none	0	0	0.0	0.0	0.0	IPR001584;IPR025948
NZ_CP016701.1_36633-47213:._8	NZ_CP016701.1_53	NZ_CP016701.1_36633-47213	7160	8050	1	none	none	0	0	0.0	0.0	0.0	IPR002559
NZ_CP016702.1_45953-56551:._1	NZ_CP016702.1_53	NZ_CP016702.1_45953-56551	2	1228	-1	NZ_CP016702.1_45953-56551:._2	RM	0	1	1.0	0.1	0.64	IPR001525
NZ_CP092498.1_583363-594012:._6	NZ_CP092498.1_567	NZ_CP092498.1_583363-594012	4710	4994	-1	none	none	0	0	0.0	0.0	0.0	IPR001357
NZ_LR134106.1_12557-23170:._9	NZ_LR134106.1_19	NZ_LR134106.1_12557-23170	3697	3897	1	NZ_LR134106.1_12557-23170:._11	MazEF	472	2	0.7898	0.2	0.5539	
NZ_LR134106.1_12557-23170:._18	NZ_LR134106.1_28	NZ_LR134106.1_12557-23170	8155	8391	1	NZ_LR134106.1_12557-23170:._19	AbiH	133	3	0.9357	0.3	0.6814	
NZ_LR134108.1_10161-20783:._4	NZ_LR134108.1_19	NZ_LR134108.1_10161-20783	5675	6010	-1	none	none	0	0	0.0	0.0	0.0	
NZ_LR134108.1_10161-20783:._9	NZ_LR134108.1_24	NZ_LR134108.1_10161-20783	9129	9989	-1	none	none	0	0	0.0	0.0	0.0	
NZ_LR134110.1_15074-25687:._5	NZ_LR134110.1_24	NZ_LR134110.1_15074-25687	6374	7573	1	none	none	0	0	0.0	0.0	0.0	IPR011701
NZ_LR134110.1_15074-25687:._7	NZ_LR134110.1_28	NZ_LR134110.1_15074-25687	8396	8566	-1	none	none	0	0	0.0	0.0	0.0	
NZ_CP036053.1_16382-27007:._4	NZ_CP036053.1_24	NZ_CP036053.1_16382-27007	4570	4989	-1	none	none	0	0	0.0	0.0	0.0	IPR004107
NZ_JBQSLO010000002.1_50784-61379:._4	NZ_JBQSLO010000002.1_59	NZ_JBQSLO010000002.1_50784-61379	1197	1463	1	none	none	0	0	0.0	0.0	0.0	IPR011701
NZ_CP034973.1_2442906-2453555:._9	NZ_CP034973.1_2311	NZ_CP034973.1_2442906-2453555	5656	5940	1	none	none	0	0	0.0	0.0	0.0	IPR001357
NZ_CP168872.1_50611-61164:._6	NZ_CP168872.1_60	NZ_CP168872.1_50611-61164	5558	8473	1	none	none	0	0	0.0	0.0	0.0	IPR002513;IPR025296
NZ_AP024589.1_2122835-2133466:._9	NZ_AP024589.1_2101	NZ_AP024589.1_2122835-2133466	5693	6010	1	none	none	0	0	0.0	0.0	0.0	IPR001845;IPR011991
NZ_CP071000.1_810074-820657:._10	NZ_CP071000.1_756	NZ_CP071000.1_810074-820657	5633	6496	1	none	none	0	0	0.0	0.0	0.0	IPR003439
NZ_CP079981.1_74394-84959:._6	NZ_CP079981.1_89	NZ_CP079981.1_74394-84959	5580	5726	1	none	none	0	0	0.0	0.0	0.0	
NZ_CP159282.1_3712-14310:._6	NZ_CP159282.1_10	NZ_CP159282.1_3712-14310	4541	4996	1	none	none	0	0	0.0	0.0	0.0	
NC_017467.1_1-8478:._4	NC_017467.1_3	NC_017467.1_1-8478	3298	4425	1	none	none	0	0	0.0	0.0	0.0	IPR003395
NC_017467.1_1762588-1773036:._8	NC_017467.1_1860	NC_017467.1_1762588-1773036	4202	4918	-1	none	none	0	0	0.0	0.0	0.0	IPR006528
NC_017467.1_1762588-1773036:._9	NC_017467.1_1861	NC_017467.1_1762588-1773036	5000	5449	-1	none	none	0	0	0.0	0.0	0.0	IPR006119
NZ_CP168716.1_420545-431155:._5	NZ_CP168716.1_410	NZ_CP168716.1_420545-431155	5649	5894	1	NZ_CP168716.1_420545-431155:._6	MazEF	0	1	1.0	0.1	0.64	
NZ_CP130526.1_2648080-2658681:._8	NZ_CP130526.1_2454	NZ_CP130526.1_2648080-2658681	4292	4984	-1	NZ_CP130526.1_2648080-2658681:._14	Lamassu-Fam	3307	7	0.1914	0.7	0.3948	IPR006171;IPR013497;IPR034144
NZ_AP026872.1_7927-18660:._6	NZ_AP026872.1_14	NZ_AP026872.1_7927-18660	5755	5862	1	none	none	0	0	0.0	0.0	0.0	
NZ_JAOXXX010000003.1_1-8523:._6	NZ_JAOXXX010000003.1_5	NZ_JAOXXX010000003.1_1-8523	3619	4299	1	none	none	0	0	0.0	0.0	0.0	IPR032874
NZ_CP166732.1_30319-40929:._1	NZ_CP166732.1_31	NZ_CP166732.1_30319-40929	290	391	-1	NZ_CP166732.1_30319-40929:._7	RosmerTA	4251	1	0.1194	0.1	0.1116	
NZ_CP166732.1_30319-40929:._9	NZ_CP166732.1_37	NZ_CP166732.1_30319-40929	5711	7747	1	NZ_CP166732.1_30319-40929:._7	RosmerTA	824	3	0.6623	0.3	0.5174	IPR003855
NZ_AP025162.1_17326-27912:._6	NZ_AP025162.1_21	NZ_AP025162.1_17326-27912	4273	4854	1	NZ_AP025162.1_17326-27912:._1	RM	3627	1	0.1631	0.1	0.1378	IPR005019
NZ_AP025163.1_10718-21022:._9	NZ_AP025163.1_22	NZ_AP025163.1_10718-21022	5000	5323	-1	none	none	0	0	0.0	0.0	0.0	IPR006120
NZ_CP088202.1_27471-38087:._5	NZ_CP088202.1_36	NZ_CP088202.1_27471-38087	2856	5000	-1	none	none	0	0	0.0	0.0	0.0	IPR006171;IPR013497;IPR013498;IPR034144
NZ_CP065690.1_1-10291:._5	NZ_CP065690.1_6	NZ_CP065690.1_1-10291	3858	4625	-1	none	none	0	0	0.0	0.0	0.0	IPR025669
NZ_CP041968.1_1297641-1308224:._7	NZ_CP041968.1_1313	NZ_CP041968.1_1297641-1308224	4087	4908	-1	none	none	0	0	0.0	0.0	0.0	IPR025669
NZ_CP114527.1_1-5953:._1	NZ_CP114527.1_2	NZ_CP114527.1_1-5953	3	953	-1	none	none	0	0	0.0	0.0	0.0	IPR006171;IPR013497;IPR034144
NC_014495.1_29286-39839:._4	NC_014495.1_37	NC_014495.1_29286-39839	2081	4996	-1	NC_014495.1_29286-39839:._8	MazEF	3525	0	0.1716	0.0	0.103	IPR002513;IPR025296
NC_014495.1_42670-53277:._8	NC_014495.1_56	NC_014495.1_42670-53277	5598	5825	1	NC_014495.1_42670-53277:._9	RosmerTA	361	2	0.8349	0.2	0.5809	
NZ_CP106958.1_1158629-1169116:._10	NZ_CP106958.1_1244	NZ_CP106958.1_1158629-1169116	5506	5628	1	NZ_CP106958.1_1158629-1169116:._5	Anti_RM	2453	1	0.2933	0.1	0.216	
NZ_CP195299.1_22309-32931:._13	NZ_CP195299.1_32	NZ_CP195299.1_22309-32931	9301	9723	1	none	none	0	0	0.0	0.0	0.0	
NZ_CP144498.1_2203565-2214169:._8	NZ_CP144498.1_2253	NZ_CP144498.1_2203565-2214169	4549	4968	-1	NZ_CP144498.1_2203565-2214169:._13	RM	3616	1	0.164	0.1	0.1384	
NZ_CP144498.1_2621176-2631759:._9	NZ_CP144498.1_2655	NZ_CP144498.1_2621176-2631759	4604	4951	-1	none	none	0	0	0.0	0.0	0.0	IPR003439
NZ_CP068130.1_10619-21685:._4	NZ_CP068130.1_18	NZ_CP068130.1_10619-21685	4446	4931	-1	NZ_CP068130.1_10619-21685:._8	Retron	3459	1	0.1774	0.1	0.1464	IPR001360
NZ_CP177272.1_3164-13747:._1	NZ_CP177272.1_5	NZ_CP177272.1_3164-13747	17	304	-1	NZ_CP177272.1_3164-13747:._1	RosmerTA	0	2	1.0	0.2	0.68	IPR001387
NZ_CP177273.1_1-8908:._7	NZ_CP177273.1_5	NZ_CP177273.1_1-8908	6047	7558	1	none	none	0	0	0.0	0.0	0.0	IPR003688
NC_017482.1_434013-444662:._5	NC_017482.1_432	NC_017482.1_434013-444662	5656	5940	1	none	none	0	0	0.0	0.0	0.0	IPR001357
NZ_CP087462.1_1969830-1980446:._5	NZ_CP087462.1_1937	NZ_CP087462.1_1969830-1980446	4716	5000	-1	none	none	0	0	0.0	0.0	0.0	
NZ_CP143536.1_21352-31953:._1	NZ_CP143536.1_25	NZ_CP143536.1_21352-31953	2	1330	-1	NZ_CP143536.1_21352-31953:._12	RM	8706	0	0.0129	0.0	0.0077	IPR027439;IPR035088
NZ_CP143537.1_9349-19920:._4	NZ_CP143537.1_16	NZ_CP143537.1_9349-19920	2255	2752	-1	NZ_CP143537.1_9349-19920:._15	Eleos	5761	0	0.0561	0.0	0.0337	
NZ_CP143537.1_9349-19920:._12	NZ_CP143537.1_24	NZ_CP143537.1_9349-19920	6751	6879	-1	NZ_CP143537.1_9349-19920:._15	Eleos	1634	1	0.4418	0.1	0.3051	IPR019533
NZ_CP143537.1_9349-19920:._13	NZ_CP143537.1_25	NZ_CP143537.1_9349-19920	6897	7004	-1	NZ_CP143537.1_9349-19920:._15	Eleos	1509	1	0.4702	0.1	0.3221	
NZ_CP120200.1_1913349-1923965:._5	NZ_CP120200.1_1846	NZ_CP120200.1_1913349-1923965	4716	5000	-1	none	none	0	0	0.0	0.0	0.0	
NZ_CP168849.1_50611-61164:._6	NZ_CP168849.1_60	NZ_CP168849.1_50611-61164	5558	8473	1	none	none	0	0	0.0	0.0	0.0	IPR002513;IPR025296
NZ_CP027503.1_7093-17697:._8	NZ_CP027503.1_15	NZ_CP027503.1_7093-17697	7152	7454	1	none	none	0	0	0.0	0.0	0.0	
NZ_CP184505.1_31685-42238:._8	NZ_CP184505.1_40	NZ_CP184505.1_31685-42238	5558	7375	1	none	none	0	0	0.0	0.0	0.0	IPR025296
NZ_CP035749.1_22193-32500:._10	NZ_CP035749.1_39	NZ_CP035749.1_22193-32500	5350	5556	1	none	none	0	0	0.0	0.0	0.0	IPR006120
NZ_AP023418.1_412821-423407:._8	NZ_AP023418.1_412	NZ_AP023418.1_412821-423407	5595	5693	1	none	none	0	0	0.0	0.0	0.0	
NZ_AP023418.1_1313344-1323930:._8	NZ_AP023418.1_1270	NZ_AP023418.1_1313344-1323930	4894	4992	-1	none	none	0	0	0.0	0.0	0.0	
NZ_CP040375.1_7682-18268:._7	NZ_CP040375.1_16	NZ_CP040375.1_7682-18268	3811	4302	-1	none	none	0	0	0.0	0.0	0.0	IPR004720
NZ_CP040375.1_47148-57779:._6	NZ_CP040375.1_57	NZ_CP040375.1_47148-57779	4010	4912	-1	none	none	0	0	0.0	0.0	0.0	IPR003740;IPR019264
NZ_CP040376.1_54139-64698:._2	NZ_CP040376.1_57	NZ_CP040376.1_54139-64698	4187	4624	1	none	none	0	0	0.0	0.0	0.0	IPR000835
NZ_CP035568.1_9257-19873:._4	NZ_CP035568.1_13	NZ_CP035568.1_9257-19873	2028	2891	1	none	none	0	0	0.0	0.0	0.0	IPR003439
NZ_CP035568.1_70959-81263:._9	NZ_CP035568.1_80	NZ_CP035568.1_70959-81263	5000	5305	1	none	none	0	0	0.0	0.0	0.0	IPR006120
NZ_CP035568.1_70959-81263:._10	NZ_CP035568.1_81	NZ_CP035568.1_70959-81263	5354	5548	1	none	none	0	0	0.0	0.0	0.0	IPR003439
NZ_CP035569.1_735-11288:._14	NZ_CP035569.1_15	NZ_CP035569.1_735-11288	9681	10184	-1	none	none	0	0	0.0	0.0	0.0	IPR002559
NZ_JBRSFT020000004.1_5322-15944:._8	NZ_JBRSFT020000004.1_15	NZ_JBRSFT020000004.1_5322-15944	4224	4904	-1	none	none	0	0	0.0	0.0	0.0	IPR032874
NZ_JBRSFT020000002.1_100265-110608:._7	NZ_JBRSFT020000002.1_123	NZ_JBRSFT020000002.1_100265-110608	5354	5614	1	NZ_JBRSFT020000002.1_100265-110608:._9	RosmerTA	1530	4	0.4653	0.4	0.4392	IPR006120
NZ_CP060187.1_17424-27992:._9	NZ_CP060187.1_25	NZ_CP060187.1_17424-27992	7564	8064	-1	none	none	0	0	0.0	0.0	0.0	
NZ_CP060189.1_1-9860:._5	NZ_CP060189.1_4	NZ_CP060189.1_1-9860	4847	5296	1	none	none	0	0	0.0	0.0	0.0	IPR000825
NZ_CP060184.1_22748-33328:._9	NZ_CP060184.1_25	NZ_CP060184.1_22748-33328	8736	8996	-1	none	none	0	0	0.0	0.0	0.0	
NZ_CP066600.1_12346-22959:._6	NZ_CP066600.1_18	NZ_CP066600.1_12346-22959	3637	5733	1	none	none	0	0	0.0	0.0	0.0	
NZ_OZ260846.1_1-9046:._4	NZ_OZ260846.1_3	NZ_OZ260846.1_1-9046	2767	3087	1	none	none	0	0	0.0	0.0	0.0	IPR025161
NZ_OZ260847.1_1-7812:._7	NZ_OZ260847.1_6	NZ_OZ260847.1_1-7812	5723	7462	1	none	none	0	0	0.0	0.0	0.0	IPR004185;IPR006047
NZ_CP017275.1_562-11145:._8	NZ_CP017275.1_7	NZ_CP017275.1_562-11145	9122	9634	1	none	none	0	0	0.0	0.0	0.0	IPR000424
NZ_CP103391.1_12880-23511:._3	NZ_CP103391.1_18	NZ_CP103391.1_12880-23511	543	836	-1	none	none	0	0	0.0	0.0	0.0	
NZ_CP103391.1_12880-23511:._6	NZ_CP103391.1_21	NZ_CP103391.1_12880-23511	2817	3617	-1	none	none	0	0	0.0	0.0	0.0	IPR014820;IPR015330
NZ_CP103393.1_9460-20046:._4	NZ_CP103393.1_18	NZ_CP103393.1_9460-20046	1665	1943	-1	none	none	0	0	0.0	0.0	0.0	
NZ_CP103394.1_23300-33526:._3	NZ_CP103394.1_27	NZ_CP103394.1_23300-33526	1099	1740	1	none	none	0	0	0.0	0.0	0.0	
NZ_CP139652.1_1957-12540:._11	NZ_CP139652.1_11	NZ_CP139652.1_1957-12540	5633	6496	1	none	none	0	0	0.0	0.0	0.0	IPR003439
NZ_CP139653.1_13797-24428:._7	NZ_CP139653.1_25	NZ_CP139653.1_13797-24428	4011	4913	-1	none	none	0	0	0.0	0.0	0.0	IPR003740;IPR019264
NZ_CP095071.1_3109950-3120515:._6	NZ_CP095071.1_2895	NZ_CP095071.1_3109950-3120515	3509	4957	-1	none	none	0	0	0.0	0.0	0.0	IPR001584;IPR015378
NZ_CP011872.1_6370-16923:._5	NZ_CP011872.1_13	NZ_CP011872.1_6370-16923	4739	4987	-1	none	none	0	0	0.0	0.0	0.0	IPR001387
NZ_CP011872.1_50859-61457:._8	NZ_CP011872.1_69	NZ_CP011872.1_50859-61457	5668	6015	1	none	none	0	0	0.0	0.0	0.0	IPR010712
NZ_CP145131.1_993299-1003891:._6	NZ_CP145131.1_894	NZ_CP145131.1_993299-1003891	4491	4943	-1	NZ_CP145131.1_993299-1003891:._5	AbiE	0	1	1.0	0.1	0.64	
NZ_CP015487.1_51552-62135:._6	NZ_CP015487.1_61	NZ_CP015487.1_51552-62135	5737	6681	-1	none	none	0	0	0.0	0.0	0.0	IPR009343
NZ_CP015488.1_59965-70518:._6	NZ_CP015488.1_67	NZ_CP015488.1_59965-70518	4169	4429	1	none	none	0	0	0.0	0.0	0.0	
NZ_CP073067.1_6114-16751:._8	NZ_CP073067.1_11	NZ_CP073067.1_6114-16751	5730	6224	1	none	none	0	0	0.0	0.0	0.0	
NZ_CP094810.1_13961-24394:._8	NZ_CP094810.1_23	NZ_CP094810.1_13961-24394	5376	5612	1	NZ_CP094810.1_13961-24394:._5	RosmerTA	1188	1	0.5521	0.1	0.3713	IPR006120
NZ_CP075987.1_5446-14729:._3	NZ_CP075987.1_8	NZ_CP075987.1_5446-14729	1979	4195	-1	NZ_CP075987.1_5446-14729:._2	Lamassu-Fam	0	7	1.0	0.7	0.88	IPR003439;IPR005074;IPR011527
NZ_CP101834.1_20152-30768:._8	NZ_CP101834.1_26	NZ_CP101834.1_20152-30768	5642	6052	1	none	none	0	0	0.0	0.0	0.0	
NZ_CP123087.1_23902-34509:._9	NZ_CP123087.1_44	NZ_CP123087.1_23902-34509	4827	4985	-1	NZ_CP123087.1_23902-34509:._1	RosmerTA	4400	1	0.1108	0.1	0.1065	
NZ_CP011878.1_12613-23172:._10	NZ_CP011878.1_24	NZ_CP011878.1_12613-23172	6456	6704	1	NZ_CP011878.1_12613-23172:._1	RosmerTA	5860	0	0.0534	0.0	0.032	IPR001387
NZ_CP011878.1_35825-46423:._5	NZ_CP011878.1_51	NZ_CP011878.1_35825-46423	4584	4931	-1	none	none	0	0	0.0	0.0	0.0	IPR010712
NZ_CP196597.1_2602-13155:._4	NZ_CP196597.1_7	NZ_CP196597.1_2602-13155	2081	4996	-1	none	none	0	0	0.0	0.0	0.0	IPR002513;IPR025296
NZ_CP196597.1_2602-13155:._12	NZ_CP196597.1_13	NZ_CP196597.1_2602-13155	10339	10554	1	none	none	0	0	0.0	0.0	0.0	
NZ_CP084231.1_15051-25658:._5	NZ_CP084231.1_23	NZ_CP084231.1_15051-25658	4705	4830	-1	none	none	0	0	0.0	0.0	0.0	
NZ_CP130501.1_2690413-2701014:._8	NZ_CP130501.1_2509	NZ_CP130501.1_2690413-2701014	4292	4984	-1	NZ_CP130501.1_2690413-2701014:._14	Lamassu-Fam	3308	7	0.1913	0.7	0.3948	IPR006171;IPR013497;IPR034144
NZ_CP136801.1_152085-162638:._8	NZ_CP136801.1_167	NZ_CP136801.1_152085-162638	5772	7295	-1	none	none	0	0	0.0	0.0	0.0	IPR001296;IPR022372
NZ_CP136801.1_2284858-2295462:._6	NZ_CP136801.1_2267	NZ_CP136801.1_2284858-2295462	4564	5013	-1	NZ_CP136801.1_2284858-2295462:._15	RosmerTA	3773	1	0.1516	0.1	0.131	IPR000825
NZ_CP136802.1_117906-128492:._8	NZ_CP136802.1_132	NZ_CP136802.1_117906-128492	5669	6385	1	none	none	0	0	0.0	0.0	0.0	IPR006528
NZ_LR135365.1_6802-17403:._8	NZ_LR135365.1_16	NZ_LR135365.1_6802-17403	7000	7473	1	none	none	0	0	0.0	0.0	0.0	
NZ_CP193776.1_11070-21653:._5	NZ_CP193776.1_22	NZ_CP193776.1_11070-21653	4088	4951	-1	none	none	0	0	0.0	0.0	0.0	IPR003439
NZ_CP193776.1_26871-37502:._6	NZ_CP193776.1_42	NZ_CP193776.1_26871-37502	4011	4913	-1	none	none	0	0	0.0	0.0	0.0	IPR003740;IPR019264
NZ_OZ006997.1_1145425-1155879:._7	NZ_OZ006997.1_1029	NZ_OZ006997.1_1145425-1155879	4837	5013	-1	none	none	0	0	0.0	0.0	0.0	IPR006120
NZ_CP049778.1_863896-874467:._13	NZ_CP049778.1_800	NZ_CP049778.1_863896-874467	5610	6251	1	none	none	0	0	0.0	0.0	0.0	
NZ_CP134823.1_2091226-2101785:._1	NZ_CP134823.1_2032	NZ_CP134823.1_2091226-2101785	1	111	-1	none	none	0	0	0.0	0.0	0.0	IPR010712
NZ_CP092835.1_91544-102151:._8	NZ_CP092835.1_98	NZ_CP092835.1_91544-102151	5617	6582	1	none	none	0	0	0.0	0.0	0.0	IPR004107
NZ_CP092834.1_250979-261844:._8	NZ_CP092834.1_270	NZ_CP092834.1_250979-261844	3999	4925	-1	none	none	0	0	0.0	0.0	0.0	
NZ_CP092834.1_362103-372797:._8	NZ_CP092834.1_382	NZ_CP092834.1_362103-372797	5679	5825	1	none	none	0	0	0.0	0.0	0.0	
NZ_CP045034.1_1409658-1420241:._10	NZ_CP045034.1_1322	NZ_CP045034.1_1409658-1420241	5633	6496	1	none	none	0	0	0.0	0.0	0.0	IPR003439
NZ_CP168836.1_58553-69106:._6	NZ_CP168836.1_65	NZ_CP168836.1_58553-69106	5558	8473	1	NZ_CP168836.1_58553-69106:._1	Dodola	3913	0	0.1414	0.0	0.0848	IPR002513;IPR025296
NZ_OZ121188.1_32687-43255:._6	NZ_OZ121188.1_42	NZ_OZ121188.1_32687-43255	4364	4702	1	none	none	0	0	0.0	0.0	0.0	IPR025161
NZ_OZ121189.1_31712-41998:._3	NZ_OZ121189.1_42	NZ_OZ121189.1_31712-41998	2399	2662	1	none	none	0	0	0.0	0.0	0.0	IPR005835
NZ_OZ121189.1_31712-41998:._7	NZ_OZ121189.1_46	NZ_OZ121189.1_31712-41998	4260	5123	1	none	none	0	0	0.0	0.0	0.0	IPR003439
NZ_OZ121191.1_3473-14056:._10	NZ_OZ121191.1_12	NZ_OZ121191.1_3473-14056	10088	10582	1	none	none	0	0	0.0	0.0	0.0	IPR013529
NZ_OZ121192.1_30339-40922:._8	NZ_OZ121192.1_42	NZ_OZ121192.1_30339-40922	6043	6381	1	none	none	0	0	0.0	0.0	0.0	IPR025161
NZ_CP011803.1_3995398-4006002:._4	NZ_CP011803.1_3700	NZ_CP011803.1_3995398-4006002	4882	5007	-1	NZ_CP011803.1_3995398-4006002:._8	RM	3043	1	0.2184	0.1	0.171	
NZ_CP039725.1_33057-43628:._6	NZ_CP039725.1_39	NZ_CP039725.1_33057-43628	5633	6817	1	none	none	0	0	0.0	0.0	0.0	IPR025296
NZ_CP039725.1_50067-60734:._3	NZ_CP039725.1_50	NZ_CP039725.1_50067-60734	683	910	1	none	none	0	0	0.0	0.0	0.0	IPR005001
NZ_CP039726.1_10124-20674:._7	NZ_CP039726.1_14	NZ_CP039726.1_10124-20674	3725	4987	-1	NZ_CP039726.1_10124-20674:._11	AbiE	1821	1	0.4023	0.1	0.2814	IPR025296
NZ_CP130541.1_2696013-2706614:._8	NZ_CP130541.1_2520	NZ_CP130541.1_2696013-2706614	4292	4984	-1	NZ_CP130541.1_2696013-2706614:._14	Lamassu-Fam	3307	7	0.1914	0.7	0.3948	IPR006171;IPR013497;IPR034144
NZ_CP183470.1_5797-16533:._8	NZ_CP183470.1_14	NZ_CP183470.1_5797-16533	5762	7186	1	NZ_CP183470.1_5797-16533:._6	Septu	937	2	0.6259	0.2	0.4556	
NZ_CP182492.1_2784525-2795108:._7	NZ_CP182492.1_2658	NZ_CP182492.1_2784525-2795108	5671	6834	1	NZ_CP182492.1_2784525-2795108:._1	PrrC	4646	0	0.098	0.0	0.0588	IPR026870;IPR026898
NZ_CP182492.1_2921555-2932204:._6	NZ_CP182492.1_2794	NZ_CP182492.1_2921555-2932204	4710	4994	-1	none	none	0	0	0.0	0.0	0.0	IPR001357
NZ_CP064635.1_14032-24648:._7	NZ_CP064635.1_21	NZ_CP064635.1_14032-24648	5635	6048	1	none	none	0	0	0.0	0.0	0.0	
NZ_CP168919.1_46705-57312:._14	NZ_CP168919.1_53	NZ_CP168919.1_46705-57312	10265	10606	1	none	none	0	0	0.0	0.0	0.0	IPR007693
NZ_CP168920.1_539-11092:._2	NZ_CP168920.1_3	NZ_CP168920.1_539-11092	2081	4996	-1	none	none	0	0	0.0	0.0	0.0	IPR002513;IPR025296
NZ_AP012545.1_16803-27452:._10	NZ_AP012545.1_32	NZ_AP012545.1_16803-27452	4710	4994	-1	none	none	0	0	0.0	0.0	0.0	IPR001357
NZ_AP017973.1_547478-557923:._5	NZ_AP017973.1_526	NZ_AP017973.1_547478-557923	3983	4912	-1	none	none	0	0	0.0	0.0	0.0	IPR001584;IPR025246
NZ_CP092447.1_2574896-2585497:._8	NZ_CP092447.1_2357	NZ_CP092447.1_2574896-2585497	4292	4984	-1	none	none	0	0	0.0	0.0	0.0	IPR006171;IPR013497;IPR034144
NZ_CP102712.1_522708-533357:._5	NZ_CP102712.1_523	NZ_CP102712.1_522708-533357	5656	5940	1	none	none	0	0	0.0	0.0	0.0	IPR001357
NZ_CP007625.1_50186-61051:._9	NZ_CP007625.1_67	NZ_CP007625.1_50186-61051	5936	6874	1	none	none	0	0	0.0	0.0	0.0	
NZ_CP007625.1_114724-125343:._5	NZ_CP007625.1_134	NZ_CP007625.1_114724-125343	5720	6379	1	none	none	0	0	0.0	0.0	0.0	
NZ_CP007625.1_215902-226608:._4	NZ_CP007625.1_231	NZ_CP007625.1_215902-226608	4532	4996	-1	NZ_CP007625.1_215902-226608:._9	Bunzi	3928	1	0.1403	0.1	0.1242	
NZ_CP174919.1_520-11124:._4	NZ_CP174919.1_3	NZ_CP174919.1_520-11124	1982	2095	1	none	none	0	0	0.0	0.0	0.0	
NZ_CP148695.1_1-8321:._6	NZ_CP148695.1_7	NZ_CP148695.1_1-8321	2459	2566	-1	NZ_CP148695.1_1-8321:._8	6A_MBL	1297	2	0.5228	0.2	0.3937	
NZ_CP083600.1_16477-27030:._8	NZ_CP083600.1_28	NZ_CP083600.1_16477-27030	5566	5814	1	none	none	0	0	0.0	0.0	0.0	IPR001387
NZ_CP047885.1_998-11608:._12	NZ_CP047885.1_11	NZ_CP047885.1_998-11608	10089	10190	1	none	none	0	0	0.0	0.0	0.0	
NZ_CP047886.1_5115-14497:._8	NZ_CP047886.1_11	NZ_CP047886.1_5115-14497	5434	6807	-1	none	none	0	0	0.0	0.0	0.0	IPR011701
NZ_CP113016.1_917816-928444:._7	NZ_CP113016.1_867	NZ_CP113016.1_917816-928444	5651	6151	1	none	none	0	0	0.0	0.0	0.0	
NZ_AP025230.1_27213-37772:._10	NZ_AP025230.1_48	NZ_AP025230.1_27213-37772	5610	6356	1	none	none	0	0	0.0	0.0	0.0	IPR018925
NZ_CP081856.1_6266-16852:._5	NZ_CP081856.1_13	NZ_CP081856.1_6266-16852	4202	4918	-1	none	none	0	0	0.0	0.0	0.0	IPR006528
NZ_CP086246.1_783869-794320:._6	NZ_CP086246.1_738	NZ_CP086246.1_783869-794320	5525	6031	1	none	none	0	0	0.0	0.0	0.0	
NZ_CP031556.1_144723-155009:._4	NZ_CP031556.1_142	NZ_CP031556.1_144723-155009	4638	5000	-1	none	none	0	0	0.0	0.0	0.0	IPR006171;IPR034144
NZ_CP031556.1_144723-155009:._5	NZ_CP031556.1_143	NZ_CP031556.1_144723-155009	5000	5287	-1	none	none	0	0	0.0	0.0	0.0	
NZ_CP035655.1_27143-37756:._12	NZ_CP035655.1_36	NZ_CP035655.1_27143-37756	8067	9659	1	none	none	0	0	0.0	0.0	0.0	IPR041073
NZ_CP035655.1_104281-114624:._7	NZ_CP035655.1_123	NZ_CP035655.1_104281-114624	5354	5614	1	NZ_CP035655.1_104281-114624:._9	RosmerTA	1530	2	0.4653	0.2	0.3592	IPR006120
NZ_CP040346.1_38455-49038:._14	NZ_CP040346.1_71	NZ_CP040346.1_38455-49038	5596	6420	1	none	none	0	0	0.0	0.0	0.0	IPR000305
NZ_CP085719.1_34428-45020:._5	NZ_CP085719.1_54	NZ_CP085719.1_34428-45020	1532	1663	1	NZ_CP085719.1_34428-45020:._4	RosmerTA	18	2	0.991	0.2	0.6746	
NZ_AP043711.1_3489483-3500117:._4	NZ_AP043711.1_3405	NZ_AP043711.1_3489483-3500117	4100	4912	-1	none	none	0	0	0.0	0.0	0.0	IPR014832;IPR014833
NZ_LR135483.1_48548-59161:._9	NZ_LR135483.1_61	NZ_LR135483.1_48548-59161	7106	7678	1	none	none	0	0	0.0	0.0	0.0	IPR001347;IPR017552
NZ_CP046364.1_1-8188:._4	NZ_CP046364.1_5	NZ_CP046364.1_1-8188	2179	2478	-1	none	none	0	0	0.0	0.0	0.0	
NZ_CP046365.1_1-6706:._6	NZ_CP046365.1_5	NZ_CP046365.1_1-6706	3273	3509	1	NZ_CP046365.1_1-6706:._8	RM	359	5	0.8357	0.5	0.7014	
NZ_CP183488.1_9394-19992:._5	NZ_CP183488.1_17	NZ_CP183488.1_9394-19992	4625	4939	-1	none	none	0	0	0.0	0.0	0.0	IPR001845;IPR011991
NZ_CP068712.1_1-7634:._4	NZ_CP068712.1_3	NZ_CP068712.1_1-7634	3662	4777	1	NZ_CP068712.1_1-7634:._4	Retron	0	2	1.0	0.2	0.68	IPR003395
NZ_CP068712.1_1-7634:._5	NZ_CP068712.1_4	NZ_CP068712.1_1-7634	4790	6724	1	NZ_CP068712.1_1-7634:._4	Retron	13	2	0.9935	0.2	0.6761	IPR002288;IPR003594;IPR006171;IPR013506;IPR034160
NZ_CP068712.1_1-7634:._6	NZ_CP068712.1_5	NZ_CP068712.1_1-7634	6760	7632	1	NZ_CP068712.1_1-7634:._4	Retron	1983	2	0.371	0.2	0.3026	IPR002205
NZ_CP068714.1_1-9538:._6	NZ_CP068714.1_5	NZ_CP068714.1_1-9538	4599	4913	1	NZ_CP068714.1_1-9538:._1	PrrC	3369	2	0.1855	0.2	0.1913	IPR001845;IPR011991
NZ_CP068715.1_1-8044:._4	NZ_CP068715.1_5	NZ_CP068715.1_1-8044	2210	2656	-1	none	none	0	0	0.0	0.0	0.0	IPR000182
NZ_CP168892.1_27621-38174:._6	NZ_CP168892.1_37	NZ_CP168892.1_27621-38174	5558	8473	1	none	none	0	0	0.0	0.0	0.0	IPR002513;IPR025296
NZ_CP131663.1_2687336-2697952:._3	NZ_CP131663.1_2490	NZ_CP131663.1_2687336-2697952	4638	5000	-1	none	none	0	0	0.0	0.0	0.0	IPR006171;IPR034144
NZ_CP141327.1_3079576-3090225:._9	NZ_CP141327.1_3029	NZ_CP141327.1_3079576-3090225	4710	4994	-1	none	none	0	0	0.0	0.0	0.0	IPR001357
NZ_CP187831.1_8547-19178:._7	NZ_CP187831.1_19	NZ_CP187831.1_8547-19178	4011	4913	-1	NZ_CP187831.1_8547-19178:._1	Anti_CRISPR	3136	1	0.2085	0.1	0.1651	IPR003740;IPR019264
NZ_CP187837.1_13442-23995:._2	NZ_CP187837.1_19	NZ_CP187837.1_13442-23995	696	1190	-1	none	none	0	0	0.0	0.0	0.0	IPR004720
NZ_CP175024.1_25431-36035:._7	NZ_CP175024.1_32	NZ_CP175024.1_25431-36035	5652	5900	1	none	none	0	0	0.0	0.0	0.0	
NZ_CP175024.1_25431-36035:._9	NZ_CP175024.1_34	NZ_CP175024.1_25431-36035	6805	7011	1	none	none	0	0	0.0	0.0	0.0	
NZ_CP042045.1_7396-17949:._6	NZ_CP042045.1_16	NZ_CP042045.1_7396-17949	4739	4987	-1	none	none	0	0	0.0	0.0	0.0	IPR001387
NZ_CP161807.1_10935-21584:._7	NZ_CP161807.1_22	NZ_CP161807.1_10935-21584	5656	5940	1	none	none	0	0	0.0	0.0	0.0	IPR001357
NZ_CP028721.1_12624-23267:._5	NZ_CP028721.1_22	NZ_CP028721.1_12624-23267	6730	7002	-1	none	none	0	0	0.0	0.0	0.0	
NZ_CP028722.1_28652-39295:._2	NZ_CP028722.1_36	NZ_CP028722.1_28652-39295	326	3049	1	none	none	0	0	0.0	0.0	0.0	IPR019931
NZ_CP118807.1_1915412-1926010:._6	NZ_CP118807.1_1826	NZ_CP118807.1_1915412-1926010	4625	4939	-1	none	none	0	0	0.0	0.0	0.0	IPR001845;IPR011991
NZ_CP168926.1_28952-39505:._3	NZ_CP168926.1_35	NZ_CP168926.1_28952-39505	2081	4996	-1	NZ_CP168926.1_28952-39505:._7	MazEF	3525	0	0.1716	0.0	0.103	IPR002513;IPR025296
NZ_CP168926.1_42336-52943:._8	NZ_CP168926.1_54	NZ_CP168926.1_42336-52943	5598	5825	1	NZ_CP168926.1_42336-52943:._9	RosmerTA	361	2	0.8349	0.2	0.5809	
NZ_CP052065.1_601920-612380:._7	NZ_CP052065.1_595	NZ_CP052065.1_601920-612380	4134	4901	-1	NZ_CP052065.1_601920-612380:._11	Gabija	2392	1	0.3024	0.1	0.2214	
NZ_CP052065.1_618129-628778:._7	NZ_CP052065.1_610	NZ_CP052065.1_618129-628778	4710	4994	-1	none	none	0	0	0.0	0.0	0.0	IPR001357
NZ_CP025562.1_1-9587:._3	NZ_CP025562.1_4	NZ_CP025562.1_1-9587	2749	4029	-1	none	none	0	0	0.0	0.0	0.0	IPR025296
NZ_CP025564.1_1-9212:._5	NZ_CP025564.1_4	NZ_CP025564.1_1-9212	4202	4429	1	NZ_CP025564.1_1-9212:._6	RosmerTA	362	2	0.8344	0.2	0.5807	
NZ_CP155124.1_53447-64027:._8	NZ_CP155124.1_64	NZ_CP155124.1_53447-64027	7385	8509	-1	none	none	0	0	0.0	0.0	0.0	IPR001017
NZ_CP163265.1_3088900-3099513:._2	NZ_CP163265.1_3021	NZ_CP163265.1_3088900-3099513	3001	4986	-1	NZ_CP163265.1_3088900-3099513:._2	RM	0	2	1.0	0.2	0.68	IPR002941;IPR022221
NZ_AP022937.1_1-9921:._5	NZ_AP022937.1_4	NZ_AP022937.1_1-9921	3619	3822	1	none	none	0	0	0.0	0.0	0.0	
NZ_AP022938.1_43731-54296:._9	NZ_AP022938.1_65	NZ_AP022938.1_43731-54296	5638	8604	1	none	none	0	0	0.0	0.0	0.0	IPR002513;IPR025296
NZ_CP021480.1_3078-13709:._5	NZ_CP021480.1_14	NZ_CP021480.1_3078-13709	4541	4903	-1	none	none	0	0	0.0	0.0	0.0	
NZ_CP021480.1_35272-45903:._5	NZ_CP021480.1_51	NZ_CP021480.1_35272-45903	4541	4903	-1	none	none	0	0	0.0	0.0	0.0	
NZ_CP021480.1_40555-51186:._7	NZ_CP021480.1_56	NZ_CP021480.1_40555-51186	5728	5859	1	none	none	0	0	0.0	0.0	0.0	
NZ_CP021481.1_400-10953:._7	NZ_CP021481.1_6	NZ_CP021481.1_400-10953	3327	3461	1	none	none	0	0	0.0	0.0	0.0	
NZ_CP021481.1_400-10953:._15	NZ_CP021481.1_14	NZ_CP021481.1_400-10953	8079	8438	1	none	none	0	0	0.0	0.0	0.0	
NZ_JBTLPM010000003.1_16429-27009:._8	NZ_JBTLPM010000003.1_23	NZ_JBTLPM010000003.1_16429-27009	5965	6360	1	NZ_JBTLPM010000003.1_16429-27009:._9	Lamassu-Fam	10	7	0.995	0.7	0.877	
NZ_JBTLPM010000004.1_21172-31770:._4	NZ_JBTLPM010000004.1_27	NZ_JBTLPM010000004.1_21172-31770	1572	3377	-1	NZ_JBTLPM010000004.1_21172-31770:._9	PrrC	4814	0	0.0901	0.0	0.0541	IPR001567;IPR013647
NZ_CP119876.1_39016-49599:._9	NZ_CP119876.1_58	NZ_CP119876.1_39016-49599	5597	6418	1	NZ_CP119876.1_39016-49599:._7	AbiAlpha	930	1	0.6281	0.1	0.4169	IPR000305
NZ_CP064595.1_14032-24648:._7	NZ_CP064595.1_21	NZ_CP064595.1_14032-24648	5635	6048	1	none	none	0	0	0.0	0.0	0.0	
NZ_CP064595.1_14032-24648:._11	NZ_CP064595.1_25	NZ_CP064595.1_14032-24648	8693	9148	1	none	none	0	0	0.0	0.0	0.0	
NZ_JAOXXY010000004.1_111646-122262:._3	NZ_JAOXXY010000004.1_117	NZ_JAOXXY010000004.1_111646-122262	4638	5000	-1	none	none	0	0	0.0	0.0	0.0	IPR006171;IPR034144
NZ_CP103964.1_2182062-2192621:._8	NZ_CP103964.1_2097	NZ_CP103964.1_2182062-2192621	4558	4935	-1	none	none	0	0	0.0	0.0	0.0	IPR020617
NZ_CP103964.1_2214121-2224752:._8	NZ_CP103964.1_2136	NZ_CP103964.1_2214121-2224752	5693	6007	1	none	none	0	0	0.0	0.0	0.0	IPR001845;IPR011991
NZ_CP083921.1_1235-11899:._6	NZ_CP083921.1_7	NZ_CP083921.1_1235-11899	4395	5066	1	none	none	0	0	0.0	0.0	0.0	IPR005754;IPR042007
NZ_CP083921.1_127992-138335:._7	NZ_CP083921.1_161	NZ_CP083921.1_127992-138335	5354	5614	1	NZ_CP083921.1_127992-138335:._9	RosmerTA	1530	2	0.4653	0.2	0.3592	IPR006120
NZ_CP083922.1_43228-53841:._1	NZ_CP083922.1_56	NZ_CP083922.1_43228-53841	2	64	-1	none	none	0	0	0.0	0.0	0.0	
NZ_CP009267.1_791858-802411:._4	NZ_CP009267.1_711	NZ_CP009267.1_791858-802411	2004	4967	-1	none	none	0	0	0.0	0.0	0.0	IPR002513;IPR025296
NZ_CP009267.1_803933-814546:._7	NZ_CP009267.1_723	NZ_CP009267.1_803933-814546	5611	6570	1	none	none	0	0	0.0	0.0	0.0	IPR025296
NZ_CP077766.1_551253-561704:._6	NZ_CP077766.1_549	NZ_CP077766.1_551253-561704	5525	6031	1	none	none	0	0	0.0	0.0	0.0	
NZ_CP063161.1_42159-52763:._7	NZ_CP063161.1_62	NZ_CP063161.1_42159-52763	4758	4922	-1	none	none	0	0	0.0	0.0	0.0	
NZ_CP090986.1_35435-45982:._12	NZ_CP090986.1_55	NZ_CP090986.1_35435-45982	5623	5868	1	none	none	0	0	0.0	0.0	0.0	
NC_014828.1_108309-118874:._8	NC_014828.1_110	NC_014828.1_108309-118874	5617	6129	1	none	none	0	0	0.0	0.0	0.0	
NZ_CP174096.1_2903-13552:._8	NZ_CP174096.1_10	NZ_CP174096.1_2903-13552	4710	4994	-1	none	none	0	0	0.0	0.0	0.0	IPR001357
NZ_CP134535.1_1-8205:._3	NZ_CP134535.1_4	NZ_CP134535.1_1-8205	2071	2745	-1	NZ_CP134535.1_1-8205:._10	Anti_CRISPR	5200	0	0.0743	0.0	0.0446	IPR032874
NZ_CP050808.1_3896-14452:._6	NZ_CP050808.1_11	NZ_CP050808.1_3896-14452	5433	5816	1	none	none	0	0	0.0	0.0	0.0	
NZ_CP050808.1_14727-25358:._3	NZ_CP050808.1_19	NZ_CP050808.1_14727-25358	5719	6234	1	none	none	0	0	0.0	0.0	0.0	IPR003740
NZ_CP050806.1_1945-12531:._8	NZ_CP050806.1_9	NZ_CP050806.1_1945-12531	7583	7867	1	none	none	0	0	0.0	0.0	0.0	
NZ_CP050806.1_62250-72767:._9	NZ_CP050806.1_75	NZ_CP050806.1_62250-72767	5567	6430	1	none	none	0	0	0.0	0.0	0.0	IPR003439
NZ_CP076823.1_2637455-2648056:._8	NZ_CP076823.1_2460	NZ_CP076823.1_2637455-2648056	4292	4984	-1	NZ_CP076823.1_2637455-2648056:._14	Lamassu-Fam	3308	7	0.1913	0.7	0.3948	IPR006171;IPR013497;IPR034144
NZ_CP120687.1_1795489-1806072:._6	NZ_CP120687.1_1656	NZ_CP120687.1_1795489-1806072	5671	6834	1	NZ_CP120687.1_1795489-1806072:._2	BREX	2917	4	0.2326	0.4	0.2996	IPR026870;IPR026898
NC_011837.1_1606984-1617114:._6	NC_011837.1_1523	NC_011837.1_1606984-1617114	5180	6538	1	none	none	0	0	0.0	0.0	0.0	IPR000160
NZ_CP030883.1_1-10110:._6	NZ_CP030883.1_5	NZ_CP030883.1_1-10110	9166	9420	1	NZ_CP030883.1_1-10110:._3	RM	6948	0	0.031	0.0	0.0186	
NZ_LR822026.1_1801341-1811924:._5	NZ_LR822026.1_1919	NZ_LR822026.1_1801341-1811924	4731	5000	-1	none	none	0	0	0.0	0.0	0.0	
NZ_CP032308.1_692632-703242:._9	NZ_CP032308.1_674	NZ_CP032308.1_692632-703242	5645	7669	1	NZ_CP032308.1_692632-703242:._11	RosmerTA	1001	2	0.6062	0.2	0.4437	
NZ_CP032307.1_174450-184814:._5	NZ_CP032307.1_213	NZ_CP032307.1_174450-184814	3795	5003	-1	NZ_CP032307.1_174450-184814:._5	AbiC	0	3	1.0	0.3	0.72	IPR031709
NZ_CP032307.1_174450-184814:._6	NZ_CP032307.1_214	NZ_CP032307.1_174450-184814	5000	5365	-1	NZ_CP032307.1_174450-184814:._5	AbiC	0	3	1.0	0.3	0.72	
NZ_CP069285.1_5364-15932:._6	NZ_CP069285.1_11	NZ_CP069285.1_5364-15932	5728	6630	1	none	none	0	0	0.0	0.0	0.0	IPR003740;IPR019264
NZ_CP009691.1_110731-121305:._8	NZ_CP009691.1_136	NZ_CP009691.1_110731-121305	4578	5000	-1	none	none	0	0	0.0	0.0	0.0	IPR002711;IPR003615
NZ_JBRDFD010000002.1_47794-58407:._9	NZ_JBRDFD010000002.1_57	NZ_JBRDFD010000002.1_47794-58407	6218	6694	1	none	none	0	0	0.0	0.0	0.0	IPR001127
NZ_JBRDFD010000002.1_81723-92066:._7	NZ_JBRDFD010000002.1_98	NZ_JBRDFD010000002.1_81723-92066	5354	5614	1	NZ_JBRDFD010000002.1_81723-92066:._12	RosmerTA	2899	2	0.2347	0.2	0.2208	IPR006120
NZ_CP038154.1_19168-29817:._7	NZ_CP038154.1_26	NZ_CP038154.1_19168-29817	5656	5940	1	none	none	0	0	0.0	0.0	0.0	IPR001357
NZ_AP023420.1_738408-749069:._8	NZ_AP023420.1_756	NZ_AP023420.1_738408-749069	4461	5003	-1	none	none	0	0	0.0	0.0	0.0	
NZ_AP023420.1_2790149-2800726:._7	NZ_AP023420.1_2824	NZ_AP023420.1_2790149-2800726	3418	5013	-1	NZ_AP023420.1_2790149-2800726:._6	Lamassu-Fam	162	7	0.9222	0.7	0.8333	IPR006119;IPR011109;IPR025827
NZ_CP082783.1_983586-994202:._7	NZ_CP082783.1_1029	NZ_CP082783.1_983586-994202	5617	7761	1	none	none	0	0	0.0	0.0	0.0	IPR006171;IPR013497;IPR013498;IPR034144
NZ_CP025498.1_7109-17758:._7	NZ_CP025498.1_8	NZ_CP025498.1_7109-17758	5656	5940	1	none	none	0	0	0.0	0.0	0.0	IPR001357
NZ_CP069217.1_10817-21424:._12	NZ_CP069217.1_19	NZ_CP069217.1_10817-21424	10505	10606	1	NZ_CP069217.1_10817-21424:._8	Anti_CRISPR	3871	1	0.1444	0.1	0.1266	
NZ_CP168075.1_3523095-3533654:._4	NZ_CP168075.1_3093	NZ_CP168075.1_3523095-3533654	4417	4962	-1	none	none	0	0	0.0	0.0	0.0	IPR006448
NZ_CP097257.1_3215236-3225819:._7	NZ_CP097257.1_3346	NZ_CP097257.1_3215236-3225819	4567	4938	-1	none	none	0	0	0.0	0.0	0.0	
NZ_CP097257.1_5479907-5490538:._8	NZ_CP097257.1_5783	NZ_CP097257.1_5479907-5490538	4840	5022	-1	none	none	0	0	0.0	0.0	0.0	
NZ_CP059169.1_2614-13167:._8	NZ_CP059169.1_10	NZ_CP059169.1_2614-13167	7966	8445	1	none	none	0	0	0.0	0.0	0.0	IPR006750
NZ_CP059171.1_8344-18924:._4	NZ_CP059171.1_15	NZ_CP059171.1_8344-18924	2519	3349	-1	none	none	0	0	0.0	0.0	0.0	IPR001173
NZ_AP024740.1_6912-17519:._2	NZ_AP024740.1_10	NZ_AP024740.1_6912-17519	740	1408	-1	none	none	0	0	0.0	0.0	0.0	
NZ_AP024741.1_7597-18129:._2	NZ_AP024741.1_10	NZ_AP024741.1_7597-18129	789	1031	1	none	none	0	0	0.0	0.0	0.0	IPR001387
NZ_CP169419.1_994157-1004728:._13	NZ_CP169419.1_908	NZ_CP169419.1_994157-1004728	5610	6251	1	none	none	0	0	0.0	0.0	0.0	
NZ_CP007806.1_3485355-3495914:._5	NZ_CP007806.1_3126	NZ_CP007806.1_3485355-3495914	4417	4962	-1	none	none	0	0	0.0	0.0	0.0	IPR006448
NZ_JBVMVX010000003.1_35319-45902:._14	NZ_JBVMVX010000003.1_53	NZ_JBVMVX010000003.1_35319-45902	5574	6458	1	NZ_JBVMVX010000003.1_35319-45902:._18	RM	3492	1	0.1745	0.1	0.1447	
NZ_CP115891.1_1-8456:._6	NZ_CP115891.1_5	NZ_CP115891.1_1-8456	3508	3846	1	none	none	0	0	0.0	0.0	0.0	IPR025161
NZ_CP115891.1_37630-47916:._6	NZ_CP115891.1_52	NZ_CP115891.1_37630-47916	5339	5677	1	none	none	0	0	0.0	0.0	0.0	IPR025161
NZ_CP115891.1_77090-87376:._7	NZ_CP115891.1_100	NZ_CP115891.1_77090-87376	5339	5560	1	none	none	0	0	0.0	0.0	0.0	IPR025161
NZ_CP148054.1_10468-21069:._5	NZ_CP148054.1_19	NZ_CP148054.1_10468-21069	2840	4984	-1	none	none	0	0	0.0	0.0	0.0	IPR006171;IPR013497;IPR013498;IPR034144
NZ_CM135814.1_1900011-1910627:._5	NZ_CM135814.1_1893	NZ_CM135814.1_1900011-1910627	2856	5000	-1	none	none	0	0	0.0	0.0	0.0	IPR006171;IPR013497;IPR013498;IPR034144
NZ_CP096160.1_9764-20371:._5	NZ_CP096160.1_16	NZ_CP096160.1_9764-20371	4783	5010	-1	NZ_CP096160.1_9764-20371:._4	RosmerTA	361	2	0.8349	0.2	0.5809	
NZ_CP096160.1_23202-33755:._9	NZ_CP096160.1_35	NZ_CP096160.1_23202-33755	5558	8473	1	NZ_CP096160.1_23202-33755:._5	MazEF	3525	0	0.1716	0.0	0.103	IPR002513;IPR025296
NZ_CP087265.1_34010-44617:._5	NZ_CP087265.1_43	NZ_CP087265.1_34010-44617	4783	5010	-1	NZ_CP087265.1_34010-44617:._4	RosmerTA	361	2	0.8349	0.2	0.5809	
NZ_CP087265.1_47448-58001:._9	NZ_CP087265.1_62	NZ_CP087265.1_47448-58001	5558	8473	1	NZ_CP087265.1_47448-58001:._5	MazEF	3525	0	0.1716	0.0	0.103	IPR002513;IPR025296
NZ_CP048401.1_827117-837313:._6	NZ_CP048401.1_846	NZ_CP048401.1_827117-837313	4640	4966	-1	none	none	0	0	0.0	0.0	0.0	IPR006119
NZ_OZ260750.1_33969-44600:._5	NZ_OZ260750.1_37	NZ_OZ260750.1_33969-44600	4541	4903	-1	none	none	0	0	0.0	0.0	0.0	
NZ_OZ260751.1_1-5695:._1	NZ_OZ260751.1_2	NZ_OZ260751.1_1-5695	48	479	-1	none	none	0	0	0.0	0.0	0.0	IPR002559
NZ_CP168851.1_38467-49020:._3	NZ_CP168851.1_44	NZ_CP168851.1_38467-49020	2081	4996	-1	NZ_CP168851.1_38467-49020:._7	MazEF	3525	0	0.1716	0.0	0.103	IPR002513;IPR025296
NZ_CP168851.1_51851-62458:._8	NZ_CP168851.1_63	NZ_CP168851.1_51851-62458	5598	5825	1	NZ_CP168851.1_51851-62458:._9	RosmerTA	361	2	0.8349	0.2	0.5809	
NZ_CP092554.1_2660552-2670667:._8	NZ_CP092554.1_2508	NZ_CP092554.1_2660552-2670667	4266	4946	-1	none	none	0	0	0.0	0.0	0.0	IPR032874
NZ_CP128469.1_14093-24667:._6	NZ_CP128469.1_25	NZ_CP128469.1_14093-24667	5579	5689	1	NZ_CP128469.1_14093-24667:._2	CBASS	2800	3	0.2466	0.3	0.268	
NZ_CP136163.1_3532470-3543029:._4	NZ_CP136163.1_3082	NZ_CP136163.1_3532470-3543029	4417	4962	-1	none	none	0	0	0.0	0.0	0.0	IPR006448
NZ_CP148650.1_19412-29971:._1	NZ_CP148650.1_20	NZ_CP148650.1_19412-29971	2	364	-1	NZ_CP148650.1_19412-29971:._7	Gao_Iet	6023	0	0.0492	0.0	0.0295	IPR007197
NZ_JBWGTA010000002.1_127474-138096:._9	NZ_JBWGTA010000002.1_146	NZ_JBWGTA010000002.1_127474-138096	5616	6968	1	NZ_JBWGTA010000002.1_127474-138096:._9	CBASS	0	7	1.0	0.7	0.88	IPR006116;IPR040511;IPR048445
NZ_CP029684.2_1039670-1049902:._8	NZ_CP029684.2_1031	NZ_CP029684.2_1039670-1049902	4551	4919	-1	NZ_CP029684.2_1039670-1049902:._2	RosmerTA	2825	1	0.2435	0.1	0.1861	
NZ_CP032752.1_15977-26560:._6	NZ_CP032752.1_24	NZ_CP032752.1_15977-26560	3750	4913	-1	NZ_CP032752.1_15977-26560:._8	AbiR	1161	1	0.5596	0.1	0.3758	IPR026870;IPR026898
NZ_CP032752.1_32750-43333:._7	NZ_CP032752.1_42	NZ_CP032752.1_32750-43333	5677	6087	-1	none	none	0	0	0.0	0.0	0.0	
NZ_CP032754.1_1-10503:._4	NZ_CP032754.1_5	NZ_CP032754.1_1-10503	3168	4070	-1	none	none	0	0	0.0	0.0	0.0	IPR003740;IPR019264
NZ_CP032754.1_1-10503:._7	NZ_CP032754.1_8	NZ_CP032754.1_1-10503	5844	6794	-1	none	none	0	0	0.0	0.0	0.0	IPR000358;IPR033909
NZ_CP032755.1_7430-17983:._5	NZ_CP032755.1_13	NZ_CP032755.1_7430-17983	2381	3301	-1	none	none	0	0	0.0	0.0	0.0	IPR001173
NZ_CP032755.1_7430-17983:._11	NZ_CP032755.1_19	NZ_CP032755.1_7430-17983	7687	7929	-1	none	none	0	0	0.0	0.0	0.0	IPR003362
NZ_CP016086.1_3326663-3337261:._5	NZ_CP016086.1_2997	NZ_CP016086.1_3326663-3337261	3085	4911	-1	NZ_CP016086.1_3326663-3337261:._13	RM	4586	0	0.101	0.0	0.0606	
NZ_CP131665.1_368087-378694:._14	NZ_CP131665.1_328	NZ_CP131665.1_368087-378694	10548	10607	1	none	none	0	0	0.0	0.0	0.0	
NZ_JBRUTI010000002.1_19965-30584:._7	NZ_JBRUTI010000002.1_31	NZ_JBRUTI010000002.1_19965-30584	5000	5620	-1	none	none	0	0	0.0	0.0	0.0	IPR006119;IPR006120
NZ_CP029536.1_1602468-1613051:._8	NZ_CP029536.1_1521	NZ_CP029536.1_1602468-1613051	5671	6573	1	NZ_CP029536.1_1602468-1613051:._1	PrrC	4646	0	0.098	0.0	0.0588	IPR026870;IPR026898
NZ_CP029537.1_37637-48286:._9	NZ_CP029537.1_56	NZ_CP029537.1_37637-48286	5656	5940	1	NZ_CP029537.1_37637-48286:._7	RM	804	1	0.669	0.1	0.4414	IPR001357
NZ_CP029538.1_463-11112:._5	NZ_CP029538.1_7	NZ_CP029538.1_463-11112	4710	4994	-1	none	none	0	0	0.0	0.0	0.0	IPR001357
NZ_CP019972.1_28206-38828:._4	NZ_CP019972.1_36	NZ_CP019972.1_28206-38828	4224	4904	-1	none	none	0	0	0.0	0.0	0.0	IPR032874
NZ_CP148677.1_1-8468:._4	NZ_CP148677.1_3	NZ_CP148677.1_1-8468	3489	3596	1	none	none	0	0	0.0	0.0	0.0	
NZ_CP094500.1_14467-25053:._10	NZ_CP094500.1_23	NZ_CP094500.1_14467-25053	7022	8251	-1	none	none	0	0	0.0	0.0	0.0	IPR024499
NZ_CP036118.1_26961-37622:._6	NZ_CP036118.1_38	NZ_CP036118.1_26961-37622	4026	4991	-1	none	none	0	0	0.0	0.0	0.0	IPR004107
NZ_CP036119.1_145244-155818:._11	NZ_CP036119.1_142	NZ_CP036119.1_145244-155818	5575	5997	1	none	none	0	0	0.0	0.0	0.0	IPR002711;IPR003615
NZ_CP110214.1_720933-731582:._9	NZ_CP110214.1_716	NZ_CP110214.1_720933-731582	4710	4994	-1	none	none	0	0	0.0	0.0	0.0	IPR001357
NZ_CP110215.1_6345-16994:._9	NZ_CP110215.1_17	NZ_CP110215.1_6345-16994	5656	5940	1	NZ_CP110215.1_6345-16994:._7	MazEF	776	1	0.6784	0.1	0.447	IPR001357
NZ_CP110216.1_30888-41147:._4	NZ_CP110216.1_42	NZ_CP110216.1_30888-41147	4271	4954	-1	none	none	0	0	0.0	0.0	0.0	IPR032874
NZ_OY970403.1_92-10645:._3	NZ_OY970403.1_4	NZ_OY970403.1_92-10645	2009	4981	-1	NZ_OY970403.1_92-10645:._1	Thoeris	1531	3	0.4651	0.3	0.3991	IPR002513;IPR025296
NZ_OY970403.1_11337-21902:._7	NZ_OY970403.1_17	NZ_OY970403.1_11337-21902	4689	4910	-1	none	none	0	0	0.0	0.0	0.0	
NZ_DBJOSH010000002.1_65763-76316:._3	NZ_DBJOSH010000002.1_71	NZ_DBJOSH010000002.1_65763-76316	2081	4996	-1	none	none	0	0	0.0	0.0	0.0	IPR002513;IPR025296
NZ_CP047850.1_9334-19941:._6	NZ_CP047850.1_18	NZ_CP047850.1_9334-19941	5623	5781	1	NZ_CP047850.1_9334-19941:._15	RM	4504	1	0.1052	0.1	0.1031	
NZ_CP102532.1_808836-819419:._10	NZ_CP102532.1_756	NZ_CP102532.1_808836-819419	5633	6496	1	none	none	0	0	0.0	0.0	0.0	IPR003439
NZ_CP031605.1_2177239-2187855:._5	NZ_CP031605.1_2133	NZ_CP031605.1_2177239-2187855	4716	5000	-1	none	none	0	0	0.0	0.0	0.0	
NZ_CP023053.1_20891-31444:._3	NZ_CP023053.1_28	NZ_CP023053.1_20891-31444	2081	4996	-1	NZ_CP023053.1_20891-31444:._7	MazEF	3525	0	0.1716	0.0	0.103	IPR002513;IPR025296
NZ_CP023053.1_34274-44881:._7	NZ_CP023053.1_46	NZ_CP023053.1_34274-44881	5598	5825	1	NZ_CP023053.1_34274-44881:._8	RosmerTA	361	2	0.8349	0.2	0.5809	
NZ_CP013958.1_1-7112:._6	NZ_CP013958.1_7	NZ_CP013958.1_1-7112	1817	1948	-1	NZ_CP013958.1_1-7112:._3	RosmerTA	908	1	0.6351	0.1	0.421	IPR006119
NZ_CP139106.1_4426717-4437345:._9	NZ_CP139106.1_4351	NZ_CP139106.1_4426717-4437345	5643	5951	1	none	none	0	0	0.0	0.0	0.0	
NZ_CP012651.1_17092-27660:._11	NZ_CP012651.1_31	NZ_CP012651.1_17092-27660	9080	10180	1	none	none	0	0	0.0	0.0	0.0	IPR000192
NZ_CP012652.1_21894-32489:._3	NZ_CP012652.1_34	NZ_CP012652.1_21894-32489	1948	2451	-1	none	none	0	0	0.0	0.0	0.0	IPR002559
NZ_CP012659.1_20182-30750:._6	NZ_CP012659.1_31	NZ_CP012659.1_20182-30750	3302	4072	1	none	none	0	0	0.0	0.0	0.0	IPR002347
NZ_CP045730.1_19794-30377:._10	NZ_CP045730.1_38	NZ_CP045730.1_19794-30377	7632	8984	-1	NZ_CP045730.1_19794-30377:._12	CBASS	823	4	0.6627	0.4	0.5576	IPR011701
NZ_CP045731.1_14233-24816:._10	NZ_CP045731.1_33	NZ_CP045731.1_14233-24816	5603	5776	1	none	none	0	0	0.0	0.0	0.0	IPR001789
NZ_CP168921.1_46705-57312:._14	NZ_CP168921.1_53	NZ_CP168921.1_46705-57312	10265	10606	1	none	none	0	0	0.0	0.0	0.0	IPR007693
NZ_CP168922.1_539-11092:._2	NZ_CP168922.1_3	NZ_CP168922.1_539-11092	2081	4996	-1	none	none	0	0	0.0	0.0	0.0	IPR002513;IPR025296
NZ_CP091893.1_1-7954:._7	NZ_CP091893.1_8	NZ_CP091893.1_1-7954	3328	3669	-1	NZ_CP091893.1_1-7954:._3	RosmerTA	2517	2	0.2841	0.2	0.2504	IPR001640
NZ_CP091894.1_992-11596:._3	NZ_CP091894.1_5	NZ_CP091894.1_992-11596	2304	3377	-1	none	none	0	0	0.0	0.0	0.0	
NZ_CP178539.1_34437-45068:._6	NZ_CP178539.1_41	NZ_CP178539.1_34437-45068	5719	6621	1	none	none	0	0	0.0	0.0	0.0	IPR003740;IPR019264
NZ_AP040134.1_29470-40098:._6	NZ_AP040134.1_38	NZ_AP040134.1_29470-40098	4178	4978	-1	none	none	0	0	0.0	0.0	0.0	
NZ_AP040134.1_29470-40098:._18	NZ_AP040134.1_48	NZ_AP040134.1_29470-40098	10041	10628	1	none	none	0	0	0.0	0.0	0.0	IPR006171;IPR034144
NZ_CP131857.1_80553-90896:._8	NZ_CP131857.1_106	NZ_CP131857.1_80553-90896	5354	5614	1	NZ_CP131857.1_80553-90896:._10	RosmerTA	1530	4	0.4653	0.4	0.4392	IPR006120
NZ_CP086327.1_2903-13552:._8	NZ_CP086327.1_10	NZ_CP086327.1_2903-13552	4710	4994	-1	none	none	0	0	0.0	0.0	0.0	IPR001357
NZ_OY724191.1_17918-28498:._9	NZ_OY724191.1_29	NZ_OY724191.1_17918-28498	7601	7741	-1	none	none	0	0	0.0	0.0	0.0	
NZ_JBSOOT010000002.1_1314-11945:._6	NZ_JBSOOT010000002.1_7	NZ_JBSOOT010000002.1_1314-11945	5719	6621	1	none	none	0	0	0.0	0.0	0.0	IPR003740;IPR019264
NZ_JBSOOT010000002.1_58623-69233:._3	NZ_JBSOOT010000002.1_73	NZ_JBSOOT010000002.1_58623-69233	2864	4900	-1	NZ_JBSOOT010000002.1_58623-69233:._1	PrrC	1327	2	0.515	0.2	0.389	IPR003855
NZ_JBSOOT010000004.1_4521-14681:._7	NZ_JBSOOT010000004.1_12	NZ_JBSOOT010000004.1_4521-14681	5182	5880	1	none	none	0	0	0.0	0.0	0.0	
NZ_CP181228.1_45029-55669:._11	NZ_CP181228.1_55	NZ_CP181228.1_45029-55669	5693	5899	1	NZ_CP181228.1_45029-55669:._15	Anti_CRISPR	1629	1	0.4429	0.1	0.3057	
NZ_CP148713.1_30555-41288:._11	NZ_CP148713.1_41	NZ_CP148713.1_30555-41288	4872	4979	-1	NZ_CP148713.1_30555-41288:._13	6A_MBL	1297	2	0.5228	0.2	0.3937	
NZ_CP148714.1_43544-54103:._1	NZ_CP148714.1_41	NZ_CP148714.1_43544-54103	2	364	-1	NZ_CP148714.1_43544-54103:._7	Gao_Iet	6023	0	0.0492	0.0	0.0295	IPR007197
NZ_CP168679.1_318369-329018:._9	NZ_CP168679.1_316	NZ_CP168679.1_318369-329018	4710	4994	-1	none	none	0	0	0.0	0.0	0.0	IPR001357
NZ_CP091523.1_347418-358016:._9	NZ_CP091523.1_317	NZ_CP091523.1_347418-358016	5660	5974	1	NZ_CP091523.1_347418-358016:._14	Avs	2900	1	0.2346	0.1	0.1807	IPR001845;IPR011991
NZ_CP197296.1_3900-14504:._9	NZ_CP197296.1_13	NZ_CP197296.1_3900-14504	4768	4953	-1	NZ_CP197296.1_3900-14504:._4	RosmerTA	1626	1	0.4435	0.1	0.3061	
NZ_CP113980.1_1318603-1329156:._8	NZ_CP113980.1_1200	NZ_CP113980.1_1318603-1329156	3790	5025	-1	none	none	0	0	0.0	0.0	0.0	
NZ_LR215981.1_3032908-3043395:._7	NZ_LR215981.1_2894	NZ_LR215981.1_3032908-3043395	4692	4928	-1	NZ_LR215981.1_3032908-3043395:._9	RM	538	1	0.7641	0.1	0.4985	
NZ_LR215981.1_3684199-3694818:._7	NZ_LR215981.1_3473	NZ_LR215981.1_3684199-3694818	5604	6389	1	NZ_LR215981.1_3684199-3694818:._10	AbiE	1424	2	0.4907	0.2	0.3744	IPR005754;IPR009835
NZ_CP143802.1_1-10551:._7	NZ_CP143802.1_6	NZ_CP143802.1_1-10551	5559	5804	1	NZ_CP143802.1_1-10551:._5	Pycsar	701	5	0.7043	0.5	0.6226	
NZ_CP143805.1_53448-64079:._6	NZ_CP143805.1_56	NZ_CP143805.1_53448-64079	5729	6091	1	none	none	0	0	0.0	0.0	0.0	
NZ_CP185990.1_383033-393637:._5	NZ_CP185990.1_378	NZ_CP185990.1_383033-393637	5630	6253	1	none	none	0	0	0.0	0.0	0.0	
NZ_CP069180.2_29316-39896:._6	NZ_CP069180.2_40	NZ_CP069180.2_29316-39896	2708	3775	-1	none	none	0	0	0.0	0.0	0.0	IPR013610
NZ_JBVTML010000002.1_15357-25970:._11	NZ_JBVTML010000002.1_26	NZ_JBVTML010000002.1_15357-25970	4011	4835	1	none	none	0	0	0.0	0.0	0.0	
NZ_CP021928.1_1-8829:._2	NZ_CP021928.1_1	NZ_CP021928.1_1-8829	1000	1308	1	none	none	0	0	0.0	0.0	0.0	IPR006119
NZ_CP013921.1_2289716-2300365:._10	NZ_CP013921.1_2245	NZ_CP013921.1_2289716-2300365	5656	5943	1	none	none	0	0	0.0	0.0	0.0	IPR001357
NZ_CP129013.1_3410480-3421510:._12	NZ_CP129013.1_3761	NZ_CP129013.1_3410480-3421510	6055	6297	1	none	none	0	0	0.0	0.0	0.0	
NZ_CP050816.1_751840-762456:._9	NZ_CP050816.1_688	NZ_CP050816.1_751840-762456	5617	7761	1	NZ_CP050816.1_751840-762456:._3	RosmerTA	3553	0	0.1692	0.0	0.1015	IPR006171;IPR013497;IPR013498;IPR034144
NZ_CP013056.1_10238-20875:._5	NZ_CP013056.1_17	NZ_CP013056.1_10238-20875	3861	3998	-1	NZ_CP013056.1_10238-20875:._4	RM	105	1	0.9489	0.1	0.6093	
NZ_CP013057.1_17886-28430:._8	NZ_CP013057.1_26	NZ_CP013057.1_17886-28430	5588	8536	1	none	none	0	0	0.0	0.0	0.0	IPR002513;IPR025296
NZ_CP013058.1_1-9767:._7	NZ_CP013058.1_6	NZ_CP013058.1_1-9767	4810	7758	1	none	none	0	0	0.0	0.0	0.0	IPR002513;IPR025296
NZ_CP089308.1_44338-54987:._7	NZ_CP089308.1_58	NZ_CP089308.1_44338-54987	4710	4994	-1	none	none	0	0	0.0	0.0	0.0	IPR001357
NZ_CP063981.1_10670-21283:._9	NZ_CP063981.1_16	NZ_CP063981.1_10670-21283	5601	7610	1	none	none	0	0	0.0	0.0	0.0	IPR011646
NZ_CP184509.1_11135-21688:._8	NZ_CP184509.1_22	NZ_CP184509.1_11135-21688	5558	8473	1	none	none	0	0	0.0	0.0	0.0	IPR002513;IPR025296
NZ_JBUBPU010000005.1_1-5823:._2	NZ_JBUBPU010000005.1_1	NZ_JBUBPU010000005.1_1-5823	826	984	1	none	none	0	0	0.0	0.0	0.0	
NZ_CP020459.1_25070-35710:._10	NZ_CP020459.1_34	NZ_CP020459.1_25070-35710	8055	8420	-1	none	none	0	0	0.0	0.0	0.0	
NC_011660.1_1812761-1822957:._7	NC_011660.1_1809	NC_011660.1_1812761-1822957	5231	5557	1	none	none	0	0	0.0	0.0	0.0	IPR006119
NZ_CP110075.1_24920-35521:._9	NZ_CP110075.1_32	NZ_CP110075.1_24920-35521	4140	4934	-1	none	none	0	0	0.0	0.0	0.0	IPR043733
NZ_CP091103.1_102167-112789:._11	NZ_CP091103.1_126	NZ_CP091103.1_102167-112789	5719	6399	1	none	none	0	0	0.0	0.0	0.0	IPR032874
NZ_CP091102.1_51696-62312:._6	NZ_CP091102.1_62	NZ_CP091102.1_51696-62312	2856	5000	-1	NZ_CP091102.1_51696-62312:._12	Lamassu-Fam	2774	7	0.2498	0.7	0.4299	IPR006171;IPR013497;IPR013498;IPR034144
NZ_CP028728.1_1-8635:._5	NZ_CP028728.1_4	NZ_CP028728.1_1-8635	3635	5779	1	none	none	0	0	0.0	0.0	0.0	IPR006171;IPR013497;IPR013498;IPR034144
NZ_CP098026.1_48197-58840:._12	NZ_CP098026.1_63	NZ_CP098026.1_48197-58840	5666	5872	1	none	none	0	0	0.0	0.0	0.0	
NZ_CP098029.1_1-5886:._1	NZ_CP098029.1_2	NZ_CP098029.1_1-5886	3	269	-1	none	none	0	0	0.0	0.0	0.0	
NZ_CP113126.1_13802-24388:._9	NZ_CP113126.1_29	NZ_CP113126.1_13802-24388	7565	8485	-1	none	none	0	0	0.0	0.0	0.0	IPR001584
NZ_CP113126.1_13802-24388:._13	NZ_CP113126.1_31	NZ_CP113126.1_13802-24388	10133	10504	1	none	none	0	0	0.0	0.0	0.0	IPR025161
NZ_CP113125.1_20157-30470:._5	NZ_CP113125.1_34	NZ_CP113125.1_20157-30470	3340	3528	1	none	none	0	0	0.0	0.0	0.0	
NZ_CP113125.1_20157-30470:._11	NZ_CP113125.1_42	NZ_CP113125.1_20157-30470	8125	8475	-1	none	none	0	0	0.0	0.0	0.0	IPR035528
NZ_CP113124.1_14258-24889:._9	NZ_CP113124.1_29	NZ_CP113124.1_14258-24889	7053	7316	-1	none	none	0	0	0.0	0.0	0.0	IPR003735
NZ_CP113121.1_5427-16010:._10	NZ_CP113121.1_15	NZ_CP113121.1_5427-16010	8315	8632	1	none	none	0	0	0.0	0.0	0.0	IPR025161
NZ_CP113120.1_23571-34166:._3	NZ_CP113120.1_26	NZ_CP113120.1_23571-34166	1947	2219	-1	none	none	0	0	0.0	0.0	0.0	
NZ_CP113119.1_3777-14408:._4	NZ_CP113119.1_10	NZ_CP113119.1_3777-14408	2640	2924	1	none	none	0	0	0.0	0.0	0.0	
NZ_CP113119.1_24133-34662:._1	NZ_CP113119.1_34	NZ_CP113119.1_24133-34662	1	585	-1	none	none	0	0	0.0	0.0	0.0	IPR004629
NZ_CP113119.1_24133-34662:._8	NZ_CP113119.1_42	NZ_CP113119.1_24133-34662	5860	6258	-1	none	none	0	0	0.0	0.0	0.0	IPR016667
NZ_CP064316.1_611124-621773:._8	NZ_CP064316.1_600	NZ_CP064316.1_611124-621773	4710	4994	-1	none	none	0	0	0.0	0.0	0.0	IPR001357
NZ_CP136672.1_38732-49363:._7	NZ_CP136672.1_52	NZ_CP136672.1_38732-49363	5719	6621	1	none	none	0	0	0.0	0.0	0.0	IPR003740;IPR019264
NZ_CP197393.1_549331-559947:._6	NZ_CP197393.1_585	NZ_CP197393.1_549331-559947	5617	5901	1	none	none	0	0	0.0	0.0	0.0	
NZ_CP148705.1_27058-37617:._3	NZ_CP148705.1_18	NZ_CP148705.1_27058-37617	1598	2044	1	none	none	0	0	0.0	0.0	0.0	IPR006976
NZ_CP148708.1_5371-14654:._3	NZ_CP148708.1_8	NZ_CP148708.1_5371-14654	1979	4195	-1	NZ_CP148708.1_5371-14654:._2	Lamassu-Fam	0	7	1.0	0.7	0.88	IPR003439;IPR005074;IPR011527
NZ_CP148708.1_16805-27520:._3	NZ_CP148708.1_18	NZ_CP148708.1_16805-27520	2695	4911	-1	NZ_CP148708.1_16805-27520:._2	Lamassu-Fam	0	7	1.0	0.7	0.88	IPR003439;IPR005074;IPR011527
NZ_CP036148.1_250831-261696:._7	NZ_CP036148.1_225	NZ_CP036148.1_250831-261696	4894	5034	-1	none	none	0	0	0.0	0.0	0.0	
NZ_CP036148.1_265870-276564:._5	NZ_CP036148.1_240	NZ_CP036148.1_265870-276564	4691	4921	-1	none	none	0	0	0.0	0.0	0.0	IPR006542
NZ_CP093170.1_1910093-1920277:._9	NZ_CP093170.1_1771	NZ_CP093170.1_1910093-1920277	4733	4921	-1	none	none	0	0	0.0	0.0	0.0	
NZ_CP093170.1_2535109-2545725:._7	NZ_CP093170.1_2391	NZ_CP093170.1_2535109-2545725	4709	4996	-1	NZ_CP093170.1_2535109-2545725:._5	Anti_CRISPR	783	2	0.676	0.2	0.4856	
NZ_CP073267.1_22537-33153:._12	NZ_CP073267.1_31	NZ_CP073267.1_22537-33153	9422	10003	1	none	none	0	0	0.0	0.0	0.0	IPR000888
NZ_CP092550.1_2675377-2685492:._5	NZ_CP092550.1_2519	NZ_CP092550.1_2675377-2685492	5170	5850	1	none	none	0	0	0.0	0.0	0.0	IPR032874
NZ_CP119344.1_151971-162602:._7	NZ_CP119344.1_161	NZ_CP119344.1_151971-162602	5693	6007	1	none	none	0	0	0.0	0.0	0.0	IPR001845;IPR011991
NZ_CP020436.2_1-5724:._1	NZ_CP020436.2_2	NZ_CP020436.2_1-5724	1	492	-1	none	none	0	0	0.0	0.0	0.0	IPR005074
NZ_CP020436.2_1-5724:._6	NZ_CP020436.2_5	NZ_CP020436.2_1-5724	5408	5722	1	none	none	0	0	0.0	0.0	0.0	IPR004107
NZ_CP020435.1_1-10424:._1	NZ_CP020435.1_2	NZ_CP020435.1_1-10424	1	123	-1	none	none	0	0	0.0	0.0	0.0	
NZ_CP020435.1_1-10424:._6	NZ_CP020435.1_5	NZ_CP020435.1_1-10424	4927	5406	1	none	none	0	0	0.0	0.0	0.0	
NZ_CP119160.1_44483-55087:._8	NZ_CP119160.1_52	NZ_CP119160.1_44483-55087	5652	6428	1	none	none	0	0	0.0	0.0	0.0	IPR001584;IPR025948
NZ_CM125432.1_15867-26453:._11	NZ_CM125432.1_25	NZ_CM125432.1_15867-26453	7171	7797	-1	none	none	0	0	0.0	0.0	0.0	IPR007353;IPR048454
NZ_CP110800.1_25517-36109:._10	NZ_CP110800.1_38	NZ_CP110800.1_25517-36109	5690	6496	1	none	none	0	0	0.0	0.0	0.0	IPR025669
NZ_CP184244.1_14722-25335:._8	NZ_CP184244.1_26	NZ_CP184244.1_14722-25335	5573	5665	1	NZ_CP184244.1_14722-25335:._3	AbiD	3305	1	0.1916	0.1	0.1549	
NZ_CP116957.1_837440-848056:._8	NZ_CP116957.1_855	NZ_CP116957.1_837440-848056	5617	7761	1	none	none	0	0	0.0	0.0	0.0	IPR006171;IPR013497;IPR013498;IPR034144
NZ_CP028183.1_54669-65222:._8	NZ_CP028183.1_61	NZ_CP028183.1_54669-65222	9185	9673	1	none	none	0	0	0.0	0.0	0.0	IPR034026
NZ_CP028184.1_38620-49227:._7	NZ_CP028184.1_49	NZ_CP028184.1_38620-49227	5598	5825	1	NZ_CP028184.1_38620-49227:._8	RosmerTA	361	9	0.8349	0.9	0.8609	
NZ_CP134264.1_55408-66144:._8	NZ_CP134264.1_65	NZ_CP134264.1_55408-66144	3731	4942	-1	none	none	0	0	0.0	0.0	0.0	
NZ_CP191291.1_292919-303541:._8	NZ_CP191291.1_282	NZ_CP191291.1_292919-303541	5653	5865	1	NZ_CP191291.1_292919-303541:._15	RM	2740	2	0.2541	0.2	0.2325	
NZ_CP035170.1_1464-12017:._12	NZ_CP035170.1_15	NZ_CP035170.1_1464-12017	6534	7007	1	NZ_CP035170.1_1464-12017:._8	RM	1729	3	0.4213	0.3	0.3728	
NZ_CP035172.1_13127-23680:._1	NZ_CP035172.1_15	NZ_CP035172.1_13127-23680	2	196	-1	none	none	0	0	0.0	0.0	0.0	IPR025161
NZ_CP156669.1_42748-53010:._7	NZ_CP156669.1_59	NZ_CP156669.1_42748-53010	4689	4997	-1	none	none	0	0	0.0	0.0	0.0	IPR006119
NZ_OZ061587.1_1605-11921:._6	NZ_OZ061587.1_7	NZ_OZ061587.1_1605-11921	6373	7293	1	NZ_OZ061587.1_1605-11921:._3	Dodola	1438	1	0.4872	0.1	0.3323	IPR001584
NZ_OZ061588.1_16218-26813:._9	NZ_OZ061588.1_33	NZ_OZ061588.1_16218-26813	5725	6141	1	none	none	0	0	0.0	0.0	0.0	IPR005531
NZ_CP012296.1_1-5948:._3	NZ_CP012296.1_2	NZ_CP012296.1_1-5948	1867	2238	1	none	none	0	0	0.0	0.0	0.0	IPR007438
NZ_CP050491.1_1597827-1608440:._4	NZ_CP050491.1_1546	NZ_CP050491.1_1597827-1608440	3007	5034	-1	none	none	0	0	0.0	0.0	0.0	IPR011646
NZ_CP050492.1_33294-43898:._4	NZ_CP050492.1_37	NZ_CP050492.1_33294-43898	2119	4953	-1	none	none	0	0	0.0	0.0	0.0	IPR002513;IPR025296
NZ_CP050492.1_61514-71935:._3	NZ_CP050492.1_63	NZ_CP050492.1_61514-71935	3699	5000	-1	none	none	0	0	0.0	0.0	0.0	IPR006171;IPR013497;IPR034144
NZ_CP016281.1_27942-38501:._3	NZ_CP016281.1_37	NZ_CP016281.1_27942-38501	2007	4964	-1	none	none	0	0	0.0	0.0	0.0	IPR002513;IPR025296
NZ_CP066660.1_10788-21401:._17	NZ_CP066660.1_20	NZ_CP066660.1_10788-21401	8186	8476	1	NZ_CP066660.1_10788-21401:._4	AbiE	6143	0	0.0464	0.0	0.0278	
NZ_CP181289.1_12046-22695:._10	NZ_CP181289.1_24	NZ_CP181289.1_12046-22695	5656	5940	1	none	none	0	0	0.0	0.0	0.0	IPR001357
NZ_CP013714.1_35799-46403:._8	NZ_CP013714.1_48	NZ_CP013714.1_35799-46403	7154	9412	1	none	none	0	0	0.0	0.0	0.0	IPR001753;IPR006108;IPR006176
NZ_CP072696.1_52275-62912:._11	NZ_CP072696.1_63	NZ_CP072696.1_52275-62912	8371	8622	1	none	none	0	0	0.0	0.0	0.0	
NZ_CP176623.1_2893114-2903718:._8	NZ_CP176623.1_2787	NZ_CP176623.1_2893114-2903718	4671	4946	-1	NZ_CP176623.1_2893114-2903718:._5	Anti_CRISPR	1645	1	0.4393	0.1	0.3036	
NZ_CP066339.1_879676-890229:._6	NZ_CP066339.1_792	NZ_CP066339.1_879676-890229	5562	5705	1	none	none	0	0	0.0	0.0	0.0	
NZ_CP009624.2_2588-13141:._10	NZ_CP009624.2_12	NZ_CP009624.2_2588-13141	5565	5813	1	NZ_CP009624.2_2588-13141:._13	MazEF	1694	2	0.4287	0.2	0.3372	IPR001387
NZ_CP025443.1_10240-20847:._10	NZ_CP025443.1_15	NZ_CP025443.1_10240-20847	9685	10017	1	none	none	0	0	0.0	0.0	0.0	IPR005171
NZ_CP025444.1_5499-16052:._4	NZ_CP025444.1_9	NZ_CP025444.1_5499-16052	2081	4996	-1	none	none	0	0	0.0	0.0	0.0	IPR002513;IPR025296
NZ_CP025444.1_5499-16052:._12	NZ_CP025444.1_15	NZ_CP025444.1_5499-16052	10339	10554	1	none	none	0	0	0.0	0.0	0.0	
NZ_CP123966.1_308348-318814:._6	NZ_CP123966.1_312	NZ_CP123966.1_308348-318814	4464	5000	-1	NZ_CP123966.1_308348-318814:._12	RosmerTA	3403	1	0.1824	0.1	0.1494	IPR002104
NZ_CP123966.1_777331-787983:._7	NZ_CP123966.1_779	NZ_CP123966.1_777331-787983	4591	4962	-1	NZ_CP123966.1_777331-787983:._5	RosmerTA	316	1	0.8538	0.1	0.5523	
NZ_JBRFVB010000003.1_170394-181019:._3	NZ_JBRFVB010000003.1_152	NZ_JBRFVB010000003.1_170394-181019	1950	5003	-1	none	none	0	0	0.0	0.0	0.0	IPR002513;IPR025296
NZ_CP097045.1_364179-374795:._4	NZ_CP097045.1_350	NZ_CP097045.1_364179-374795	4044	5000	-1	NZ_CP097045.1_364179-374795:._9	PD-Lambda-1	4998	0	0.0822	0.0	0.0493	IPR006171;IPR013497;IPR034144
NZ_CP180278.1_1-8416:._5	NZ_CP180278.1_4	NZ_CP180278.1_1-8416	4235	6181	1	NZ_CP180278.1_1-8416:._4	Retron	5	2	0.9975	0.2	0.6785	IPR002288;IPR003594;IPR006171;IPR013506;IPR034160
NZ_CP179940.1_15262-25854:._10	NZ_CP179940.1_26	NZ_CP179940.1_15262-25854	5633	6496	1	NZ_CP179940.1_15262-25854:._12	Anti_CRISPR	835	1	0.6587	0.1	0.4352	IPR025669
NZ_CP158978.1_6456-17039:._12	NZ_CP158978.1_17	NZ_CP158978.1_6456-17039	7490	8323	1	none	none	0	0	0.0	0.0	0.0	IPR001584;IPR025948
NZ_CP141832.1_3238582-3249294:._7	NZ_CP141832.1_3007	NZ_CP141832.1_3238582-3249294	5777	6151	1	NZ_CP141832.1_3238582-3249294:._4	RM	2453	2	0.2933	0.2	0.256	IPR001367;IPR022687
NZ_CP060862.1_9626-20248:._6	NZ_CP060862.1_20	NZ_CP060862.1_9626-20248	4224	4904	-1	none	none	0	0	0.0	0.0	0.0	IPR032874
NZ_CP060862.1_32494-43158:._4	NZ_CP060862.1_49	NZ_CP060862.1_32494-43158	4044	5000	-1	none	none	0	0	0.0	0.0	0.0	IPR006171;IPR013497;IPR034144
NZ_CP060863.1_43228-53841:._7	NZ_CP060863.1_49	NZ_CP060863.1_43228-53841	2761	3468	1	NZ_CP060863.1_43228-53841:._11	MazEF	901	2	0.6373	0.2	0.4624	
NZ_CP060863.1_154038-164381:._8	NZ_CP060863.1_202	NZ_CP060863.1_154038-164381	5354	5614	1	NZ_CP060863.1_154038-164381:._10	RosmerTA	1530	4	0.4653	0.4	0.4392	IPR006120
NZ_CP083606.1_22047-32600:._8	NZ_CP083606.1_30	NZ_CP083606.1_22047-32600	5566	5814	1	none	none	0	0	0.0	0.0	0.0	IPR001387
NZ_CP085178.1_2126-12586:._7	NZ_CP085178.1_7	NZ_CP085178.1_2126-12586	7202	7729	1	NZ_CP085178.1_2126-12586:._3	Retron	5097	0	0.0782	0.0	0.0469	IPR000424
NZ_CP085178.1_2126-12586:._8	NZ_CP085178.1_8	NZ_CP085178.1_2126-12586	7756	7992	1	NZ_CP085178.1_2126-12586:._3	Retron	5651	0	0.0593	0.0	0.0356	IPR001648
NZ_CP085179.1_2568-12782:._5	NZ_CP085179.1_8	NZ_CP085179.1_2568-12782	4558	5019	-1	none	none	0	0	0.0	0.0	0.0	IPR006119;IPR006120
NZ_CP137770.1_5925-16517:._6	NZ_CP137770.1_16	NZ_CP137770.1_5925-16517	4002	5003	-1	NZ_CP137770.1_5925-16517:._1	RosmerTA	3088	1	0.2135	0.1	0.1681	IPR002104;IPR004107
NZ_CP085027.1_7690-18306:._9	NZ_CP085027.1_13	NZ_CP085027.1_7690-18306	10204	10617	1	none	none	0	0	0.0	0.0	0.0	IPR020069;IPR020070
NZ_CP085027.1_2311348-2321967:._13	NZ_CP085027.1_2271	NZ_CP085027.1_2311348-2321967	10005	10619	1	none	none	0	0	0.0	0.0	0.0	IPR032874
NZ_CP085028.1_8090-18697:._4	NZ_CP085028.1_13	NZ_CP085028.1_8090-18697	1476	1874	1	none	none	0	0	0.0	0.0	0.0	
NZ_CP096162.1_1-8807:._6	NZ_CP096162.1_4	NZ_CP096162.1_1-8807	3761	3904	1	none	none	0	0	0.0	0.0	0.0	
NZ_CP113043.1_47480-57772:._6	NZ_CP113043.1_69	NZ_CP113043.1_47480-57772	4684	5028	-1	none	none	0	0	0.0	0.0	0.0	IPR006120
NZ_CP115814.1_18903-29495:._10	NZ_CP115814.1_31	NZ_CP115814.1_18903-29495	5633	6496	1	NZ_CP115814.1_18903-29495:._12	Anti_CRISPR	835	1	0.6587	0.1	0.4352	IPR025669
NZ_CP175030.1_291722-302344:._9	NZ_CP175030.1_281	NZ_CP175030.1_291722-302344	5653	5865	1	none	none	0	0	0.0	0.0	0.0	
NZ_CP175030.1_2843516-2853838:._8	NZ_CP175030.1_2799	NZ_CP175030.1_2843516-2853838	5339	6031	1	none	none	0	0	0.0	0.0	0.0	IPR006171;IPR013497;IPR034144
NZ_CP096887.1_2223728-2234377:._9	NZ_CP096887.1_2175	NZ_CP096887.1_2223728-2234377	5656	5940	1	NZ_CP096887.1_2223728-2234377:._4	VP1851	3096	1	0.2127	0.1	0.1676	IPR001357
NZ_CP032467.1_8202-18794:._8	NZ_CP032467.1_18	NZ_CP032467.1_8202-18794	4097	4960	-1	NZ_CP032467.1_8202-18794:._6	Anti_CRISPR	835	1	0.6587	0.1	0.4352	IPR025669
NZ_CP032467.1_41078-51670:._8	NZ_CP032467.1_58	NZ_CP032467.1_41078-51670	4097	4960	-1	NZ_CP032467.1_41078-51670:._6	Anti_CRISPR	835	1	0.6587	0.1	0.4352	IPR025669
NZ_CP145263.1_2109428-2120026:._5	NZ_CP145263.1_2054	NZ_CP145263.1_2109428-2120026	4584	4931	-1	none	none	0	0	0.0	0.0	0.0	IPR010712
NZ_CP151955.1_5603279-5613913:._4	NZ_CP151955.1_5193	NZ_CP151955.1_5603279-5613913	4269	4952	-1	NZ_CP151955.1_5603279-5613913:._4	RM	0	3	1.0	0.3	0.72	IPR002941
NZ_CP151955.1_7082226-7092857:._10	NZ_CP151955.1_6509	NZ_CP151955.1_7082226-7092857	4842	4973	-1	none	none	0	0	0.0	0.0	0.0	
NZ_AP028678.1_36828-47477:._7	NZ_AP028678.1_45	NZ_AP028678.1_36828-47477	5656	5940	1	none	none	0	0	0.0	0.0	0.0	IPR001357
NZ_CP106835.1_1-9937:._11	NZ_CP106835.1_10	NZ_CP106835.1_1-9937	5012	5257	1	none	none	0	0	0.0	0.0	0.0	
NZ_CP177123.1_71019-81572:._3	NZ_CP177123.1_75	NZ_CP177123.1_71019-81572	2081	4996	-1	none	none	0	0	0.0	0.0	0.0	IPR002513;IPR025296
NZ_LR135183.1_17917-28518:._7	NZ_LR135183.1_29	NZ_LR135183.1_17917-28518	4292	4984	-1	NZ_LR135183.1_17917-28518:._13	RosmerTA	3554	1	0.1691	0.1	0.1415	IPR006171;IPR013497;IPR034144
NZ_LR698988.1_618036-628685:._8	NZ_LR698988.1_613	NZ_LR698988.1_618036-628685	4710	4994	-1	none	none	0	0	0.0	0.0	0.0	IPR001357
NZ_CP184523.1_56259-66866:._10	NZ_CP184523.1_61	NZ_CP184523.1_56259-66866	8796	9770	1	none	none	0	0	0.0	0.0	0.0	IPR001731
NZ_CP184522.1_10093-20646:._2	NZ_CP184522.1_11	NZ_CP184522.1_10093-20646	2081	4996	-1	none	none	0	0	0.0	0.0	0.0	IPR002513;IPR025296
NZ_CP017566.1_4167-14753:._10	NZ_CP017566.1_12	NZ_CP017566.1_4167-14753	9629	10081	1	none	none	0	0	0.0	0.0	0.0	IPR020069;IPR020070
NZ_CP194221.1_20781-31385:._3	NZ_CP194221.1_21	NZ_CP194221.1_20781-31385	1545	1766	1	NZ_CP194221.1_20781-31385:._6	RM	1920	0	0.3829	0.0	0.2297	IPR046257
NZ_CP194222.1_10109-20713:._9	NZ_CP194222.1_21	NZ_CP194222.1_10109-20713	7167	8534	1	NZ_CP194222.1_10109-20713:._11	Anti_CRISPR	1083	2	0.5819	0.2	0.4291	IPR039562
NZ_CP194223.1_15818-26428:._4	NZ_CP194223.1_21	NZ_CP194223.1_15818-26428	3342	3674	1	NZ_CP194223.1_15818-26428:._16	Anti_CRISPR	6507	0	0.0386	0.0	0.0232	
NZ_JBTTHU010000002.1_13006-23628:._11	NZ_JBTTHU010000002.1_28	NZ_JBTTHU010000002.1_13006-23628	5646	5858	1	none	none	0	0	0.0	0.0	0.0	
NZ_CP175274.1_34364-45007:._6	NZ_CP175274.1_49	NZ_CP175274.1_34364-45007	5666	5872	1	none	none	0	0	0.0	0.0	0.0	
NZ_CP066784.1_4322133-4332695:._8	NZ_CP066784.1_4043	NZ_CP066784.1_4322133-4332695	5560	6378	1	none	none	0	0	0.0	0.0	0.0	IPR025296
NZ_CP099980.1_122233-132654:._6	NZ_CP099980.1_130	NZ_CP099980.1_122233-132654	5422	5778	1	none	none	0	0	0.0	0.0	0.0	IPR006171;IPR034144
NZ_CP087470.1_1947396-1958012:._5	NZ_CP087470.1_1874	NZ_CP087470.1_1947396-1958012	4716	5000	-1	none	none	0	0	0.0	0.0	0.0	
NZ_CP031785.1_607399-618048:._7	NZ_CP031785.1_601	NZ_CP031785.1_607399-618048	4710	4994	-1	none	none	0	0	0.0	0.0	0.0	IPR001357
NZ_CP174515.1_16215-26864:._6	NZ_CP174515.1_24	NZ_CP174515.1_16215-26864	4710	4994	-1	none	none	0	0	0.0	0.0	0.0	IPR001357
NZ_CP175112.1_1712-12355:._6	NZ_CP175112.1_7	NZ_CP175112.1_1712-12355	5666	5872	1	none	none	0	0	0.0	0.0	0.0	
NZ_CP123761.1_9271-19851:._10	NZ_CP123761.1_17	NZ_CP123761.1_9271-19851	9105	10007	1	none	none	0	0	0.0	0.0	0.0	IPR003740;IPR019264
NZ_CP013750.1_119109-129455:._10	NZ_CP013750.1_110	NZ_CP013750.1_119109-129455	5353	5487	1	none	none	0	0	0.0	0.0	0.0	IPR006120
NZ_CP013752.1_37441-48072:._6	NZ_CP013752.1_44	NZ_CP013752.1_37441-48072	4011	4913	-1	none	none	0	0	0.0	0.0	0.0	IPR003740;IPR019264
NZ_AP022953.1_280304-290947:._6	NZ_AP022953.1_277	NZ_AP022953.1_280304-290947	4753	5007	-1	NZ_AP022953.1_280304-290947:._1	Thoeris	3822	3	0.1479	0.3	0.2088	IPR018690
NZ_CP112872.1_878470-889023:._4	NZ_CP112872.1_806	NZ_CP112872.1_878470-889023	2004	4967	-1	none	none	0	0	0.0	0.0	0.0	IPR002513;IPR025296
NZ_CP081851.1_29072-39721:._7	NZ_CP081851.1_37	NZ_CP081851.1_29072-39721	6021	6632	-1	none	none	0	0	0.0	0.0	0.0	
NZ_JBRYRB010000002.1_1-5492:._3	NZ_JBRYRB010000002.1_2	NZ_JBRYRB010000002.1_1-5492	1050	3965	1	none	none	0	0	0.0	0.0	0.0	IPR002513;IPR025296
NZ_JBRYRB010000002.1_22072-32679:._4	NZ_JBRYRB010000002.1_30	NZ_JBRYRB010000002.1_22072-32679	4783	5010	-1	NZ_JBRYRB010000002.1_22072-32679:._3	RosmerTA	361	2	0.8349	0.2	0.5809	
NZ_CP068700.2_9012-19610:._8	NZ_CP068700.2_17	NZ_CP068700.2_9012-19610	5366	6298	1	none	none	0	0	0.0	0.0	0.0	IPR011611;IPR017583
NZ_CP068702.1_9057-19655:._2	NZ_CP068702.1_14	NZ_CP068702.1_9057-19655	1034	1477	-1	none	none	0	0	0.0	0.0	0.0	IPR008687
NZ_CP068702.1_9057-19655:._3	NZ_CP068702.1_15	NZ_CP068702.1_9057-19655	1506	1622	-1	none	none	0	0	0.0	0.0	0.0	
NZ_CP068703.2_11108-21697:._4	NZ_CP068703.2_15	NZ_CP068703.2_11108-21697	2490	2945	1	none	none	0	0	0.0	0.0	0.0	
NZ_CP126925.2_6074-16654:._10	NZ_CP126925.2_14	NZ_CP126925.2_6074-16654	7938	8537	1	none	none	0	0	0.0	0.0	0.0	IPR006119
NZ_LS483491.1_2076355-2086986:._9	NZ_LS483491.1_2063	NZ_LS483491.1_2076355-2086986	5693	6010	1	none	none	0	0	0.0	0.0	0.0	IPR001845;IPR011991
NZ_CP092581.1_2635094-2645209:._8	NZ_CP092581.1_2484	NZ_CP092581.1_2635094-2645209	4266	4946	-1	none	none	0	0	0.0	0.0	0.0	IPR032874
NZ_CP129662.1_26536-37116:._9	NZ_CP129662.1_37	NZ_CP129662.1_26536-37116	5946	6260	1	none	none	0	0	0.0	0.0	0.0	IPR025948
NZ_CP053963.1_261433-271974:._8	NZ_CP053963.1_314	NZ_CP053963.1_261433-271974	5588	8536	1	none	none	0	0	0.0	0.0	0.0	IPR002513;IPR025296
NZ_CP196613.1_7088-17641:._9	NZ_CP196613.1_19	NZ_CP196613.1_7088-17641	5558	8473	1	NZ_CP196613.1_7088-17641:._5	MazEF	3525	0	0.1716	0.0	0.103	IPR002513;IPR025296
NZ_CP196613.1_30383-40990:._4	NZ_CP196613.1_42	NZ_CP196613.1_30383-40990	4783	5010	-1	NZ_CP196613.1_30383-40990:._3	RosmerTA	361	2	0.8349	0.2	0.5809	
NZ_CP134836.1_17098-27708:._6	NZ_CP134836.1_21	NZ_CP134836.1_17098-27708	6875	7075	1	NZ_CP134836.1_17098-27708:._4	Anti_CRISPR	1345	1	0.5104	0.1	0.3463	
NZ_CP184526.1_9386-19939:._8	NZ_CP184526.1_21	NZ_CP184526.1_9386-19939	5558	8473	1	none	none	0	0	0.0	0.0	0.0	IPR002513;IPR025296
NZ_CP069401.1_984-11540:._3	NZ_CP069401.1_5	NZ_CP069401.1_984-11540	1480	2199	-1	none	none	0	0	0.0	0.0	0.0	IPR004104
NZ_CP069403.1_33170-43735:._1	NZ_CP069403.1_29	NZ_CP069403.1_33170-43735	2	1090	-1	none	none	0	0	0.0	0.0	0.0	IPR025296
NZ_CP149865.1_6836-17434:._9	NZ_CP149865.1_14	NZ_CP149865.1_6836-17434	5660	5974	1	none	none	0	0	0.0	0.0	0.0	IPR001845;IPR011991
NZ_CP172560.1_90584-101188:._6	NZ_CP172560.1_113	NZ_CP172560.1_90584-101188	4749	4952	-1	none	none	0	0	0.0	0.0	0.0	
NZ_OZ260790.1_9547-19830:._5	NZ_OZ260790.1_19	NZ_OZ260790.1_9547-19830	4916	5284	-1	none	none	0	0	0.0	0.0	0.0	IPR006119
NZ_OZ260790.1_21506-31606:._8	NZ_OZ260790.1_33	NZ_OZ260790.1_21506-31606	5137	5250	1	none	none	0	0	0.0	0.0	0.0	IPR006119
NZ_CP045744.1_2118-12725:._4	NZ_CP045744.1_8	NZ_CP045744.1_2118-12725	4783	5010	-1	NZ_CP045744.1_2118-12725:._3	RosmerTA	361	2	0.8349	0.2	0.5809	
NZ_CP045744.1_15556-26109:._9	NZ_CP045744.1_27	NZ_CP045744.1_15556-26109	5558	8473	1	NZ_CP045744.1_15556-26109:._5	MazEF	3525	0	0.1716	0.0	0.103	IPR002513;IPR025296
NZ_CP090410.1_13660-24243:._7	NZ_CP090410.1_23	NZ_CP090410.1_13660-24243	4660	4992	-1	none	none	0	0	0.0	0.0	0.0	
NC_013453.1_1-9136:._4	NC_013453.1_5	NC_013453.1_1-9136	3321	3569	-1	none	none	0	0	0.0	0.0	0.0	IPR001387
NZ_CP097040.1_7488-17615:._8	NZ_CP097040.1_14	NZ_CP097040.1_7488-17615	5150	5836	1	none	none	0	0	0.0	0.0	0.0	IPR032874
NC_023134.1_548613-558740:._8	NC_023134.1_545	NC_023134.1_548613-558740	5157	5567	1	none	none	0	0	0.0	0.0	0.0	IPR006119;IPR006120
NZ_JBRSFN020000005.1_35026-45627:._6	NZ_JBRSFN020000005.1_41	NZ_JBRSFN020000005.1_35026-45627	4538	4927	-1	NZ_JBRSFN020000005.1_35026-45627:._15	RosmerTA	4344	2	0.1139	0.2	0.1484	
NZ_CP113045.1_1-7089:._4	NZ_CP113045.1_3	NZ_CP113045.1_1-7089	2061	2234	1	NZ_CP113045.1_1-7089:._6	RosmerTA	557	2	0.7569	0.2	0.5342	
NZ_CM136919.1_601920-612380:._7	NZ_CM136919.1_594	NZ_CM136919.1_601920-612380	4134	4901	-1	NZ_CM136919.1_601920-612380:._10	Gabija	2396	1	0.3018	0.1	0.2211	
NZ_CM136919.1_618133-628782:._7	NZ_CM136919.1_608	NZ_CM136919.1_618133-628782	4710	4994	-1	none	none	0	0	0.0	0.0	0.0	IPR001357
NZ_CP065525.1_2632-13254:._7	NZ_CP065525.1_9	NZ_CP065525.1_2632-13254	6562	6822	-1	NZ_CP065525.1_2632-13254:._5	RosmerTA	1530	4	0.4653	0.4	0.4392	IPR006120
NZ_CP065526.1_4464-14807:._1	NZ_CP065526.1_9	NZ_CP065526.1_4464-14807	3	200	-1	none	none	0	0	0.0	0.0	0.0	IPR001959
NZ_CP065526.1_4464-14807:._8	NZ_CP065526.1_14	NZ_CP065526.1_4464-14807	3887	4180	1	none	none	0	0	0.0	0.0	0.0	
NZ_CP133007.1_5379-15983:._9	NZ_CP133007.1_12	NZ_CP133007.1_5379-15983	5696	6010	1	NZ_CP133007.1_5379-15983:._5	gcu233	2411	1	0.2995	0.1	0.2197	IPR001845;IPR011991
NZ_CP133008.1_5468-16123:._6	NZ_CP133008.1_14	NZ_CP133008.1_5468-16123	4378	4986	-1	NZ_CP133008.1_5468-16123:._4	Kiwa	1234	1	0.5396	0.1	0.3637	
NZ_CP136355.1_43041-53684:._11	NZ_CP136355.1_46	NZ_CP136355.1_43041-53684	5666	5872	1	NZ_CP136355.1_43041-53684:._15	AbiD	1503	1	0.4717	0.1	0.323	
NZ_CP016092.1_3327274-3337872:._5	NZ_CP016092.1_2998	NZ_CP016092.1_3327274-3337872	3085	4911	-1	NZ_CP016092.1_3327274-3337872:._13	RM	4586	0	0.101	0.0	0.0606	
NZ_CP194916.1_8956-19251:._8	NZ_CP194916.1_15	NZ_CP194916.1_8956-19251	5363	5587	1	NZ_CP194916.1_8956-19251:._3	PrrC	3561	2	0.1686	0.2	0.1811	
NZ_JBRFUY010000002.1_254028-264653:._3	NZ_JBRFUY010000002.1_235	NZ_JBRFUY010000002.1_254028-264653	1950	5003	-1	none	none	0	0	0.0	0.0	0.0	IPR002513;IPR025296
NZ_CP113252.1_11800-22395:._1	NZ_CP113252.1_18	NZ_CP113252.1_11800-22395	1	402	-1	none	none	0	0	0.0	0.0	0.0	IPR002559
NZ_CP113255.1_58269-68900:._8	NZ_CP113255.1_60	NZ_CP113255.1_58269-68900	5729	6091	1	none	none	0	0	0.0	0.0	0.0	
NZ_CP065536.1_8732-19318:._10	NZ_CP065536.1_21	NZ_CP065536.1_8732-19318	9111	9548	-1	none	none	0	0	0.0	0.0	0.0	
NZ_CP065536.1_61230-71837:._10	NZ_CP065536.1_75	NZ_CP065536.1_61230-71837	5687	6181	1	none	none	0	0	0.0	0.0	0.0	
NZ_JBSEFV010000002.1_28122-38444:._6	NZ_JBSEFV010000002.1_33	NZ_JBSEFV010000002.1_28122-38444	4011	4325	1	NZ_JBSEFV010000002.1_28122-38444:._5	Dodola	67	1	0.9671	0.1	0.6202	
NZ_CP036248.1_6153-16757:._11	NZ_CP036248.1_23	NZ_CP036248.1_6153-16757	9043	9735	-1	none	none	0	0	0.0	0.0	0.0	IPR006171;IPR013497;IPR034144
NZ_CP168904.1_46705-57312:._13	NZ_CP168904.1_53	NZ_CP168904.1_46705-57312	9795	10241	1	none	none	0	0	0.0	0.0	0.0	IPR020069;IPR020070
NZ_CP168905.1_539-11092:._2	NZ_CP168905.1_3	NZ_CP168905.1_539-11092	2081	4996	-1	none	none	0	0	0.0	0.0	0.0	IPR002513;IPR025296
NC_005006.1_1443-11921:._4	NC_005006.1_4	NC_005006.1_1443-11921	3392	3769	1	none	none	0	0	0.0	0.0	0.0	
NZ_CP175252.1_20075-30664:._4	NZ_CP175252.1_26	NZ_CP175252.1_20075-30664	3057	3263	1	NZ_CP175252.1_20075-30664:._11	RosmerTA	3789	1	0.1504	0.1	0.1302	
NZ_CP175253.1_17466-28109:._2	NZ_CP175253.1_26	NZ_CP175253.1_17466-28109	1983	2705	1	none	none	0	0	0.0	0.0	0.0	
NZ_CP175253.1_17466-28109:._10	NZ_CP175253.1_34	NZ_CP175253.1_17466-28109	8256	8432	1	none	none	0	0	0.0	0.0	0.0	
NZ_AP031219.1_43048-53691:._6	NZ_AP031219.1_54	NZ_AP031219.1_43048-53691	5666	5872	1	none	none	0	0	0.0	0.0	0.0	
NZ_CP015410.2_2671949-2682553:._7	NZ_CP015410.2_2557	NZ_CP015410.2_2671949-2682553	4671	4946	-1	none	none	0	0	0.0	0.0	0.0	
NZ_CP175761.1_2582565-2593157:._5	NZ_CP175761.1_2393	NZ_CP175761.1_2582565-2593157	5596	5841	1	NZ_CP175761.1_2582565-2593157:._2	RM	1220	2	0.5434	0.2	0.406	
NZ_CP085240.1_22052-32629:._12	NZ_CP085240.1_31	NZ_CP085240.1_22052-32629	5643	6881	1	none	none	0	0	0.0	0.0	0.0	IPR035412;IPR035413
NZ_CP045026.1_56248-66798:._7	NZ_CP045026.1_59	NZ_CP045026.1_56248-66798	5564	8545	1	NZ_CP045026.1_56248-66798:._4	AbiE	1822	1	0.4021	0.1	0.2813	IPR002513;IPR025296
NZ_CP045026.1_85060-95631:._4	NZ_CP045026.1_86	NZ_CP045026.1_85060-95631	3755	4939	-1	none	none	0	0	0.0	0.0	0.0	IPR025296
NZ_CP128142.1_59619-70484:._7	NZ_CP128142.1_71	NZ_CP128142.1_59619-70484	4059	4925	-1	none	none	0	0	0.0	0.0	0.0	
NZ_CP128142.1_290207-300811:._6	NZ_CP128142.1_316	NZ_CP128142.1_290207-300811	3952	4917	-1	none	none	0	0	0.0	0.0	0.0	IPR004107
NZ_CP092578.1_1376-11980:._6	NZ_CP092578.1_5	NZ_CP092578.1_1376-11980	5636	6115	1	none	none	0	0	0.0	0.0	0.0	IPR025586
NZ_CP092578.1_1376-11980:._10	NZ_CP092578.1_9	NZ_CP092578.1_1376-11980	9015	9158	1	none	none	0	0	0.0	0.0	0.0	
NZ_CP092578.1_50147-60748:._10	NZ_CP092578.1_77	NZ_CP092578.1_50147-60748	5618	6310	1	NZ_CP092578.1_50147-60748:._2	MazEF	4978	0	0.083	0.0	0.0498	IPR006171;IPR013497;IPR034144
NZ_CP092579.1_2084-12754:._3	NZ_CP092579.1_5	NZ_CP092579.1_2084-12754	1958	2263	-1	none	none	0	0	0.0	0.0	0.0	IPR002513
NZ_CP060279.1_18982-29589:._9	NZ_CP060279.1_37	NZ_CP060279.1_18982-29589	4827	4985	-1	NZ_CP060279.1_18982-29589:._1	RosmerTA	4400	1	0.1108	0.1	0.1065	
NZ_CP159610.1_2734-13320:._10	NZ_CP159610.1_12	NZ_CP159610.1_2734-13320	6661	7752	1	none	none	0	0	0.0	0.0	0.0	IPR043797;IPR043894
NZ_OZ061889.1_12372-22940:._14	NZ_OZ061889.1_30	NZ_OZ061889.1_12372-22940	9135	9479	1	NZ_OZ061889.1_12372-22940:._14	MazEF	0	3	1.0	0.3	0.72	IPR003477
NZ_CP161814.1_1-9717:._9	NZ_CP161814.1_8	NZ_CP161814.1_1-9717	4723	5007	1	none	none	0	0	0.0	0.0	0.0	IPR001357
NC_015979.1_6081-16664:._9	NC_015979.1_14	NC_015979.1_6081-16664	5592	5837	1	none	none	0	0	0.0	0.0	0.0	
NZ_CP140262.1_1484997-1495346:._7	NZ_CP140262.1_1521	NZ_CP140262.1_1484997-1495346	5289	5594	1	none	none	0	0	0.0	0.0	0.0	IPR006119;IPR006120
NZ_CP140263.1_9220-19569:._3	NZ_CP140263.1_14	NZ_CP140263.1_9220-19569	4756	5061	-1	none	none	0	0	0.0	0.0	0.0	IPR006119;IPR006120
NZ_CP035296.1_7345-17895:._8	NZ_CP035296.1_17	NZ_CP035296.1_7345-17895	5000	5551	1	none	none	0	0	0.0	0.0	0.0	IPR006119;IPR013196
NZ_CP035296.1_7345-17895:._9	NZ_CP035296.1_18	NZ_CP035296.1_7345-17895	5615	6487	1	none	none	0	0	0.0	0.0	0.0	IPR000847;IPR005119
NZ_CP106987.1_161635-171936:._8	NZ_CP106987.1_157	NZ_CP106987.1_161635-171936	4595	4915	-1	none	none	0	0	0.0	0.0	0.0	
NZ_CP036103.1_65366-75940:._11	NZ_CP036103.1_80	NZ_CP036103.1_65366-75940	5572	5997	1	none	none	0	0	0.0	0.0	0.0	IPR002711;IPR003615
NZ_CP036103.1_264694-275559:._6	NZ_CP036103.1_258	NZ_CP036103.1_264694-275559	4894	5034	-1	none	none	0	0	0.0	0.0	0.0	
NZ_CP032758.1_33476-44107:._6	NZ_CP032758.1_45	NZ_CP032758.1_33476-44107	5719	6621	1	none	none	0	0	0.0	0.0	0.0	IPR003740;IPR019264
NZ_CP104085.1_23762-34345:._6	NZ_CP104085.1_32	NZ_CP104085.1_23762-34345	4087	5229	-1	none	none	0	0	0.0	0.0	0.0	IPR003855
NZ_CP104086.1_24091-34701:._11	NZ_CP104086.1_34	NZ_CP104086.1_24091-34701	9484	9621	1	none	none	0	0	0.0	0.0	0.0	
NZ_CP104087.1_24250-34836:._5	NZ_CP104087.1_31	NZ_CP104087.1_24250-34836	3181	3864	1	NZ_CP104087.1_24250-34836:._8	CBASS	1348	7	0.5097	0.7	0.5858	IPR032874
NZ_CP104087.1_24250-34836:._6	NZ_CP104087.1_32	NZ_CP104087.1_24250-34836	3894	4229	1	NZ_CP104087.1_24250-34836:._8	CBASS	983	8	0.6117	0.8	0.687	IPR006120
NZ_CP087398.1_33300-43928:._9	NZ_CP087398.1_47	NZ_CP087398.1_33300-43928	5622	5969	1	NZ_CP087398.1_33300-43928:._16	MazEF	4058	2	0.1315	0.2	0.1589	
NZ_CP091204.1_23272-33888:._9	NZ_CP091204.1_29	NZ_CP091204.1_23272-33888	7669	8229	1	none	none	0	0	0.0	0.0	0.0	IPR013249
NZ_CP128832.1_1198965-1209536:._13	NZ_CP128832.1_1079	NZ_CP128832.1_1198965-1209536	5610	6251	1	none	none	0	0	0.0	0.0	0.0	
NZ_CP119717.1_2002313-2012929:._5	NZ_CP119717.1_1969	NZ_CP119717.1_2002313-2012929	4716	5000	-1	none	none	0	0	0.0	0.0	0.0	
NZ_CP118105.1_104960-115525:._3	NZ_CP118105.1_112	NZ_CP118105.1_104960-115525	1962	4928	-1	none	none	0	0	0.0	0.0	0.0	IPR002513;IPR025296
NZ_CP035986.1_436582-447240:._5	NZ_CP035986.1_403	NZ_CP035986.1_436582-447240	4024	4989	-1	none	none	0	0	0.0	0.0	0.0	IPR004107
NZ_CP188211.1_1127-11734:._7	NZ_CP188211.1_10	NZ_CP188211.1_1127-11734	3849	3977	-1	none	none	0	0	0.0	0.0	0.0	
NZ_CP188211.1_1127-11734:._12	NZ_CP188211.1_15	NZ_CP188211.1_1127-11734	6219	6992	-1	none	none	0	0	0.0	0.0	0.0	
NZ_CP188213.1_4302-14879:._5	NZ_CP188213.1_10	NZ_CP188213.1_4302-14879	4633	5052	-1	none	none	0	0	0.0	0.0	0.0	IPR000866
NZ_CP188213.1_10032-20636:._4	NZ_CP188213.1_15	NZ_CP188213.1_10032-20636	4594	4908	-1	none	none	0	0	0.0	0.0	0.0	IPR001845;IPR011991
NZ_OZ061575.1_953-11536:._5	NZ_OZ061575.1_6	NZ_OZ061575.1_953-11536	3298	3675	1	none	none	0	0	0.0	0.0	0.0	IPR013497
NZ_OZ061577.1_13303-23919:._9	NZ_OZ061577.1_22	NZ_OZ061577.1_13303-23919	7602	9737	1	NZ_OZ061577.1_13303-23919:._10	RM	115	1	0.9441	0.1	0.6065	IPR006171;IPR013497;IPR025589;IPR034144
NZ_CP121468.1_775204-785787:._6	NZ_CP121468.1_717	NZ_CP121468.1_775204-785787	5633	6496	1	none	none	0	0	0.0	0.0	0.0	IPR003439
NZ_CP091886.1_1527510-1538126:._3	NZ_CP091886.1_1501	NZ_CP091886.1_1527510-1538126	4638	5000	-1	none	none	0	0	0.0	0.0	0.0	IPR006171;IPR034144
NZ_CP197040.1_13291-23901:._11	NZ_CP197040.1_25	NZ_CP197040.1_13291-23901	9633	10610	1	NZ_CP197040.1_13291-23901:._11	PrrC	0	7	1.0	0.7	0.88	IPR006935;IPR007409
NZ_CP197037.1_1-5391:._8	NZ_CP197037.1_7	NZ_CP197037.1_1-5391	4022	4201	1	none	none	0	0	0.0	0.0	0.0	
NZ_CP197042.1_428-10879:._7	NZ_CP197042.1_7	NZ_CP197042.1_428-10879	4078	5664	1	none	none	0	0	0.0	0.0	0.0	IPR041073
NZ_CP025288.1_107975-118540:._8	NZ_CP025288.1_110	NZ_CP025288.1_107975-118540	5617	6129	1	none	none	0	0	0.0	0.0	0.0	
NZ_JBRFUP010000003.1_199178-209803:._8	NZ_JBRFUP010000003.1_190	NZ_JBRFUP010000003.1_199178-209803	5623	8676	1	none	none	0	0	0.0	0.0	0.0	IPR002513;IPR025296
NZ_CP031075.1_13704-24311:._5	NZ_CP031075.1_21	NZ_CP031075.1_13704-24311	4035	4991	-1	none	none	0	0	0.0	0.0	0.0	IPR002104;IPR004107
NZ_CP170246.1_1921123-1931307:._10	NZ_CP170246.1_1800	NZ_CP170246.1_1921123-1931307	4733	4921	-1	none	none	0	0	0.0	0.0	0.0	
NZ_CP011357.1_79601-90145:._5	NZ_CP011357.1_109	NZ_CP011357.1_79601-90145	4575	4958	-1	none	none	0	0	0.0	0.0	0.0	IPR025296
NZ_CP011358.1_20900-31444:._8	NZ_CP011358.1_27	NZ_CP011358.1_20900-31444	5588	8536	1	none	none	0	0	0.0	0.0	0.0	IPR002513;IPR025296
NZ_CP117513.1_1-10439:._7	NZ_CP117513.1_6	NZ_CP117513.1_1-10439	5439	7583	1	none	none	0	0	0.0	0.0	0.0	IPR006171;IPR013497;IPR013498;IPR034144
NZ_CP117513.1_60739-71343:._6	NZ_CP117513.1_74	NZ_CP117513.1_60739-71343	4729	4953	-1	NZ_CP117513.1_60739-71343:._2	Lamassu-Fam	3436	7	0.1794	0.7	0.3877	IPR007210
NZ_CP024772.1_82361-93007:._6	NZ_CP024772.1_91	NZ_CP024772.1_82361-93007	5664	6371	1	none	none	0	0	0.0	0.0	0.0	IPR032874
NZ_CP102303.1_1-7980:._4	NZ_CP102303.1_5	NZ_CP102303.1_1-7980	1442	2359	-1	none	none	0	0	0.0	0.0	0.0	
NZ_CP102304.1_48272-58858:._10	NZ_CP102304.1_56	NZ_CP102304.1_48272-58858	7840	8073	-1	none	none	0	0	0.0	0.0	0.0	
NZ_CP129890.1_13619-24268:._7	NZ_CP129890.1_22	NZ_CP129890.1_13619-24268	5656	5940	1	none	none	0	0	0.0	0.0	0.0	IPR001357
NZ_CP110232.1_1182433-1193028:._6	NZ_CP110232.1_1075	NZ_CP110232.1_1182433-1193028	4102	5010	-1	NZ_CP110232.1_1182433-1193028:._5	PD-Lambda-1	113	1	0.9451	0.1	0.607	
NZ_CP141586.1_614607-625190:._7	NZ_CP141586.1_598	NZ_CP141586.1_614607-625190	5671	6834	1	NZ_CP141586.1_614607-625190:._1	PrrC	4646	0	0.098	0.0	0.0588	IPR026870;IPR026898
NZ_CP045563.1_788091-798575:._8	NZ_CP045563.1_829	NZ_CP045563.1_788091-798575	4736	4936	-1	none	none	0	0	0.0	0.0	0.0	
NZ_OZ281635.1_9547-19830:._5	NZ_OZ281635.1_19	NZ_OZ281635.1_9547-19830	4916	5284	-1	none	none	0	0	0.0	0.0	0.0	IPR006119
NZ_OZ281635.1_21506-31606:._8	NZ_OZ281635.1_33	NZ_OZ281635.1_21506-31606	5137	5250	1	none	none	0	0	0.0	0.0	0.0	IPR006119
NZ_CP042290.1_15862-26499:._6	NZ_CP042290.1_25	NZ_CP042290.1_15862-26499	3781	4929	-1	NZ_CP042290.1_15862-26499:._5	AbiC	28	1	0.9861	0.1	0.6317	IPR007421
NZ_CP042290.1_56475-67085:._7	NZ_CP042290.1_65	NZ_CP042290.1_56475-67085	5113	6021	1	none	none	0	0	0.0	0.0	0.0	IPR007530
NZ_CP042292.1_1-8747:._3	NZ_CP042292.1_4	NZ_CP042292.1_1-8747	2136	2567	-1	none	none	0	0	0.0	0.0	0.0	IPR000424
NZ_CP042292.1_20290-30894:._3	NZ_CP042292.1_25	NZ_CP042292.1_20290-30894	1780	2529	-1	none	none	0	0	0.0	0.0	0.0	
NZ_CM129594.1_1205236-1215918:._5	NZ_CM129594.1_1309	NZ_CM129594.1_1205236-1215918	4181	4909	-1	none	none	0	0	0.0	0.0	0.0	
NZ_JBRFUO010000004.1_129477-140102:._3	NZ_JBRFUO010000004.1_137	NZ_JBRFUO010000004.1_129477-140102	1950	5003	-1	none	none	0	0	0.0	0.0	0.0	IPR002513;IPR025296
NZ_CP054831.1_266687-277237:._10	NZ_CP054831.1_260	NZ_CP054831.1_266687-277237	5615	6487	1	none	none	0	0	0.0	0.0	0.0	IPR000847;IPR005119
NZ_CP066727.1_5148-14596:._7	NZ_CP066727.1_13	NZ_CP066727.1_5148-14596	3513	4385	-1	none	none	0	0	0.0	0.0	0.0	IPR000847;IPR005119
NZ_CP136675.1_5159-15745:._5	NZ_CP136675.1_10	NZ_CP136675.1_5159-15745	4305	4568	1	none	none	0	0	0.0	0.0	0.0	IPR002523
NZ_CP136675.1_25955-36586:._6	NZ_CP136675.1_32	NZ_CP136675.1_25955-36586	5719	6621	1	none	none	0	0	0.0	0.0	0.0	IPR003740;IPR019264
NZ_CP149861.1_33543-44093:._12	NZ_CP149861.1_40	NZ_CP149861.1_33543-44093	5615	6487	1	none	none	0	0	0.0	0.0	0.0	IPR000847;IPR005119
NZ_CP049093.1_15051-25658:._5	NZ_CP049093.1_23	NZ_CP049093.1_15051-25658	4705	4830	-1	none	none	0	0	0.0	0.0	0.0	
NZ_CP194530.1_1896665-1906957:._10	NZ_CP194530.1_1941	NZ_CP194530.1_1896665-1906957	5297	5632	1	none	none	0	0	0.0	0.0	0.0	IPR006120
NZ_CP027514.1_37252-47862:._9	NZ_CP027514.1_42	NZ_CP027514.1_37252-47862	6719	7156	1	NZ_CP027514.1_37252-47862:._5	AbiE	2079	2	0.3536	0.2	0.2922	
NZ_CP136662.1_206867-217411:._4	NZ_CP136662.1_180	NZ_CP136662.1_206867-217411	3149	4957	-1	none	none	0	0	0.0	0.0	0.0	IPR025296
NZ_CP136662.1_234188-244822:._7	NZ_CP136662.1_206	NZ_CP136662.1_234188-244822	5674	5952	1	NZ_CP136662.1_234188-244822:._5	Thoeris	995	1	0.608	0.1	0.4048	
NZ_CP012594.1_24316-34920:._4	NZ_CP012594.1_29	NZ_CP012594.1_24316-34920	1894	4008	-1	none	none	0	0	0.0	0.0	0.0	IPR002513
NZ_CP042158.1_7396-17949:._6	NZ_CP042158.1_16	NZ_CP042158.1_7396-17949	4739	4987	-1	none	none	0	0	0.0	0.0	0.0	IPR001387
NC_003383.1_55072-65670:._8	NC_003383.1_61	NC_003383.1_55072-65670	5553	5696	1	none	none	0	0	0.0	0.0	0.0	
NZ_CP121515.1_1-10133:._8	NZ_CP121515.1_7	NZ_CP121515.1_1-10133	4982	5185	1	NZ_CP121515.1_1-10133:._10	Anti_CRISPR	895	2	0.6392	0.2	0.4635	
NC_010080.1_1975021-1985628:._7	NC_010080.1_2082	NC_010080.1_1975021-1985628	4169	4981	-1	none	none	0	0	0.0	0.0	0.0	IPR003812
NZ_CP102298.1_12438-23171:._6	NZ_CP102298.1_19	NZ_CP102298.1_12438-23171	5755	5862	1	none	none	0	0	0.0	0.0	0.0	
NZ_CP112863.1_47396-58012:._13	NZ_CP112863.1_56	NZ_CP112863.1_47396-58012	5650	6000	1	none	none	0	0	0.0	0.0	0.0	
NZ_CP014926.1_25141-35763:._4	NZ_CP014926.1_34	NZ_CP014926.1_25141-35763	1884	3440	-1	NZ_CP014926.1_25141-35763:._10	CBASS	3266	3	0.1953	0.3	0.2372	IPR006472
NZ_CP014926.1_25141-35763:._5	NZ_CP014926.1_35	NZ_CP014926.1_25141-35763	3412	4326	-1	NZ_CP014926.1_25141-35763:._10	CBASS	2380	3	0.3042	0.3	0.3025	IPR005000
NZ_CP014928.1_3514-14097:._3	NZ_CP014928.1_4	NZ_CP014928.1_3514-14097	1081	1359	1	NZ_CP014928.1_3514-14097:._7	Anti_CRISPR	1407	1	0.4949	0.1	0.3369	
NZ_CP014928.1_3514-14097:._5	NZ_CP014928.1_8	NZ_CP014928.1_3514-14097	2026	2217	-1	NZ_CP014928.1_3514-14097:._7	Anti_CRISPR	549	1	0.76	0.1	0.496	
NZ_CP014929.1_1-9415:._3	NZ_CP014929.1_4	NZ_CP014929.1_1-9415	1490	2404	-1	none	none	0	0	0.0	0.0	0.0	IPR009323
NZ_CP014932.1_21456-32042:._5	NZ_CP014932.1_23	NZ_CP014932.1_21456-32042	7813	9051	1	NZ_CP014932.1_21456-32042:._5	PrrC	0	6	1.0	0.6	0.84	IPR000055
NZ_CP012911.1_1298160-1309436:._4	NZ_CP012911.1_1255	NZ_CP012911.1_1298160-1309436	4116	4913	-1	none	none	0	0	0.0	0.0	0.0	IPR025669
NZ_CP114763.1_994173-1004744:._13	NZ_CP114763.1_903	NZ_CP114763.1_994173-1004744	5610	6251	1	none	none	0	0	0.0	0.0	0.0	
NZ_CP020355.1_29592-39689:._12	NZ_CP020355.1_44	NZ_CP020355.1_29592-39689	5171	5326	1	none	none	0	0	0.0	0.0	0.0	
NZ_CP048628.1_1193-11833:._11	NZ_CP048628.1_15	NZ_CP048628.1_1193-11833	4789	4998	-1	NZ_CP048628.1_1193-11833:._10	RosmerTA	28	2	0.9861	0.2	0.6717	
NZ_CP151095.1_5197-14564:._6	NZ_CP151095.1_12	NZ_CP151095.1_5197-14564	3379	4281	-1	none	none	0	0	0.0	0.0	0.0	IPR003740;IPR019264
NZ_CP109940.1_714561-725837:._10	NZ_CP109940.1_683	NZ_CP109940.1_714561-725837	6364	7161	1	none	none	0	0	0.0	0.0	0.0	IPR025669
NZ_CP060175.1_1-6873:._3	NZ_CP060175.1_4	NZ_CP060175.1_1-6873	1210	1470	-1	none	none	0	0	0.0	0.0	0.0	IPR008040
NZ_CP060175.1_6534-17117:._11	NZ_CP060175.1_20	NZ_CP060175.1_6534-17117	9457	10299	1	none	none	0	0	0.0	0.0	0.0	IPR001584;IPR025948
NZ_CP060176.1_11245-21825:._1	NZ_CP060176.1_15	NZ_CP060176.1_11245-21825	3	521	-1	none	none	0	0	0.0	0.0	0.0	IPR041219
NZ_CP060176.1_11245-21825:._6	NZ_CP060176.1_20	NZ_CP060176.1_11245-21825	4975	5295	-1	none	none	0	0	0.0	0.0	0.0	IPR031607
NZ_CP060179.1_1-7203:._5	NZ_CP060179.1_4	NZ_CP060179.1_1-7203	4256	4351	1	none	none	0	0	0.0	0.0	0.0	
NZ_CP168822.1_35762-46315:._3	NZ_CP168822.1_46	NZ_CP168822.1_35762-46315	2081	4996	-1	NZ_CP168822.1_35762-46315:._7	MazEF	3525	0	0.1716	0.0	0.103	IPR002513;IPR025296
NZ_CP168822.1_49146-59753:._8	NZ_CP168822.1_65	NZ_CP168822.1_49146-59753	5598	5825	1	NZ_CP168822.1_49146-59753:._9	RosmerTA	361	2	0.8349	0.2	0.5809	
NZ_CM144227.1_1017492-1028138:._6	NZ_CM144227.1_1033	NZ_CM144227.1_1017492-1028138	4701	4934	-1	none	none	0	0	0.0	0.0	0.0	IPR009242
NZ_AP018394.1_1-10369:._6	NZ_AP018394.1_7	NZ_AP018394.1_1-10369	4429	4713	-1	none	none	0	0	0.0	0.0	0.0	IPR001357
NZ_JBUBLV010000002.1_912-11561:._6	NZ_JBUBLV010000002.1_7	NZ_JBUBLV010000002.1_912-11561	4710	4994	-1	none	none	0	0	0.0	0.0	0.0	IPR001357
NZ_CP076653.1_647253-657836:._7	NZ_CP076653.1_720	NZ_CP076653.1_647253-657836	4567	4938	-1	none	none	0	0	0.0	0.0	0.0	
NZ_CP020773.1_1338269-1348363:._7	NZ_CP020773.1_1236	NZ_CP020773.1_1338269-1348363	5055	5582	1	none	none	0	0	0.0	0.0	0.0	IPR006119
NZ_CP093937.1_23889-34496:._9	NZ_CP093937.1_44	NZ_CP093937.1_23889-34496	4827	4985	-1	NZ_CP093937.1_23889-34496:._1	RosmerTA	4399	1	0.1109	0.1	0.1065	
NZ_CP102312.1_22398-33131:._11	NZ_CP102312.1_38	NZ_CP102312.1_22398-33131	4872	4979	-1	none	none	0	0	0.0	0.0	0.0	
NZ_CP129656.1_18707-29260:._8	NZ_CP129656.1_30	NZ_CP129656.1_18707-29260	4393	4638	1	NZ_CP129656.1_18707-29260:._11	RM	4901	0	0.0863	0.0	0.0518	
NZ_CP129657.1_1-10481:._6	NZ_CP129657.1_7	NZ_CP129657.1_1-10481	5657	5926	-1	NZ_CP129657.1_1-10481:._6	RosmerTA	0	2	1.0	0.2	0.68	IPR001387
NZ_CP129657.1_26911-37542:._6	NZ_CP129657.1_38	NZ_CP129657.1_26911-37542	5719	6621	1	none	none	0	0	0.0	0.0	0.0	IPR003740;IPR019264
NZ_CP097028.1_113898-124514:._3	NZ_CP097028.1_130	NZ_CP097028.1_113898-124514	4638	5000	-1	none	none	0	0	0.0	0.0	0.0	IPR006171;IPR034144
NZ_CP014164.1_123215-133834:._9	NZ_CP014164.1_137	NZ_CP014164.1_123215-133834	5645	7930	1	NZ_CP014164.1_123215-133834:._9	RM	0	1	1.0	0.1	0.64	IPR011704;IPR021961
NZ_CP014164.1_130813-141387:._6	NZ_CP014164.1_142	NZ_CP014164.1_130813-141387	5556	5834	1	none	none	0	0	0.0	0.0	0.0	
NZ_CP031603.1_326731-337347:._5	NZ_CP031603.1_329	NZ_CP031603.1_326731-337347	4716	5000	-1	none	none	0	0	0.0	0.0	0.0	
NZ_CP176157.1_213221-223804:._6	NZ_CP176157.1_229	NZ_CP176157.1_213221-223804	5633	5872	1	NZ_CP176157.1_213221-223804:._2	Dodola	2006	2	0.3668	0.2	0.3001	IPR003439
NZ_CP066718.1_2074690-2085306:._5	NZ_CP066718.1_2091	NZ_CP066718.1_2074690-2085306	4716	5000	-1	none	none	0	0	0.0	0.0	0.0	
NZ_CP110864.1_30450-41081:._5	NZ_CP110864.1_37	NZ_CP110864.1_30450-41081	4011	4913	-1	none	none	0	0	0.0	0.0	0.0	IPR003740;IPR019264
NZ_CP036376.1_642940-653541:._11	NZ_CP036376.1_614	NZ_CP036376.1_642940-653541	5618	6310	1	none	none	0	0	0.0	0.0	0.0	IPR006171;IPR013497;IPR034144
NZ_CP147893.1_17540-28171:._6	NZ_CP147893.1_19	NZ_CP147893.1_17540-28171	5719	6621	1	none	none	0	0	0.0	0.0	0.0	IPR003740;IPR019264
NZ_CP004874.1_54494-65131:._6	NZ_CP004874.1_68	NZ_CP004874.1_54494-65131	4030	5028	-1	none	none	0	0	0.0	0.0	0.0	IPR002104;IPR004107
NZ_CP004875.1_65444-75988:._5	NZ_CP004875.1_93	NZ_CP004875.1_65444-75988	2627	4957	-1	none	none	0	0	0.0	0.0	0.0	IPR002513;IPR025296
NZ_CP035976.1_272849-283423:._9	NZ_CP035976.1_286	NZ_CP035976.1_272849-283423	4578	5000	-1	none	none	0	0	0.0	0.0	0.0	IPR002711;IPR003615
NZ_CP048023.1_26126-36757:._6	NZ_CP048023.1_29	NZ_CP048023.1_26126-36757	5719	6621	1	none	none	0	0	0.0	0.0	0.0	IPR003740;IPR019264
NZ_CP048024.1_17919-28472:._4	NZ_CP048024.1_20	NZ_CP048024.1_17919-28472	2596	4128	1	NZ_CP048024.1_17919-28472:._4	RM	0	2	1.0	0.2	0.68	
NZ_CP070948.1_755478-765761:._11	NZ_CP070948.1_739	NZ_CP070948.1_755478-765761	5335	5598	1	none	none	0	0	0.0	0.0	0.0	IPR002514
NZ_CP070948.1_755478-765761:._14	NZ_CP070948.1_741	NZ_CP070948.1_755478-765761	6753	7040	1	none	none	0	0	0.0	0.0	0.0	IPR002514
NZ_CP070948.1_1385203-1395378:._10	NZ_CP070948.1_1359	NZ_CP070948.1_1385203-1395378	5176	5448	1	none	none	0	0	0.0	0.0	0.0	
NZ_CP120073.1_265973-276523:._10	NZ_CP120073.1_255	NZ_CP120073.1_265973-276523	5615	6487	1	none	none	0	0	0.0	0.0	0.0	IPR000847;IPR005119
NZ_LR594034.1_269473-279765:._6	NZ_LR594034.1_249	NZ_LR594034.1_269473-279765	5330	5584	1	none	none	0	0	0.0	0.0	0.0	
NZ_CP032633.1_5369-15955:._3	NZ_CP032633.1_9	NZ_CP032633.1_5369-15955	1579	2724	-1	none	none	0	0	0.0	0.0	0.0	IPR007554
NZ_CP097051.1_351722-362338:._6	NZ_CP097051.1_334	NZ_CP097051.1_351722-362338	5617	6573	1	NZ_CP097051.1_351722-362338:._1	PD-Lambda-1	4998	0	0.0822	0.0	0.0493	IPR006171;IPR013497;IPR034144
NZ_CP121264.1_19123-29730:._3	NZ_CP121264.1_26	NZ_CP121264.1_19123-29730	1148	2092	-1	none	none	0	0	0.0	0.0	0.0	IPR007210
NZ_CP018621.1_25729-36369:._9	NZ_CP018621.1_31	NZ_CP018621.1_25729-36369	5654	5965	1	none	none	0	0	0.0	0.0	0.0	
NZ_CP094937.1_21320-31924:._6	NZ_CP094937.1_31	NZ_CP094937.1_21320-31924	4891	5016	-1	none	none	0	0	0.0	0.0	0.0	
NZ_CP044364.1_32802-43451:._9	NZ_CP044364.1_49	NZ_CP044364.1_32802-43451	5656	5931	1	none	none	0	0	0.0	0.0	0.0	IPR001357
NZ_CP044366.1_57483-68132:._8	NZ_CP044366.1_81	NZ_CP044366.1_57483-68132	4710	4994	-1	NZ_CP044366.1_57483-68132:._10	RM	804	1	0.669	0.1	0.4414	IPR001357
NZ_CP070999.1_799004-809587:._10	NZ_CP070999.1_745	NZ_CP070999.1_799004-809587	5633	6496	1	none	none	0	0	0.0	0.0	0.0	IPR003439
NZ_CP109800.1_108752-119173:._3	NZ_CP109800.1_129	NZ_CP109800.1_108752-119173	4638	5000	-1	none	none	0	0	0.0	0.0	0.0	IPR006171;IPR034144
NZ_CP040876.1_49255-59853:._10	NZ_CP040876.1_58	NZ_CP040876.1_49255-59853	3921	4982	-1	NZ_CP040876.1_49255-59853:._16	AbiH	4219	0	0.1213	0.0	0.0728	
NZ_CP040876.1_49255-59853:._15	NZ_CP040876.1_61	NZ_CP040876.1_49255-59853	8832	9068	1	NZ_CP040876.1_49255-59853:._16	AbiH	133	1	0.9357	0.1	0.6014	
NZ_CP060272.1_23636-34186:._9	NZ_CP060272.1_30	NZ_CP060272.1_23636-34186	7516	7830	1	NZ_CP060272.1_23636-34186:._5	CBASS	2967	3	0.2268	0.3	0.2561	IPR001845;IPR011991
NZ_CP083434.1_2013286-2023887:._9	NZ_CP083434.1_1837	NZ_CP083434.1_2013286-2023887	5618	6310	1	NZ_CP083434.1_2013286-2023887:._3	Lamassu-Fam	3308	7	0.1913	0.7	0.3948	IPR006171;IPR013497;IPR034144
NZ_CP116400.1_5389-15948:._8	NZ_CP116400.1_14	NZ_CP116400.1_5389-15948	4923	5183	-1	none	none	0	0	0.0	0.0	0.0	
NZ_CP025503.1_7918-18672:._8	NZ_CP025503.1_15	NZ_CP025503.1_7918-18672	5811	6575	-1	NZ_CP025503.1_7918-18672:._8	RM	0	1	1.0	0.1	0.64	IPR012327
NZ_CP046395.1_434888-445537:._5	NZ_CP046395.1_434	NZ_CP046395.1_434888-445537	5656	5940	1	none	none	0	0	0.0	0.0	0.0	IPR001357
NZ_CP041214.1_687-11240:._9	NZ_CP041214.1_10	NZ_CP041214.1_687-11240	5558	8473	1	NZ_CP041214.1_687-11240:._5	MazEF	3525	0	0.1716	0.0	0.103	IPR002513;IPR025296
NZ_CP041214.1_44802-55409:._4	NZ_CP041214.1_54	NZ_CP041214.1_44802-55409	4783	5010	-1	NZ_CP041214.1_44802-55409:._3	RosmerTA	361	2	0.8349	0.2	0.5809	
NZ_CP050545.1_16901-27517:._5	NZ_CP050545.1_22	NZ_CP050545.1_16901-27517	2754	3032	-1	NZ_CP050545.1_16901-27517:._1	Anti_CRISPR	1585	1	0.4527	0.1	0.3116	
NZ_CP086398.1_3318-13907:._5	NZ_CP086398.1_7	NZ_CP086398.1_3318-13907	5687	6373	1	NZ_CP086398.1_3318-13907:._3	PrrC	1102	5	0.5764	0.5	0.5458	IPR032874
NZ_CP012278.1_17345-27925:._8	NZ_CP012278.1_23	NZ_CP012278.1_17345-27925	5490	5945	1	none	none	0	0	0.0	0.0	0.0	
NZ_CP012282.1_25754-35842:._6	NZ_CP012282.1_46	NZ_CP012282.1_25754-35842	5131	5439	1	none	none	0	0	0.0	0.0	0.0	IPR025161
NZ_CP025223.1_3571192-3581811:._7	NZ_CP025223.1_3359	NZ_CP025223.1_3571192-3581811	5645	6553	1	NZ_CP025223.1_3571192-3581811:._13	Retron	3465	1	0.1768	0.1	0.1461	IPR025332
NZ_CP013150.1_8662-19278:._3	NZ_CP013150.1_13	NZ_CP013150.1_8662-19278	1199	1528	-1	none	none	0	0	0.0	0.0	0.0	
NZ_CP013150.1_8662-19278:._6	NZ_CP013150.1_16	NZ_CP013150.1_8662-19278	4713	5075	-1	none	none	0	0	0.0	0.0	0.0	IPR010712
NZ_CP013151.1_6531-17114:._9	NZ_CP013151.1_16	NZ_CP013151.1_6531-17114	9287	9718	-1	none	none	0	0	0.0	0.0	0.0	IPR002559
NZ_CP013151.1_23236-33819:._10	NZ_CP013151.1_32	NZ_CP013151.1_23236-33819	7212	8507	1	none	none	0	0	0.0	0.0	0.0	IPR000802
NZ_CP013152.2_13192-23325:._5	NZ_CP013152.2_20	NZ_CP013152.2_13192-23325	3801	3977	-1	none	none	0	0	0.0	0.0	0.0	
NZ_CP013152.2_13192-23325:._11	NZ_CP013152.2_26	NZ_CP013152.2_13192-23325	9083	9331	-1	none	none	0	0	0.0	0.0	0.0	IPR007341
NZ_CP013155.2_20970-31523:._2	NZ_CP013155.2_26	NZ_CP013155.2_20970-31523	585	1391	-1	none	none	0	0	0.0	0.0	0.0	IPR003805
NZ_CP013155.2_20970-31523:._9	NZ_CP013155.2_32	NZ_CP013155.2_20970-31523	8486	9538	1	none	none	0	0	0.0	0.0	0.0	
NZ_CP013156.2_12692-23179:._6	NZ_CP013156.2_20	NZ_CP013156.2_12692-23179	5538	5750	1	none	none	0	0	0.0	0.0	0.0	
NZ_CP101136.1_135571-146196:._8	NZ_CP101136.1_151	NZ_CP101136.1_135571-146196	5623	8676	1	none	none	0	0	0.0	0.0	0.0	IPR002513;IPR025296
NZ_CP065712.1_264920-275551:._8	NZ_CP065712.1_255	NZ_CP065712.1_264920-275551	4622	4939	-1	none	none	0	0	0.0	0.0	0.0	IPR001845;IPR011991
NZ_CP035557.1_1-8864:._10	NZ_CP035557.1_11	NZ_CP035557.1_1-8864	3526	4263	1	none	none	0	0	0.0	0.0	0.0	
NZ_CP035560.1_3816-14438:._4	NZ_CP035560.1_11	NZ_CP035560.1_3816-14438	4019	5392	-1	none	none	0	0	0.0	0.0	0.0	IPR011701
NZ_CP035560.1_3816-14438:._9	NZ_CP035560.1_16	NZ_CP035560.1_3816-14438	8784	9134	-1	none	none	0	0	0.0	0.0	0.0	IPR035528
NZ_CP035561.1_6770-17323:._4	NZ_CP035561.1_11	NZ_CP035561.1_6770-17323	2402	2641	1	none	none	0	0	0.0	0.0	0.0	
NZ_CP183362.1_191-10747:._3	NZ_CP183362.1_3	NZ_CP183362.1_191-10747	1570	2097	1	NZ_CP183362.1_191-10747:._11	Retron	7091	0	0.0289	0.0	0.0173	
NZ_CP183362.1_191-10747:._9	NZ_CP183362.1_9	NZ_CP183362.1_191-10747	7050	7484	1	NZ_CP183362.1_191-10747:._11	Retron	1704	1	0.4266	0.1	0.2959	IPR025589
NZ_CP183363.1_21823-32376:._3	NZ_CP183363.1_26	NZ_CP183363.1_21823-32376	634	813	1	none	none	0	0	0.0	0.0	0.0	
NZ_AP022904.1_122733-133376:._6	NZ_AP022904.1_118	NZ_AP022904.1_122733-133376	4753	5007	-1	NZ_AP022904.1_122733-133376:._1	Thoeris	3823	3	0.1479	0.3	0.2087	IPR018690
NZ_CP051193.1_7390-18021:._5	NZ_CP051193.1_13	NZ_CP051193.1_7390-18021	4011	4913	-1	none	none	0	0	0.0	0.0	0.0	IPR003740;IPR019264
NZ_CP185966.1_938-11563:._3	NZ_CP185966.1_5	NZ_CP185966.1_938-11563	1950	5003	-1	none	none	0	0	0.0	0.0	0.0	IPR002513;IPR025296
NZ_CP040877.1_138995-149416:._6	NZ_CP040877.1_163	NZ_CP040877.1_138995-149416	4644	5000	-1	none	none	0	0	0.0	0.0	0.0	IPR006171;IPR034144
NZ_CP006630.1_2681479-2692080:._8	NZ_CP006630.1_2531	NZ_CP006630.1_2681479-2692080	4292	4984	-1	NZ_CP006630.1_2681479-2692080:._15	Lamassu-Fam	3643	7	0.1618	0.7	0.3771	IPR006171;IPR013497;IPR034144
NZ_CP187293.1_96300-106868:._9	NZ_CP187293.1_120	NZ_CP187293.1_96300-106868	4780	4983	-1	none	none	0	0	0.0	0.0	0.0	
NZ_CP116437.1_41943-52676:._5	NZ_CP116437.1_55	NZ_CP116437.1_41943-52676	5755	5862	1	NZ_CP116437.1_41943-52676:._3	6A_MBL	1296	2	0.5231	0.2	0.3939	
NZ_JBTAMT010000002.1_49578-59942:._9	NZ_JBTAMT010000002.1_71	NZ_JBTAMT010000002.1_49578-59942	4693	5019	-1	NZ_JBTAMT010000002.1_49578-59942:._14	RosmerTA	1972	1	0.3731	0.1	0.2638	
NZ_JBTAMT010000002.1_49578-59942:._10	NZ_JBTAMT010000002.1_72	NZ_JBTAMT010000002.1_49578-59942	5000	5365	-1	NZ_JBTAMT010000002.1_49578-59942:._14	RosmerTA	1626	1	0.4435	0.1	0.3061	IPR006119;IPR006120
NZ_JBTAMT010000002.1_85198-95751:._10	NZ_JBTAMT010000002.1_113	NZ_JBTAMT010000002.1_85198-95751	5558	8473	1	none	none	0	0	0.0	0.0	0.0	IPR002513;IPR025296
NZ_CP176041.1_1473-12038:._7	NZ_CP176041.1_6	NZ_CP176041.1_1473-12038	5629	6936	1	NZ_CP176041.1_1473-12038:._3	AbiR	1636	2	0.4413	0.2	0.3448	IPR007421;IPR025831
NZ_OZ277399.1_1159423-1170072:._8	NZ_OZ277399.1_1147	NZ_OZ277399.1_1159423-1170072	4710	4994	-1	none	none	0	0	0.0	0.0	0.0	IPR001357
NZ_CP087461.1_1981443-1992059:._5	NZ_CP087461.1_1932	NZ_CP087461.1_1981443-1992059	4716	5000	-1	none	none	0	0	0.0	0.0	0.0	
NZ_CP011102.1_1054840-1065420:._5	NZ_CP011102.1_997	NZ_CP011102.1_1054840-1065420	4062	4925	-1	NZ_CP011102.1_1054840-1065420:._9	RosmerTA	4181	1	0.1236	0.1	0.1142	
NZ_CP076443.1_982820-993448:._3	NZ_CP076443.1_983	NZ_CP076443.1_982820-993448	3260	4909	-1	NZ_CP076443.1_982820-993448:._3	RM	0	2	1.0	0.2	0.68	IPR002941
NZ_CP077271.1_18230-28831:._8	NZ_CP077271.1_20	NZ_CP077271.1_18230-28831	5696	5803	1	none	none	0	0	0.0	0.0	0.0	
NZ_CP074379.1_2660158-2670807:._9	NZ_CP074379.1_2534	NZ_CP074379.1_2660158-2670807	5656	5940	1	none	none	0	0	0.0	0.0	0.0	IPR001357
NZ_CP020029.1_552305-562654:._10	NZ_CP020029.1_631	NZ_CP020029.1_552305-562654	5289	5579	1	none	none	0	0	0.0	0.0	0.0	IPR006119;IPR006120
NZ_CP129222.1_18914-29461:._4	NZ_CP129222.1_22	NZ_CP129222.1_18914-29461	5723	6265	1	none	none	0	0	0.0	0.0	0.0	
NZ_CP129222.1_208030-218373:._7	NZ_CP129222.1_243	NZ_CP129222.1_208030-218373	5354	5614	1	NZ_CP129222.1_208030-218373:._9	RosmerTA	1530	2	0.4653	0.2	0.3592	IPR006120
NZ_CP093960.1_3635-13807:._10	NZ_CP093960.1_13	NZ_CP093960.1_3635-13807	7501	8871	1	NZ_CP093960.1_3635-13807:._1	RosmerTA	6662	0	0.0358	0.0	0.0215	IPR003594;IPR003661
NZ_CP093963.1_3769-14229:._8	NZ_CP093963.1_12	NZ_CP093963.1_3769-14229	5000	5461	1	none	none	0	0	0.0	0.0	0.0	IPR006119
NZ_CP093963.1_41595-51767:._9	NZ_CP093963.1_59	NZ_CP093963.1_41595-51767	7763	8602	-1	NZ_CP093963.1_41595-51767:._3	AbiQ	6200	0	0.045	0.0	0.027	IPR001584;IPR025948
NZ_CP090994.1_20916-31463:._12	NZ_CP090994.1_37	NZ_CP090994.1_20916-31463	5623	5868	1	none	none	0	0	0.0	0.0	0.0	
NZ_CP180558.1_432823-443472:._5	NZ_CP180558.1_439	NZ_CP180558.1_432823-443472	5656	5940	1	none	none	0	0	0.0	0.0	0.0	IPR001357
NZ_CP012148.1_618036-628685:._8	NZ_CP012148.1_613	NZ_CP012148.1_618036-628685	4710	4994	-1	none	none	0	0	0.0	0.0	0.0	IPR001357
NZ_CP032660.1_25372-35982:._3	NZ_CP032660.1_30	NZ_CP032660.1_25372-35982	2864	4900	-1	none	none	0	0	0.0	0.0	0.0	IPR003855
NZ_CP032660.1_43515-54146:._6	NZ_CP032660.1_50	NZ_CP032660.1_43515-54146	5719	6621	1	none	none	0	0	0.0	0.0	0.0	IPR003740;IPR019264
NZ_CP025420.1_1154300-1164916:._7	NZ_CP025420.1_1169	NZ_CP025420.1_1154300-1164916	5617	7761	1	none	none	0	0	0.0	0.0	0.0	IPR006171;IPR013497;IPR013498;IPR034144
NZ_CP163547.1_17731-28284:._4	NZ_CP163547.1_22	NZ_CP163547.1_17731-28284	1592	1927	-1	none	none	0	0	0.0	0.0	0.0	IPR031607
NZ_CP025222.1_349810-360426:._5	NZ_CP025222.1_335	NZ_CP025222.1_349810-360426	5649	5792	1	none	none	0	0	0.0	0.0	0.0	
NZ_CP191191.1_694783-705384:._10	NZ_CP191191.1_666	NZ_CP191191.1_694783-705384	5618	6310	1	none	none	0	0	0.0	0.0	0.0	IPR006171;IPR013497;IPR034144
NZ_CP148625.1_54697-65430:._11	NZ_CP148625.1_70	NZ_CP148625.1_54697-65430	4872	4979	-1	none	none	0	0	0.0	0.0	0.0	
NZ_CP148627.1_25501-36060:._13	NZ_CP148627.1_42	NZ_CP148627.1_25501-36060	5610	6356	1	none	none	0	0	0.0	0.0	0.0	IPR018925
NZ_CM132920.1_51276-61931:._10	NZ_CM132920.1_65	NZ_CM132920.1_51276-61931	8535	8759	1	none	none	0	0	0.0	0.0	0.0	IPR023210
NZ_CP175222.1_14927-25543:._8	NZ_CP175222.1_28	NZ_CP175222.1_14927-25543	5617	5709	1	none	none	0	0	0.0	0.0	0.0	
NZ_CP064490.1_15264-25871:._7	NZ_CP064490.1_23	NZ_CP064490.1_15264-25871	6204	6617	1	none	none	0	0	0.0	0.0	0.0	
NZ_CP064490.1_15264-25871:._9	NZ_CP064490.1_25	NZ_CP064490.1_15264-25871	7481	8743	1	none	none	0	0	0.0	0.0	0.0	
NZ_CP173417.1_7244-17824:._15	NZ_CP173417.1_19	NZ_CP173417.1_7244-17824	8811	8966	1	none	none	0	0	0.0	0.0	0.0	
NZ_CP032501.2_43845-54443:._10	NZ_CP032501.2_52	NZ_CP032501.2_43845-54443	5580	7736	1	none	none	0	0	0.0	0.0	0.0	IPR000788;IPR013509;IPR013554
NZ_CP191199.1_654440-665041:._10	NZ_CP191199.1_624	NZ_CP191199.1_654440-665041	5618	6310	1	none	none	0	0	0.0	0.0	0.0	IPR006171;IPR013497;IPR034144
NZ_CP121258.1_29400-40010:._8	NZ_CP121258.1_42	NZ_CP121258.1_29400-40010	5605	6486	1	none	none	0	0	0.0	0.0	0.0	IPR000281;IPR001347;IPR035472
NZ_CP025439.1_33195-43748:._3	NZ_CP025439.1_44	NZ_CP025439.1_33195-43748	2081	4996	-1	NZ_CP025439.1_33195-43748:._7	MazEF	3525	0	0.1716	0.0	0.103	IPR002513;IPR025296
NZ_CP025439.1_47808-58415:._7	NZ_CP025439.1_64	NZ_CP025439.1_47808-58415	5598	5825	1	NZ_CP025439.1_47808-58415:._8	RosmerTA	361	2	0.8349	0.2	0.5809	
NZ_CP175404.1_28241-38884:._11	NZ_CP175404.1_40	NZ_CP175404.1_28241-38884	5666	5872	1	none	none	0	0	0.0	0.0	0.0	
NC_013200.1_51536-62185:._7	NC_013200.1_64	NC_013200.1_51536-62185	4710	4994	-1	none	none	0	0	0.0	0.0	0.0	IPR001357
NZ_AP027228.1_17249-27853:._6	NZ_AP027228.1_26	NZ_AP027228.1_17249-27853	5827	7047	1	none	none	0	0	0.0	0.0	0.0	IPR006047
NZ_CP116932.1_434888-445537:._5	NZ_CP116932.1_433	NZ_CP116932.1_434888-445537	5656	5940	1	none	none	0	0	0.0	0.0	0.0	IPR001357
NZ_JBQVMG010000002.1_37663-48231:._9	NZ_JBQVMG010000002.1_45	NZ_JBQVMG010000002.1_37663-48231	5426	5779	1	none	none	0	0	0.0	0.0	0.0	IPR031607
NZ_CP072057.1_3061044-3071501:._7	NZ_CP072057.1_3059	NZ_CP072057.1_3061044-3071501	4887	5015	-1	none	none	0	0	0.0	0.0	0.0	
NZ_CP087960.1_5531-14946:._5	NZ_CP087960.1_10	NZ_CP087960.1_5531-14946	3064	3501	1	NZ_CP087960.1_5531-14946:._3	PD-T4-9	353	1	0.8382	0.1	0.5429	
NZ_CP087960.1_5531-14946:._9	NZ_CP087960.1_14	NZ_CP087960.1_5531-14946	4993	5340	1	NZ_CP087960.1_5531-14946:._3	PD-T4-9	2282	1	0.3195	0.1	0.2317	IPR003477
NZ_CP087962.1_2655-13256:._9	NZ_CP087962.1_10	NZ_CP087962.1_2655-13256	5525	5686	1	NZ_CP087962.1_2655-13256:._14	Menshen	2665	1	0.2638	0.1	0.1983	
NZ_CP169688.1_350410-361026:._5	NZ_CP169688.1_333	NZ_CP169688.1_350410-361026	5649	5792	1	none	none	0	0	0.0	0.0	0.0	
NZ_CP101539.1_16215-26864:._6	NZ_CP101539.1_24	NZ_CP101539.1_16215-26864	4710	4994	-1	none	none	0	0	0.0	0.0	0.0	IPR001357
NZ_CP044317.1_31614-41957:._7	NZ_CP044317.1_46	NZ_CP044317.1_31614-41957	4730	4990	-1	NZ_CP044317.1_31614-41957:._5	RosmerTA	1530	2	0.4653	0.2	0.3592	IPR006120
NZ_CP048624.1_33349-43998:._7	NZ_CP048624.1_40	NZ_CP048624.1_33349-43998	5656	5940	1	none	none	0	0	0.0	0.0	0.0	IPR001357
NZ_CP048625.1_24311-34960:._7	NZ_CP048625.1_33	NZ_CP048625.1_24311-34960	4710	4994	-1	none	none	0	0	0.0	0.0	0.0	IPR001357
NZ_CP136122.1_27077-37726:._7	NZ_CP136122.1_38	NZ_CP136122.1_27077-37726	5656	5940	1	none	none	0	0	0.0	0.0	0.0	IPR001357
NZ_CP136123.1_35187-45836:._9	NZ_CP136123.1_56	NZ_CP136123.1_35187-45836	4710	4994	-1	none	none	0	0	0.0	0.0	0.0	IPR001357
NZ_CP136124.1_1-9810:._8	NZ_CP136124.1_9	NZ_CP136124.1_1-9810	3870	4154	-1	NZ_CP136124.1_1-9810:._14	Anti_CRISPR	4027	1	0.1335	0.1	0.1201	IPR001357
NZ_CP126541.1_1-8854:._2	NZ_CP126541.1_3	NZ_CP126541.1_1-8854	3040	3288	-1	none	none	0	0	0.0	0.0	0.0	IPR001387
NZ_CP182820.1_65763-76316:._3	NZ_CP182820.1_71	NZ_CP182820.1_65763-76316	2081	4996	-1	none	none	0	0	0.0	0.0	0.0	IPR002513;IPR025296
NZ_CP038020.1_96810-107393:._7	NZ_CP038020.1_116	NZ_CP038020.1_96810-107393	4116	4913	-1	none	none	0	0	0.0	0.0	0.0	IPR025669
NZ_CP038020.1_876530-887113:._8	NZ_CP038020.1_956	NZ_CP038020.1_876530-887113	5677	5841	1	none	none	0	0	0.0	0.0	0.0	
NZ_CP047831.1_584-11146:._6	NZ_CP047831.1_8	NZ_CP047831.1_584-11146	4567	4998	-1	NZ_CP047831.1_584-11146:._8	PrrC	853	4	0.6528	0.4	0.5517	
NZ_CP116506.1_10822-21384:._7	NZ_CP116506.1_16	NZ_CP116506.1_10822-21384	5644	6330	1	NZ_CP116506.1_10822-21384:._5	PrrC	763	2	0.6828	0.2	0.4897	IPR032874
NZ_CP128160.1_86726-97591:._3	NZ_CP128160.1_112	NZ_CP128160.1_86726-97591	3785	4003	1	none	none	0	0	0.0	0.0	0.0	
NZ_CP074420.1_16347-26621:._6	NZ_CP074420.1_30	NZ_CP074420.1_16347-26621	4578	4949	-1	none	none	0	0	0.0	0.0	0.0	IPR025161
NZ_CP074423.1_25623-36176:._6	NZ_CP074423.1_46	NZ_CP074423.1_25623-36176	7367	8671	-1	none	none	0	0	0.0	0.0	0.0	IPR018484;IPR018485
NZ_DBJOSD010000002.1_48159-58766:._5	NZ_DBJOSD010000002.1_59	NZ_DBJOSD010000002.1_48159-58766	4783	5010	-1	NZ_DBJOSD010000002.1_48159-58766:._4	RosmerTA	361	2	0.8349	0.2	0.5809	
NZ_DBJOSD010000002.1_48159-58766:._13	NZ_DBJOSD010000002.1_65	NZ_DBJOSD010000002.1_48159-58766	10353	10607	1	NZ_DBJOSD010000002.1_48159-58766:._4	RosmerTA	5931	0	0.0515	0.0	0.0309	IPR025296
NZ_CP188232.1_994165-1004736:._13	NZ_CP188232.1_903	NZ_CP188232.1_994165-1004736	5610	6251	1	none	none	0	0	0.0	0.0	0.0	
NZ_CP188234.1_19214-29785:._13	NZ_CP188234.1_42	NZ_CP188234.1_19214-29785	5610	6251	1	none	none	0	0	0.0	0.0	0.0	
NZ_CP188234.1_58681-69252:._13	NZ_CP188234.1_98	NZ_CP188234.1_58681-69252	5610	6251	1	none	none	0	0	0.0	0.0	0.0	
NZ_CP183391.1_2313598-2324190:._4	NZ_CP183391.1_2246	NZ_CP183391.1_2313598-2324190	4097	4960	-1	NZ_CP183391.1_2313598-2324190:._6	Gabija	832	4	0.6597	0.4	0.5558	IPR025669
NZ_CP183391.1_2386742-2397100:._4	NZ_CP183391.1_2322	NZ_CP183391.1_2386742-2397100	4088	4951	-1	none	none	0	0	0.0	0.0	0.0	IPR003439
NZ_CP016073.1_1928734-1939350:._6	NZ_CP016073.1_1930	NZ_CP016073.1_1928734-1939350	2874	5000	-1	none	none	0	0	0.0	0.0	0.0	IPR006171;IPR013497;IPR013498;IPR034144
NZ_LR134097.1_1-7574:._6	NZ_LR134097.1_5	NZ_LR134097.1_1-7574	2604	2807	1	none	none	0	0	0.0	0.0	0.0	
NZ_AP044781.1_545464-556071:._8	NZ_AP044781.1_477	NZ_AP044781.1_545464-556071	5681	6364	1	NZ_AP044781.1_545464-556071:._8	RM	0	1	1.0	0.1	0.64	IPR002941
NZ_CP007122.1_50865-61514:._8	NZ_CP007122.1_63	NZ_CP007122.1_50865-61514	7219	7389	-1	none	none	0	0	0.0	0.0	0.0	
NZ_CP029972.1_1-7109:._4	NZ_CP029972.1_3	NZ_CP029972.1_1-7109	2201	2695	1	none	none	0	0	0.0	0.0	0.0	
NZ_CP128463.1_16668-27284:._4	NZ_CP128463.1_27	NZ_CP128463.1_16668-27284	4044	5000	-1	none	none	0	0	0.0	0.0	0.0	IPR006171;IPR013497;IPR034144
NZ_CP141597.1_25985-36568:._6	NZ_CP141597.1_34	NZ_CP141597.1_25985-36568	4073	4729	-1	none	none	0	0	0.0	0.0	0.0	IPR001207
NZ_CP141597.1_41299-51930:._6	NZ_CP141597.1_54	NZ_CP141597.1_41299-51930	4011	4913	-1	none	none	0	0	0.0	0.0	0.0	IPR003740;IPR019264
NZ_CP141598.1_973-11526:._8	NZ_CP141598.1_7	NZ_CP141598.1_973-11526	9507	9827	1	NZ_CP141598.1_973-11526:._3	RloC	3626	1	0.1632	0.1	0.1379	
NZ_CP129888.1_106484-116905:._4	NZ_CP129888.1_122	NZ_CP129888.1_106484-116905	2856	5000	-1	none	none	0	0	0.0	0.0	0.0	IPR006171;IPR013497;IPR013498;IPR034144
NZ_CP133263.1_1174742-1185004:._7	NZ_CP133263.1_1181	NZ_CP133263.1_1174742-1185004	5317	5553	1	none	none	0	0	0.0	0.0	0.0	IPR006119;IPR006120
NZ_CP175544.1_36893-47629:._8	NZ_CP175544.1_50	NZ_CP175544.1_36893-47629	5818	6288	1	NZ_CP175544.1_36893-47629:._6	Septu	993	2	0.6087	0.2	0.4452	
NZ_CP185998.1_39805-50595:._10	NZ_CP185998.1_50	NZ_CP185998.1_39805-50595	5813	6019	1	none	none	0	0	0.0	0.0	0.0	
NZ_CP065190.1_1224461-1235116:._2	NZ_CP065190.1_1148	NZ_CP065190.1_1224461-1235116	3978	4931	-1	none	none	0	0	0.0	0.0	0.0	IPR025246
NZ_CP065998.1_1284240-1294856:._5	NZ_CP065998.1_1330	NZ_CP065998.1_1284240-1294856	4716	5000	-1	none	none	0	0	0.0	0.0	0.0	
NZ_CP191192.1_647660-658261:._10	NZ_CP191192.1_614	NZ_CP191192.1_647660-658261	5618	6310	1	none	none	0	0	0.0	0.0	0.0	IPR006171;IPR013497;IPR034144
NZ_CP045033.1_2257546-2267895:._7	NZ_CP045033.1_2319	NZ_CP045033.1_2257546-2267895	4756	5061	-1	none	none	0	0	0.0	0.0	0.0	IPR006119;IPR006120
NZ_CP189794.1_126932-137593:._5	NZ_CP189794.1_131	NZ_CP189794.1_126932-137593	5671	6636	1	none	none	0	0	0.0	0.0	0.0	IPR004107
NZ_CP011391.1_538509-549116:._5	NZ_CP011391.1_529	NZ_CP011391.1_538509-549116	4210	4971	-1	NZ_CP011391.1_538509-549116:._11	Anti_RM	3074	1	0.215	0.1	0.169	IPR025668
NZ_CP011391.1_726075-736640:._9	NZ_CP011391.1_710	NZ_CP011391.1_726075-736640	5652	6800	1	none	none	0	0	0.0	0.0	0.0	IPR006119
NZ_CP175398.1_28241-38884:._10	NZ_CP175398.1_40	NZ_CP175398.1_28241-38884	6685	7035	1	NZ_CP175398.1_28241-38884:._14	Anti_CRISPR	2676	1	0.2624	0.1	0.1974	
NZ_CP114456.1_100033-110661:._8	NZ_CP114456.1_104	NZ_CP114456.1_100033-110661	5622	5786	1	NZ_CP114456.1_100033-110661:._11	MazEF	895	3	0.6392	0.3	0.5035	
NZ_CP110051.1_19244-29887:._6	NZ_CP110051.1_29	NZ_CP110051.1_19244-29887	5666	5872	1	none	none	0	0	0.0	0.0	0.0	
NZ_CP098411.1_681568-692217:._5	NZ_CP098411.1_639	NZ_CP098411.1_681568-692217	4710	4994	-1	none	none	0	0	0.0	0.0	0.0	IPR001357
NZ_CP045586.1_253434-264083:._8	NZ_CP045586.1_265	NZ_CP045586.1_253434-264083	4710	4994	-1	none	none	0	0	0.0	0.0	0.0	IPR001357
NZ_CP045587.1_1-9756:._4	NZ_CP045587.1_3	NZ_CP045587.1_1-9756	4762	5046	1	none	none	0	0	0.0	0.0	0.0	IPR001357
NZ_CP157924.1_35610-46160:._13	NZ_CP157924.1_49	NZ_CP157924.1_35610-46160	9283	9546	-1	none	none	0	0	0.0	0.0	0.0	IPR006340
NZ_CP143585.1_13799-24421:._7	NZ_CP143585.1_20	NZ_CP143585.1_13799-24421	5713	6399	1	NZ_CP143585.1_13799-24421:._8	CBASS	34	3	0.9831	0.3	0.7099	IPR032874
NZ_CP143586.1_43856-54646:._10	NZ_CP143586.1_52	NZ_CP143586.1_43856-54646	5813	6019	1	none	none	0	0	0.0	0.0	0.0	
NZ_CP042108.1_7462-18015:._6	NZ_CP042108.1_17	NZ_CP042108.1_7462-18015	4739	4987	-1	none	none	0	0	0.0	0.0	0.0	IPR001387
NZ_CP040502.1_6603-17186:._7	NZ_CP040502.1_14	NZ_CP040502.1_6603-17186	5603	5776	1	none	none	0	0	0.0	0.0	0.0	IPR001789
NZ_CP197392.1_1629925-1640541:._6	NZ_CP197392.1_1553	NZ_CP197392.1_1629925-1640541	5617	5901	1	none	none	0	0	0.0	0.0	0.0	
NZ_CP118079.1_657500-668101:._10	NZ_CP118079.1_627	NZ_CP118079.1_657500-668101	5618	6310	1	none	none	0	0	0.0	0.0	0.0	IPR006171;IPR013497;IPR034144
NZ_CP083085.1_56274-66911:._1	NZ_CP083085.1_68	NZ_CP083085.1_56274-66911	3	845	-1	none	none	0	0	0.0	0.0	0.0	IPR003439;IPR013563
NZ_CP176379.1_13444-23763:._9	NZ_CP176379.1_23	NZ_CP176379.1_13444-23763	5416	6096	1	none	none	0	0	0.0	0.0	0.0	IPR032874
NZ_CP095334.1_1-8234:._6	NZ_CP095334.1_4	NZ_CP095334.1_1-8234	3256	3462	1	none	none	0	0	0.0	0.0	0.0	
NC_017568.1_1847444-1858060:._6	NC_017568.1_1757	NC_017568.1_1847444-1858060	2856	5000	-1	none	none	0	0	0.0	0.0	0.0	IPR006171;IPR013497;IPR013498;IPR034144
NZ_CP166247.1_353074-363717:._4	NZ_CP166247.1_347	NZ_CP166247.1_353074-363717	4442	4984	-1	none	none	0	0	0.0	0.0	0.0	
NZ_CP166247.1_2573929-2584572:._9	NZ_CP166247.1_2316	NZ_CP166247.1_2573929-2584572	5660	6202	1	none	none	0	0	0.0	0.0	0.0	
NZ_JBRFUU010000003.1_145526-156151:._3	NZ_JBRFUU010000003.1_153	NZ_JBRFUU010000003.1_145526-156151	1950	5003	-1	none	none	0	0	0.0	0.0	0.0	IPR002513;IPR025296
NZ_CP028241.1_55254-65621:._8	NZ_CP028241.1_67	NZ_CP028241.1_55254-65621	8573	8830	1	none	none	0	0	0.0	0.0	0.0	IPR002696
NZ_CP028242.1_1-8267:._4	NZ_CP028242.1_3	NZ_CP028242.1_1-8267	3320	3676	1	none	none	0	0	0.0	0.0	0.0	IPR031607
NZ_CP028242.1_8060-18643:._5	NZ_CP028242.1_11	NZ_CP028242.1_8060-18643	2212	2682	1	none	none	0	0	0.0	0.0	0.0	
NZ_CP066714.1_1980986-1991602:._5	NZ_CP066714.1_1966	NZ_CP066714.1_1980986-1991602	4692	5000	-1	none	none	0	0	0.0	0.0	0.0	
NZ_CP129543.1_36533-47164:._3	NZ_CP129543.1_44	NZ_CP129543.1_36533-47164	1684	2634	1	none	none	0	0	0.0	0.0	0.0	IPR000358;IPR033909
NZ_CP129543.1_36533-47164:._6	NZ_CP129543.1_47	NZ_CP129543.1_36533-47164	4407	5309	1	none	none	0	0	0.0	0.0	0.0	IPR003740;IPR019264
NZ_CP129544.1_16856-27214:._9	NZ_CP129544.1_26	NZ_CP129544.1_16856-27214	5408	6271	1	none	none	0	0	0.0	0.0	0.0	IPR003439
NZ_CP129524.1_618035-628684:._8	NZ_CP129524.1_614	NZ_CP129524.1_618035-628684	4710	4994	-1	none	none	0	0	0.0	0.0	0.0	IPR001357
NZ_CP092545.1_5592-15707:._7	NZ_CP092545.1_14	NZ_CP092545.1_5592-15707	4266	4946	-1	none	none	0	0	0.0	0.0	0.0	IPR032874
NC_015420.1_1-7061:._2	NC_015420.1_3	NC_015420.1_1-7061	1476	1922	-1	NC_015420.1_1-7061:._4	RosmerTA	164	1	0.9213	0.1	0.5928	IPR006119;IPR006120
NZ_CP064641.1_16596-27203:._5	NZ_CP064641.1_21	NZ_CP064641.1_16596-27203	3071	3484	1	none	none	0	0	0.0	0.0	0.0	
NZ_CP080028.1_3862694-3873247:._5	NZ_CP080028.1_3929	NZ_CP080028.1_3862694-3873247	4477	4908	-1	none	none	0	0	0.0	0.0	0.0	IPR046929
NZ_CP091236.1_12608-23224:._5	NZ_CP091236.1_19	NZ_CP091236.1_12608-23224	2856	5000	-1	none	none	0	0	0.0	0.0	0.0	IPR006171;IPR013497;IPR013498;IPR034144
NZ_CP082837.1_980290-990858:._6	NZ_CP082837.1_910	NZ_CP082837.1_980290-990858	5601	5783	1	none	none	0	0	0.0	0.0	0.0	
NZ_CP132039.1_19666-30219:._7	NZ_CP132039.1_30	NZ_CP132039.1_19666-30219	5566	5814	1	none	none	0	0	0.0	0.0	0.0	IPR001387
NZ_CP030245.1_5324-14691:._6	NZ_CP030245.1_11	NZ_CP030245.1_5324-14691	5087	5989	1	none	none	0	0	0.0	0.0	0.0	IPR003740;IPR019264
NZ_CP196565.1_1-5214:._1	NZ_CP196565.1_2	NZ_CP196565.1_1-5214	2	214	-1	NZ_CP196565.1_1-5214:._5	RosmerTA	1626	1	0.4435	0.1	0.3061	IPR006119
NZ_CP196565.1_30474-41027:._10	NZ_CP196565.1_43	NZ_CP196565.1_30474-41027	5558	8473	1	none	none	0	0	0.0	0.0	0.0	IPR002513;IPR025296
NZ_CP066656.1_11137-21729:._6	NZ_CP066656.1_15	NZ_CP066656.1_11137-21729	4282	4962	-1	none	none	0	0	0.0	0.0	0.0	IPR032874
NZ_CP066715.1_1981033-1991649:._5	NZ_CP066715.1_1969	NZ_CP066715.1_1981033-1991649	4692	5000	-1	none	none	0	0	0.0	0.0	0.0	
NZ_CP191194.1_716736-727337:._10	NZ_CP191194.1_699	NZ_CP191194.1_716736-727337	5618	6310	1	none	none	0	0	0.0	0.0	0.0	IPR006171;IPR013497;IPR034144
NZ_CP016087.1_3086129-3096787:._7	NZ_CP016087.1_2886	NZ_CP016087.1_3086129-3096787	5688	5879	1	none	none	0	0	0.0	0.0	0.0	
NZ_CP175269.1_1-5606:._4	NZ_CP175269.1_3	NZ_CP175269.1_1-5606	4216	5268	1	none	none	0	0	0.0	0.0	0.0	IPR001126;IPR017961;IPR024728
NZ_CP175270.1_1-9153:._2	NZ_CP175270.1_1	NZ_CP175270.1_1-9153	653	2533	1	none	none	0	0	0.0	0.0	0.0	IPR019931;IPR026345;IPR032300
NZ_CP175270.1_1-9153:._4	NZ_CP175270.1_3	NZ_CP175270.1_1-9153	2979	3836	1	none	none	0	0	0.0	0.0	0.0	IPR019931
NZ_CP175270.1_50862-61475:._6	NZ_CP175270.1_65	NZ_CP175270.1_50862-61475	5638	6822	1	NZ_CP175270.1_50862-61475:._6	AbiH	0	1	1.0	0.1	0.64	IPR025935
NZ_CP126119.1_38770-49359:._3	NZ_CP126119.1_43	NZ_CP126119.1_38770-49359	2083	2985	-1	none	none	0	0	0.0	0.0	0.0	IPR003740;IPR019264
NZ_CP174857.1_16966-27582:._6	NZ_CP174857.1_29	NZ_CP174857.1_16966-27582	4908	5000	-1	none	none	0	0	0.0	0.0	0.0	
NZ_CP032533.1_35377-45945:._6	NZ_CP032533.1_42	NZ_CP032533.1_35377-45945	4507	4920	-1	none	none	0	0	0.0	0.0	0.0	IPR000086
NC_016749.1_1938185-1948768:._10	NC_016749.1_2013	NC_016749.1_1938185-1948768	4876	5049	-1	none	none	0	0	0.0	0.0	0.0	
NZ_CP054006.1_1-10314:._10	NZ_CP054006.1_9	NZ_CP054006.1_1-10314	5536	7005	1	none	none	0	0	0.0	0.0	0.0	IPR002293
NC_017470.1_1470036-1480628:._3	NC_017470.1_1494	NC_017470.1_1470036-1480628	4360	5022	-1	NC_017470.1_1470036-1480628:._3	RM	0	3	1.0	0.3	0.72	
NZ_AP025521.1_24803-35392:._8	NZ_AP025521.1_33	NZ_AP025521.1_24803-35392	8072	8338	1	none	none	0	0	0.0	0.0	0.0	
NZ_CP073071.1_46383-56999:._6	NZ_CP073071.1_59	NZ_CP073071.1_46383-56999	4617	4970	-1	NZ_CP073071.1_46383-56999:._8	RosmerTA	783	1	0.676	0.1	0.4456	
NZ_DBJOSC010000002.1_67956-78509:._7	NZ_DBJOSC010000002.1_79	NZ_DBJOSC010000002.1_67956-78509	5558	8473	1	none	none	0	0	0.0	0.0	0.0	IPR002513;IPR025296
NZ_CP191283.1_293075-303697:._8	NZ_CP191283.1_282	NZ_CP191283.1_293075-303697	5653	5865	1	NZ_CP191283.1_293075-303697:._15	RM	2740	2	0.2541	0.2	0.2325	
NZ_CP130534.1_2693266-2703867:._8	NZ_CP130534.1_2512	NZ_CP130534.1_2693266-2703867	4292	4984	-1	NZ_CP130534.1_2693266-2703867:._14	Lamassu-Fam	3308	7	0.1913	0.7	0.3948	IPR006171;IPR013497;IPR034144
NZ_CP072708.1_6491-17104:._8	NZ_CP072708.1_14	NZ_CP072708.1_6491-17104	7819	8304	1	NZ_CP072708.1_6491-17104:._7	AbiE	3	1	0.9985	0.1	0.6391	IPR000424
NZ_CP072708.1_55139-65482:._6	NZ_CP072708.1_73	NZ_CP072708.1_55139-65482	4730	4990	-1	NZ_CP072708.1_55139-65482:._4	RosmerTA	1530	4	0.4653	0.4	0.4392	IPR006120
NZ_CP187872.1_39538-49824:._7	NZ_CP187872.1_54	NZ_CP187872.1_39538-49824	4683	4964	-1	none	none	0	0	0.0	0.0	0.0	
NZ_CP187872.1_61572-72191:._9	NZ_CP187872.1_87	NZ_CP187872.1_61572-72191	5620	5964	1	none	none	0	0	0.0	0.0	0.0	
NZ_CP117228.1_37235-47788:._2	NZ_CP117228.1_45	NZ_CP117228.1_37235-47788	2081	4996	-1	none	none	0	0	0.0	0.0	0.0	IPR002513;IPR025296
NZ_CP117228.1_72826-83016:._10	NZ_CP117228.1_87	NZ_CP117228.1_72826-83016	5567	5893	1	NZ_CP117228.1_72826-83016:._5	RosmerTA	1972	1	0.3731	0.1	0.2638	
NZ_CP131802.1_17281-27894:._10	NZ_CP131802.1_29	NZ_CP131802.1_17281-27894	7541	8869	1	none	none	0	0	0.0	0.0	0.0	IPR004703
NZ_CP131802.1_76790-87133:._8	NZ_CP131802.1_99	NZ_CP131802.1_76790-87133	5354	5614	1	NZ_CP131802.1_76790-87133:._10	RosmerTA	1530	4	0.4653	0.4	0.4392	IPR006120
NZ_CP029966.1_1789333-1799919:._8	NZ_CP029966.1_1873	NZ_CP029966.1_1789333-1799919	5660	6376	1	none	none	0	0	0.0	0.0	0.0	IPR006528
NZ_CP029967.1_24841-35427:._7	NZ_CP029967.1_33	NZ_CP029967.1_24841-35427	4211	4927	-1	none	none	0	0	0.0	0.0	0.0	IPR006528
NZ_CP191190.1_655896-666497:._10	NZ_CP191190.1_627	NZ_CP191190.1_655896-666497	5618	6310	1	none	none	0	0	0.0	0.0	0.0	IPR006171;IPR013497;IPR034144
NZ_CP102861.1_1-9958:._6	NZ_CP102861.1_5	NZ_CP102861.1_1-9958	4964	5248	1	none	none	0	0	0.0	0.0	0.0	IPR001357
NZ_CP121506.1_15853-26463:._3	NZ_CP121506.1_23	NZ_CP121506.1_15853-26463	2054	2875	1	NZ_CP121506.1_15853-26463:._4	CBASS	514	7	0.7734	0.7	0.744	
NZ_CP065516.1_1-5681:._3	NZ_CP065516.1_2	NZ_CP065516.1_1-5681	1247	1495	1	none	none	0	0	0.0	0.0	0.0	IPR001387
NZ_CP166136.1_29448-40052:._3	NZ_CP166136.1_37	NZ_CP166136.1_29448-40052	864	1148	1	none	none	0	0	0.0	0.0	0.0	IPR001357
NZ_CP166136.1_29448-40052:._10	NZ_CP166136.1_46	NZ_CP166136.1_29448-40052	4564	5013	-1	none	none	0	0	0.0	0.0	0.0	IPR000825
NZ_CP014883.1_5403-14818:._3	NZ_CP014883.1_6	NZ_CP014883.1_5403-14818	1003	1821	1	none	none	0	0	0.0	0.0	0.0	IPR002495
NZ_CP014883.1_5403-14818:._9	NZ_CP014883.1_14	NZ_CP014883.1_5403-14818	7837	8136	-1	none	none	0	0	0.0	0.0	0.0	
NZ_CP014884.1_1005-11345:._6	NZ_CP014884.1_6	NZ_CP014884.1_1005-11345	3356	4087	1	none	none	0	0	0.0	0.0	0.0	
NZ_CP014884.1_3580-14163:._10	NZ_CP014884.1_14	NZ_CP014884.1_3580-14163	8465	9223	1	none	none	0	0	0.0	0.0	0.0	IPR014358
NZ_OZ061352.1_22241-32824:._10	NZ_OZ061352.1_41	NZ_OZ061352.1_22241-32824	6236	6784	-1	none	none	0	0	0.0	0.0	0.0	IPR000868
NZ_CP119571.1_2169714-2180342:._8	NZ_CP119571.1_2090	NZ_CP119571.1_2169714-2180342	5636	6151	1	none	none	0	0	0.0	0.0	0.0	
NZ_CP119571.1_2200652-2211283:._7	NZ_CP119571.1_2124	NZ_CP119571.1_2200652-2211283	5693	6007	1	none	none	0	0	0.0	0.0	0.0	IPR001845;IPR011991
NZ_CP184515.1_36853-47460:._7	NZ_CP184515.1_46	NZ_CP184515.1_36853-47460	5598	5825	1	NZ_CP184515.1_36853-47460:._8	RosmerTA	361	9	0.8349	0.9	0.8609	
NZ_CP065060.1_1191574-1202229:._2	NZ_CP065060.1_1092	NZ_CP065060.1_1191574-1202229	3978	4931	-1	none	none	0	0	0.0	0.0	0.0	IPR025246
NZ_CP071808.1_3055734-3066014:._7	NZ_CP071808.1_3069	NZ_CP071808.1_3055734-3066014	4694	4909	-1	none	none	0	0	0.0	0.0	0.0	
NC_021514.1_9053-19648:._4	NC_021514.1_8	NC_021514.1_9053-19648	1743	1979	1	none	none	0	0	0.0	0.0	0.0	IPR001648
NC_021514.1_9053-19648:._9	NC_021514.1_13	NC_021514.1_9053-19648	7535	8341	1	none	none	0	0	0.0	0.0	0.0	IPR001048;IPR041739
NC_021514.1_9053-19648:._10	NC_021514.1_14	NC_021514.1_9053-19648	8360	9598	1	none	none	0	0	0.0	0.0	0.0	IPR000965;IPR015590
NC_021518.1_5254-14636:._1	NC_021518.1_8	NC_021518.1_5254-14636	3	803	-1	none	none	0	0	0.0	0.0	0.0	IPR003740;IPR019264
NC_021518.1_12684-23264:._6	NC_021518.1_17	NC_021518.1_12684-23264	5216	5878	1	none	none	0	0	0.0	0.0	0.0	IPR003607;IPR006674
NC_021527.1_34122-44372:._3	NC_021527.1_37	NC_021527.1_34122-44372	1254	3335	1	NC_021527.1_34122-44372:._1	Dodola	477	1	0.7878	0.1	0.5127	
NZ_CP173118.1_515248-525897:._5	NZ_CP173118.1_514	NZ_CP173118.1_515248-525897	5656	5940	1	none	none	0	0	0.0	0.0	0.0	IPR001357
NZ_CP184486.1_1-6728:._4	NZ_CP184486.1_1	NZ_CP184486.1_1-6728	1039	1914	1	NZ_CP184486.1_1-6728:._5	Eleos	110	1	0.9465	0.1	0.6079	IPR028055;IPR047196
NZ_CP009268.1_791858-802411:._4	NZ_CP009268.1_711	NZ_CP009268.1_791858-802411	2004	4967	-1	none	none	0	0	0.0	0.0	0.0	IPR002513;IPR025296
NZ_CP009268.1_803933-814546:._7	NZ_CP009268.1_723	NZ_CP009268.1_803933-814546	5611	6570	1	none	none	0	0	0.0	0.0	0.0	IPR025296
NC_021828.1_18447-29054:._4	NC_021828.1_27	NC_021828.1_18447-29054	4783	5010	-1	NC_021828.1_18447-29054:._3	RosmerTA	361	2	0.8349	0.2	0.5809	
NC_021828.1_31885-42438:._9	NC_021828.1_46	NC_021828.1_31885-42438	5558	8473	1	NC_021828.1_31885-42438:._5	MazEF	3525	0	0.1716	0.0	0.103	IPR002513;IPR025296
NZ_CP082266.1_131674-142095:._8	NZ_CP082266.1_160	NZ_CP082266.1_131674-142095	5422	5784	1	none	none	0	0	0.0	0.0	0.0	IPR006171;IPR034144
NZ_CP090185.1_5899-16452:._6	NZ_CP090185.1_14	NZ_CP090185.1_5899-16452	4634	4870	-1	none	none	0	0	0.0	0.0	0.0	
NZ_CP090185.1_5899-16452:._9	NZ_CP090185.1_17	NZ_CP090185.1_5899-16452	6057	6983	-1	none	none	0	0	0.0	0.0	0.0	IPR025668
NZ_CP090189.1_13112-23716:._8	NZ_CP090189.1_23	NZ_CP090189.1_13112-23716	8778	9902	-1	NZ_CP090189.1_13112-23716:._6	PrrC	433	4	0.8053	0.4	0.6432	IPR013610
NZ_CP090191.1_1-10145:._11	NZ_CP090191.1_10	NZ_CP090191.1_1-10145	9450	10145	1	none	none	0	0	0.0	0.0	0.0	IPR002797
NZ_CP094946.1_602021-612481:._7	NZ_CP094946.1_595	NZ_CP094946.1_602021-612481	4134	4901	-1	NZ_CP094946.1_602021-612481:._11	Gabija	2392	1	0.3024	0.1	0.2214	
NZ_CP094946.1_618230-628879:._7	NZ_CP094946.1_610	NZ_CP094946.1_618230-628879	4710	4994	-1	none	none	0	0	0.0	0.0	0.0	IPR001357
NZ_CP072587.1_60449-70792:._7	NZ_CP072587.1_76	NZ_CP072587.1_60449-70792	5354	5614	1	NZ_CP072587.1_60449-70792:._9	RosmerTA	1530	4	0.4653	0.4	0.4392	IPR006120
NZ_CP099553.1_13250-23860:._3	NZ_CP099553.1_19	NZ_CP099553.1_13250-23860	2864	4900	-1	NZ_CP099553.1_13250-23860:._1	PrrC	1327	2	0.515	0.2	0.389	IPR003855
NZ_CP099553.1_27973-38541:._8	NZ_CP099553.1_37	NZ_CP099553.1_27973-38541	7980	8951	1	none	none	0	0	0.0	0.0	0.0	IPR003740;IPR019264
NZ_CP033810.1_592172-602755:._8	NZ_CP033810.1_610	NZ_CP033810.1_592172-602755	4888	5049	-1	NZ_CP033810.1_592172-602755:._10	RM	642	2	0.7254	0.2	0.5153	
NZ_CP110048.1_28891-39534:._6	NZ_CP110048.1_43	NZ_CP110048.1_28891-39534	5666	5872	1	none	none	0	0	0.0	0.0	0.0	
NZ_CP066549.1_24153-34757:._6	NZ_CP066549.1_31	NZ_CP066549.1_24153-34757	5592	6041	1	none	none	0	0	0.0	0.0	0.0	IPR000825
NZ_CP143639.1_5419-16035:._8	NZ_CP143639.1_11	NZ_CP143639.1_5419-16035	7505	9532	1	none	none	0	0	0.0	0.0	0.0	IPR013507;IPR014790
NZ_OZ006982.1_1251656-1261933:._5	NZ_OZ006982.1_1247	NZ_OZ006982.1_1251656-1261933	3582	4973	-1	none	none	0	0	0.0	0.0	0.0	
NZ_CP145225.1_19314-29921:._4	NZ_CP145225.1_30	NZ_CP145225.1_19314-29921	1130	2422	-1	none	none	0	0	0.0	0.0	0.0	IPR000802
NZ_JASGWY010000005.1_28649-39196:._10	NZ_JASGWY010000005.1_44	NZ_JASGWY010000005.1_28649-39196	8120	9004	1	none	none	0	0	0.0	0.0	0.0	IPR000515
NZ_JASGWY010000008.1_22760-33358:._3	NZ_JASGWY010000008.1_32	NZ_JASGWY010000008.1_22760-33358	688	1071	-1	none	none	0	0	0.0	0.0	0.0	IPR013766
NZ_CP168917.1_46705-57312:._14	NZ_CP168917.1_53	NZ_CP168917.1_46705-57312	10265	10606	1	none	none	0	0	0.0	0.0	0.0	IPR007693
NZ_CP168918.1_539-11092:._2	NZ_CP168918.1_3	NZ_CP168918.1_539-11092	2081	4996	-1	none	none	0	0	0.0	0.0	0.0	IPR002513;IPR025296
NZ_CP174917.1_9897-20513:._8	NZ_CP174917.1_19	NZ_CP174917.1_9897-20513	5617	5709	1	none	none	0	0	0.0	0.0	0.0	
NZ_CP065708.1_2887-13431:._5	NZ_CP065708.1_9	NZ_CP065708.1_2887-13431	2004	2186	-1	none	none	0	0	0.0	0.0	0.0	
NZ_CP065709.1_353-10963:._6	NZ_CP065709.1_5	NZ_CP065709.1_353-10963	5679	6410	1	NZ_CP065709.1_353-10963:._1	Dodola	3915	0	0.1412	0.0	0.0847	IPR013216
NZ_JBRFUR010000001.1_144871-155496:._3	NZ_JBRFUR010000001.1_152	NZ_JBRFUR010000001.1_144871-155496	1950	5003	-1	none	none	0	0	0.0	0.0	0.0	IPR002513;IPR025296
NZ_CP128107.1_3041097-3051377:._8	NZ_CP128107.1_3029	NZ_CP128107.1_3041097-3051377	4694	4909	-1	none	none	0	0	0.0	0.0	0.0	
NC_022238.1_181316-191899:._8	NC_022238.1_185	NC_022238.1_181316-191899	5676	6497	1	NC_022238.1_181316-191899:._11	Gao_Qat	2456	1	0.2929	0.1	0.2157	IPR025669
NZ_CP117494.1_2937-13553:._5	NZ_CP117494.1_11	NZ_CP117494.1_2937-13553	2856	5000	-1	none	none	0	0	0.0	0.0	0.0	IPR006171;IPR013497;IPR013498;IPR034144
NZ_CP134218.1_48324-58955:._6	NZ_CP134218.1_58	NZ_CP134218.1_48324-58955	5719	6621	1	NZ_CP134218.1_48324-58955:._9	CBASS	1723	4	0.4225	0.4	0.4135	IPR003740;IPR019264
NZ_CP069558.1_1663014-1673597:._8	NZ_CP069558.1_1687	NZ_CP069558.1_1663014-1673597	5676	6497	1	NZ_CP069558.1_1663014-1673597:._11	Gao_Qat	2456	1	0.2929	0.1	0.2157	IPR025669
NZ_CP037431.1_1-7919:._3	NZ_CP037431.1_2	NZ_CP037431.1_1-7919	2120	2869	1	none	none	0	0	0.0	0.0	0.0	IPR005501
NZ_CP037431.1_1-7919:._4	NZ_CP037431.1_3	NZ_CP037431.1_1-7919	2891	4090	1	none	none	0	0	0.0	0.0	0.0	IPR001046
NZ_CP037433.1_24954-35138:._13	NZ_CP037433.1_39	NZ_CP037433.1_24954-35138	6993	7691	1	none	none	0	0	0.0	0.0	0.0	
NZ_CP037435.1_1477-12093:._11	NZ_CP037435.1_14	NZ_CP037435.1_1477-12093	7651	8196	-1	none	none	0	0	0.0	0.0	0.0	
NZ_CP037435.1_1477-12093:._13	NZ_CP037435.1_16	NZ_CP037435.1_1477-12093	9321	9566	-1	none	none	0	0	0.0	0.0	0.0	
NZ_CP037435.1_21291-31607:._15	NZ_CP037435.1_39	NZ_CP037435.1_21291-31607	8365	8706	-1	none	none	0	0	0.0	0.0	0.0	IPR006119
NZ_CP130282.1_84231-94847:._6	NZ_CP130282.1_91	NZ_CP130282.1_84231-94847	3834	5000	-1	none	none	0	0	0.0	0.0	0.0	IPR006171;IPR013497;IPR034144
NZ_CP017982.1_1543204-1553553:._6	NZ_CP017982.1_1672	NZ_CP017982.1_1543204-1553553	4771	5061	-1	none	none	0	0	0.0	0.0	0.0	IPR006119;IPR006120
NZ_CP191790.1_104110-114453:._6	NZ_CP191790.1_128	NZ_CP191790.1_104110-114453	4730	4990	-1	NZ_CP191790.1_104110-114453:._4	RosmerTA	1530	4	0.4653	0.4	0.4392	IPR006120
NZ_CP023483.1_863096-873718:._4	NZ_CP023483.1_844	NZ_CP023483.1_863096-873718	4825	5055	-1	none	none	0	0	0.0	0.0	0.0	
NZ_CP013018.1_791852-802405:._4	NZ_CP013018.1_707	NZ_CP013018.1_791852-802405	2004	4967	-1	none	none	0	0	0.0	0.0	0.0	IPR002513;IPR025296
NZ_CP013018.1_803927-814540:._7	NZ_CP013018.1_719	NZ_CP013018.1_803927-814540	5611	6570	1	none	none	0	0	0.0	0.0	0.0	IPR025296
NZ_CP075937.1_11130-21863:._5	NZ_CP075937.1_18	NZ_CP075937.1_11130-21863	5744	6091	-1	none	none	0	0	0.0	0.0	0.0	
NZ_CP162656.1_1830482-1841098:._6	NZ_CP162656.1_1774	NZ_CP162656.1_1830482-1841098	5617	5901	1	none	none	0	0	0.0	0.0	0.0	
NZ_CP092542.1_2634579-2644694:._8	NZ_CP092542.1_2472	NZ_CP092542.1_2634579-2644694	4266	4946	-1	none	none	0	0	0.0	0.0	0.0	IPR032874
NZ_CP109937.1_715741-726108:._13	NZ_CP109937.1_689	NZ_CP109937.1_715741-726108	9766	10368	1	none	none	0	0	0.0	0.0	0.0	IPR025669
NZ_CP154891.1_1011356-1021957:._7	NZ_CP154891.1_970	NZ_CP154891.1_1011356-1021957	4292	4984	-1	NZ_CP154891.1_1011356-1021957:._14	RosmerTA	5019	0	0.0813	0.0	0.0488	IPR006171;IPR013497;IPR034144
NZ_CP150248.1_2608104-2618666:._6	NZ_CP150248.1_2614	NZ_CP150248.1_2608104-2618666	5611	7059	1	none	none	0	0	0.0	0.0	0.0	IPR001584;IPR015378
NZ_CP094386.1_11775-22400:._6	NZ_CP094386.1_18	NZ_CP094386.1_11775-22400	3568	4743	1	none	none	0	0	0.0	0.0	0.0	IPR001207
NZ_CP094386.1_11775-22400:._13	NZ_CP094386.1_25	NZ_CP094386.1_11775-22400	9363	9866	1	none	none	0	0	0.0	0.0	0.0	IPR002559
NZ_CM143115.1_446649-457298:._5	NZ_CM143115.1_444	NZ_CM143115.1_446649-457298	5656	5940	1	none	none	0	0	0.0	0.0	0.0	IPR001357
NZ_CP020018.1_925741-935985:._5	NZ_CP020018.1_937	NZ_CP020018.1_925741-935985	4653	5015	-1	NZ_CP020018.1_925741-935985:._14	RM	5018	0	0.0813	0.0	0.0488	
NZ_JBRYYC010000002.1_231127-241743:._4	NZ_JBRYYC010000002.1_253	NZ_JBRYYC010000002.1_231127-241743	2856	5000	-1	none	none	0	0	0.0	0.0	0.0	IPR006171;IPR013497;IPR013498;IPR034144
NZ_CP196580.1_73019-83572:._8	NZ_CP196580.1_83	NZ_CP196580.1_73019-83572	5558	8473	1	none	none	0	0	0.0	0.0	0.0	IPR002513;IPR025296
NZ_CP130509.1_2731606-2742207:._8	NZ_CP130509.1_2578	NZ_CP130509.1_2731606-2742207	4292	4984	-1	NZ_CP130509.1_2731606-2742207:._14	Lamassu-Fam	3308	7	0.1913	0.7	0.3948	IPR006171;IPR013497;IPR034144
NZ_LT598667.1_13444-23763:._9	NZ_LT598667.1_23	NZ_LT598667.1_13444-23763	5416	6096	1	none	none	0	0	0.0	0.0	0.0	IPR032874
NZ_OZ242943.1_1-7248:._5	NZ_OZ242943.1_4	NZ_OZ242943.1_1-7248	2254	3327	1	none	none	0	0	0.0	0.0	0.0	IPR001584;IPR025246
NZ_CP036068.1_48028-58179:._3	NZ_CP036068.1_56	NZ_CP036068.1_48028-58179	5232	5552	1	none	none	0	0	0.0	0.0	0.0	IPR006119
NC_022123.1_49680-60329:._6	NC_022123.1_61	NC_022123.1_49680-60329	4710	4994	-1	none	none	0	0	0.0	0.0	0.0	IPR001357
NZ_CP118066.1_1-7765:._6	NZ_CP118066.1_5	NZ_CP118066.1_1-7765	2783	3589	1	none	none	0	0	0.0	0.0	0.0	
NZ_LR135420.1_157663-168006:._7	NZ_LR135420.1_176	NZ_LR135420.1_157663-168006	5354	5614	1	NZ_LR135420.1_157663-168006:._9	RosmerTA	1530	4	0.4653	0.4	0.4392	IPR006120
NZ_CP168714.1_1594155-1604765:._5	NZ_CP168714.1_1604	NZ_CP168714.1_1594155-1604765	5649	5894	1	NZ_CP168714.1_1594155-1604765:._6	MazEF	0	1	1.0	0.1	0.64	
NZ_CP018073.1_33876-44498:._8	NZ_CP018073.1_46	NZ_CP018073.1_33876-44498	6654	7205	-1	NZ_CP018073.1_33876-44498:._8	Eleos	0	1	1.0	0.1	0.64	IPR005602
NZ_JBQAYQ010000002.1_44212-54519:._10	NZ_JBQAYQ010000002.1_64	NZ_JBQAYQ010000002.1_44212-54519	5391	6107	1	none	none	0	0	0.0	0.0	0.0	IPR006528
NZ_JBQAYQ010000006.1_25405-35973:._11	NZ_JBQAYQ010000006.1_30	NZ_JBQAYQ010000006.1_25405-35973	8634	8747	1	none	none	0	0	0.0	0.0	0.0	
NZ_JBQAYQ010000006.1_25405-35973:._12	NZ_JBQAYQ010000006.1_31	NZ_JBQAYQ010000006.1_25405-35973	8809	9615	1	none	none	0	0	0.0	0.0	0.0	IPR025669
NZ_JBQAYQ010000008.1_22810-33441:._2	NZ_JBQAYQ010000008.1_27	NZ_JBQAYQ010000008.1_22810-33441	464	802	1	none	none	0	0	0.0	0.0	0.0	IPR025161
NZ_JBQPVX010000002.1_23747-34333:._7	NZ_JBQPVX010000002.1_34	NZ_JBQPVX010000002.1_23747-34333	5584	6768	1	none	none	0	0	0.0	0.0	0.0	IPR040607;IPR042051;IPR049067
NZ_CP018765.1_44386-54987:._7	NZ_CP018765.1_70	NZ_CP018765.1_44386-54987	6908	7255	-1	NZ_CP018765.1_44386-54987:._4	CBASS	1980	4	0.3716	0.4	0.3829	IPR003439
NZ_CP022056.1_8913-19520:._1	NZ_CP022056.1_8	NZ_CP022056.1_8913-19520	2	463	-1	none	none	0	0	0.0	0.0	0.0	IPR011545
NZ_CP022056.1_8913-19520:._6	NZ_CP022056.1_13	NZ_CP022056.1_8913-19520	7112	7819	-1	none	none	0	0	0.0	0.0	0.0	IPR003833
NZ_CP022056.1_8913-19520:._9	NZ_CP022056.1_16	NZ_CP022056.1_8913-19520	8767	9909	-1	none	none	0	0	0.0	0.0	0.0	IPR015890
NZ_CP022057.1_2059-12678:._7	NZ_CP022057.1_8	NZ_CP022057.1_2059-12678	4574	4747	1	NZ_CP022057.1_2059-12678:._5	Anti_CRISPR	399	1	0.8191	0.1	0.5315	
NZ_CP020327.1_20181-30743:._9	NZ_CP020327.1_28	NZ_CP020327.1_20181-30743	6731	7510	-1	none	none	0	0	0.0	0.0	0.0	IPR004700
NZ_CP052936.1_582684-593333:._5	NZ_CP052936.1_556	NZ_CP052936.1_582684-593333	4752	4994	-1	none	none	0	0	0.0	0.0	0.0	IPR001357
NZ_CP098422.1_1402-12018:._8	NZ_CP098422.1_7	NZ_CP098422.1_1402-12018	5617	5979	1	none	none	0	0	0.0	0.0	0.0	IPR006171;IPR034144
NZ_CP065154.1_623345-633928:._7	NZ_CP065154.1_612	NZ_CP065154.1_623345-633928	5671	6834	1	NZ_CP065154.1_623345-633928:._1	PrrC	4646	0	0.098	0.0	0.0588	IPR026870;IPR026898
NZ_CP065155.1_23440-34089:._10	NZ_CP065155.1_32	NZ_CP065155.1_23440-34089	4710	4994	-1	none	none	0	0	0.0	0.0	0.0	IPR001357
NZ_CP065156.1_2215-12864:._6	NZ_CP065156.1_10	NZ_CP065156.1_2215-12864	4899	4994	-1	NZ_CP065156.1_2215-12864:._8	MazEF	776	1	0.6784	0.1	0.447	
NZ_CP086085.1_1-9099:._7	NZ_CP086085.1_6	NZ_CP086085.1_1-9099	4029	4373	1	none	none	0	0	0.0	0.0	0.0	IPR031607
NZ_CP086085.1_1-9099:._12	NZ_CP086085.1_11	NZ_CP086085.1_1-9099	8821	9099	1	none	none	0	0	0.0	0.0	0.0	IPR041219
NZ_CP086085.1_22644-33215:._13	NZ_CP086085.1_36	NZ_CP086085.1_22644-33215	5672	6439	1	none	none	0	0	0.0	0.0	0.0	IPR025669
NZ_CP086087.1_2113-12759:._4	NZ_CP086087.1_6	NZ_CP086087.1_2113-12759	1141	1302	-1	NZ_CP086087.1_2113-12759:._8	RosmerTA	2066	1	0.3559	0.1	0.2536	
NZ_CP086087.1_2113-12759:._9	NZ_CP086087.1_11	NZ_CP086087.1_2113-12759	4070	4879	-1	NZ_CP086087.1_2113-12759:._8	RosmerTA	97	1	0.9527	0.1	0.6116	IPR003675
NZ_CP087426.1_1965320-1975936:._5	NZ_CP087426.1_1909	NZ_CP087426.1_1965320-1975936	4716	5000	-1	none	none	0	0	0.0	0.0	0.0	
NZ_CP072563.1_640598-650851:._3	NZ_CP072563.1_612	NZ_CP072563.1_640598-650851	4771	5007	-1	NZ_CP072563.1_640598-650851:._5	RM	633	2	0.7287	0.2	0.5172	
NZ_CP053183.1_2644422-2655023:._8	NZ_CP053183.1_2458	NZ_CP053183.1_2644422-2655023	4292	4984	-1	NZ_CP053183.1_2644422-2655023:._14	Lamassu-Fam	3308	7	0.1913	0.7	0.3948	IPR006171;IPR013497;IPR034144
NZ_CP080337.1_9727-20319:._16	NZ_CP080337.1_26	NZ_CP080337.1_9727-20319	9444	9839	1	none	none	0	0	0.0	0.0	0.0	IPR002514
NZ_CP080338.1_17620-28269:._6	NZ_CP080338.1_26	NZ_CP080338.1_17620-28269	6864	8210	-1	NZ_CP080338.1_17620-28269:._6	PrrC	0	6	1.0	0.6	0.84	IPR003356
NZ_CP080339.1_31798-42447:._2	NZ_CP080339.1_34	NZ_CP080339.1_31798-42447	169	597	-1	NZ_CP080339.1_31798-42447:._5	RosmerTA	1226	1	0.5417	0.1	0.365	IPR002559
NZ_CP080339.1_31798-42447:._12	NZ_CP080339.1_42	NZ_CP080339.1_31798-42447	5656	5940	1	NZ_CP080339.1_31798-42447:._5	RosmerTA	3555	1	0.1691	0.1	0.1414	IPR001357
NZ_CP080342.1_14003-24097:._3	NZ_CP080342.1_20	NZ_CP080342.1_14003-24097	1357	2220	1	NZ_CP080342.1_14003-24097:._5	Anti_CRISPR	839	1	0.6574	0.1	0.4344	IPR025669
NZ_CP062466.1_14124-24314:._11	NZ_CP062466.1_33	NZ_CP062466.1_14124-24314	5160	5504	1	none	none	0	0	0.0	0.0	0.0	IPR006119
NZ_CP062466.1_34748-44905:._11	NZ_CP062466.1_69	NZ_CP062466.1_34748-44905	5161	5598	1	none	none	0	0	0.0	0.0	0.0	IPR006119;IPR006120
NZ_CP123735.1_1617017-1627366:._6	NZ_CP123735.1_1638	NZ_CP123735.1_1617017-1627366	4756	5061	-1	none	none	0	0	0.0	0.0	0.0	IPR006119;IPR006120
NZ_CP093291.1_4888149-4898606:._7	NZ_CP093291.1_4938	NZ_CP093291.1_4888149-4898606	4887	5015	-1	none	none	0	0	0.0	0.0	0.0	
NZ_CP059140.1_1870325-1880911:._5	NZ_CP059140.1_1886	NZ_CP059140.1_1870325-1880911	4193	4918	-1	none	none	0	0	0.0	0.0	0.0	IPR006528
NZ_CP021529.1_1-7164:._4	NZ_CP021529.1_3	NZ_CP021529.1_1-7164	3493	4617	1	NZ_CP021529.1_1-7164:._4	Retron	0	2	1.0	0.2	0.68	IPR003395
NZ_CP065771.1_53486-64108:._6	NZ_CP065771.1_69	NZ_CP065771.1_53486-64108	4224	4910	-1	none	none	0	0	0.0	0.0	0.0	IPR032874
NZ_CP065771.1_90956-101377:._6	NZ_CP065771.1_110	NZ_CP065771.1_90956-101377	4638	5000	-1	none	none	0	0	0.0	0.0	0.0	IPR006171;IPR034144
NZ_LR135374.1_52929-63545:._7	NZ_LR135374.1_64	NZ_LR135374.1_52929-63545	5617	5709	1	none	none	0	0	0.0	0.0	0.0	
NZ_LR135374.1_60194-70672:._8	NZ_LR135374.1_73	NZ_LR135374.1_60194-70672	5479	7623	1	none	none	0	0	0.0	0.0	0.0	IPR006171;IPR013497;IPR013498;IPR034144
NZ_CP054440.1_24162-34787:._5	NZ_CP054440.1_22	NZ_CP054440.1_24162-34787	4181	6013	1	NZ_CP054440.1_24162-34787:._8	Lamassu-Fam	2557	7	0.2785	0.7	0.4471	IPR000014;IPR003594;IPR003660;IPR003661;IPR029150
NZ_CP054442.1_16740-27290:._9	NZ_CP054442.1_22	NZ_CP054442.1_16740-27290	5615	6487	1	none	none	0	0	0.0	0.0	0.0	IPR000847;IPR005119
NZ_CP034684.1_29333-39895:._6	NZ_CP034684.1_39	NZ_CP034684.1_29333-39895	4612	4926	-1	none	none	0	0	0.0	0.0	0.0	
NZ_CP017467.1_18260-28810:._5	NZ_CP017467.1_32	NZ_CP017467.1_18260-28810	4064	4936	-1	NZ_CP017467.1_18260-28810:._7	Lamassu-Fam	642	7	0.7254	0.7	0.7153	IPR000847;IPR005119
NZ_CP014531.1_1-5741:._1	NZ_CP014531.1_1	NZ_CP014531.1_1-5741	32	124	-1	none	none	0	0	0.0	0.0	0.0	
NZ_CP014535.1_1138-11751:._9	NZ_CP014535.1_10	NZ_CP014535.1_1138-11751	7831	10194	1	none	none	0	0	0.0	0.0	0.0	IPR006171;IPR013497;IPR025589;IPR034144
NZ_CP009599.1_42945-53555:._11	NZ_CP009599.1_74	NZ_CP009599.1_42945-53555	5624	6448	1	none	none	0	0	0.0	0.0	0.0	IPR000305
NZ_CP047081.1_1655981-1666225:._5	NZ_CP047081.1_1710	NZ_CP047081.1_1655981-1666225	4653	5015	-1	NZ_CP047081.1_1655981-1666225:._12	RM	3950	1	0.1388	0.1	0.1233	
NZ_CP099992.1_41476-52020:._5	NZ_CP099992.1_52	NZ_CP099992.1_41476-52020	3444	4175	1	none	none	0	0	0.0	0.0	0.0	IPR013216
NZ_CP178242.1_25789-36417:._6	NZ_CP178242.1_36	NZ_CP178242.1_25789-36417	5651	6451	1	none	none	0	0	0.0	0.0	0.0	
NZ_CP094231.1_31703-42046:._6	NZ_CP094231.1_39	NZ_CP094231.1_31703-42046	4730	4990	-1	NZ_CP094231.1_31703-42046:._4	RosmerTA	1530	4	0.4653	0.4	0.4392	IPR006120
NZ_CM135950.1_1633486-1644102:._6	NZ_CM135950.1_1555	NZ_CM135950.1_1633486-1644102	5617	5901	1	none	none	0	0	0.0	0.0	0.0	
NZ_CP066722.1_5283-14665:._9	NZ_CP066722.1_15	NZ_CP066722.1_5283-14665	4972	5484	1	NZ_CP066722.1_5283-14665:._1	Anti_CRISPR	4726	0	0.0941	0.0	0.0565	
NZ_CP066723.1_18079-28710:._6	NZ_CP066723.1_26	NZ_CP066723.1_18079-28710	5660	5974	1	none	none	0	0	0.0	0.0	0.0	IPR001845;IPR011991
NC_017529.1_833030-843226:._6	NC_017529.1_847	NC_017529.1_833030-843226	4640	4966	-1	none	none	0	0	0.0	0.0	0.0	IPR006119
NC_007351.1_6120-16670:._6	NC_007351.1_10	NC_007351.1_6120-16670	4064	4936	-1	none	none	0	0	0.0	0.0	0.0	IPR000847;IPR005119
NC_007351.1_6120-16670:._12	NC_007351.1_16	NC_007351.1_6120-16670	7508	8800	-1	none	none	0	0	0.0	0.0	0.0	IPR000802
NZ_AP022916.1_270031-280674:._6	NZ_AP022916.1_263	NZ_AP022916.1_270031-280674	5637	5891	1	NZ_AP022916.1_270031-280674:._11	Thoeris	3824	3	0.1478	0.3	0.2087	IPR018690
NZ_CP019698.1_2426202-2436791:._5	NZ_CP019698.1_2350	NZ_CP019698.1_2426202-2436791	5583	6050	1	none	none	0	0	0.0	0.0	0.0	
NZ_CP072179.1_34292-44893:._11	NZ_CP072179.1_46	NZ_CP072179.1_34292-44893	5620	6426	1	none	none	0	0	0.0	0.0	0.0	
NZ_CP069892.1_668636-679219:._5	NZ_CP069892.1_666	NZ_CP069892.1_668636-679219	4553	4924	-1	none	none	0	0	0.0	0.0	0.0	
NZ_CP148611.1_7764-18497:._5	NZ_CP148611.1_17	NZ_CP148611.1_7764-18497	5755	5862	1	NZ_CP148611.1_7764-18497:._3	6A_MBL	1297	2	0.5228	0.2	0.3937	
NZ_CP193746.1_804513-815129:._6	NZ_CP193746.1_842	NZ_CP193746.1_804513-815129	5617	5901	1	none	none	0	0	0.0	0.0	0.0	
NZ_CP075923.1_68527-79260:._5	NZ_CP075923.1_83	NZ_CP075923.1_68527-79260	5755	5862	1	NZ_CP075923.1_68527-79260:._3	6A_MBL	1297	2	0.5228	0.2	0.3937	
NZ_CP191406.1_4114222-4124838:._6	NZ_CP191406.1_4100	NZ_CP191406.1_4114222-4124838	5700	6674	1	none	none	0	0	0.0	0.0	0.0	
NZ_CP118080.1_657500-668101:._10	NZ_CP118080.1_628	NZ_CP118080.1_657500-668101	5618	6310	1	none	none	0	0	0.0	0.0	0.0	IPR006171;IPR013497;IPR034144
NZ_CP178536.1_2665310-2675941:._5	NZ_CP178536.1_2502	NZ_CP178536.1_2665310-2675941	4625	4939	-1	none	none	0	0	0.0	0.0	0.0	IPR001845;IPR011991
NZ_CP178536.1_2696616-2706878:._6	NZ_CP178536.1_2537	NZ_CP178536.1_2696616-2706878	4635	4982	-1	none	none	0	0	0.0	0.0	0.0	IPR006120
NZ_LR135180.1_39852-50468:._10	NZ_LR135180.1_48	NZ_LR135180.1_39852-50468	5617	5979	1	none	none	0	0	0.0	0.0	0.0	IPR006171;IPR034144
NZ_CP119629.1_1928934-1939559:._3	NZ_CP119629.1_1877	NZ_CP119629.1_1928934-1939559	1950	5003	-1	none	none	0	0	0.0	0.0	0.0	IPR002513;IPR025296
NZ_CP035145.1_4070-14284:._10	NZ_CP035145.1_18	NZ_CP035145.1_4070-14284	5224	5586	1	none	none	0	0	0.0	0.0	0.0	IPR006120
NZ_CP035147.1_17384-28015:._7	NZ_CP035147.1_26	NZ_CP035147.1_17384-28015	4011	4913	-1	none	none	0	0	0.0	0.0	0.0	IPR003740;IPR019264
NZ_CP124887.1_355090-365706:._3	NZ_CP124887.1_348	NZ_CP124887.1_355090-365706	4638	5000	-1	none	none	0	0	0.0	0.0	0.0	IPR006171;IPR034144
NZ_CP022984.1_106053-116678:._5	NZ_CP022984.1_122	NZ_CP022984.1_106053-116678	1950	5003	-1	none	none	0	0	0.0	0.0	0.0	IPR002513;IPR025296
NZ_CP085472.1_33360-43961:._7	NZ_CP085472.1_46	NZ_CP085472.1_33360-43961	7872	8441	-1	NZ_CP085472.1_33360-43961:._4	PrrC	1565	2	0.4573	0.2	0.3544	
NZ_CP085472.1_34790-45373:._11	NZ_CP085472.1_49	NZ_CP085472.1_34790-45373	9586	10584	1	NZ_CP085472.1_34790-45373:._3	PrrC	4709	0	0.0949	0.0	0.057	IPR002509
NZ_CP085473.1_24160-34740:._9	NZ_CP085473.1_31	NZ_CP085473.1_24160-34740	5644	5820	1	none	none	0	0	0.0	0.0	0.0	
NZ_CP085475.1_1-5462:._2	NZ_CP085475.1_1	NZ_CP085475.1_1-5462	3182	4804	1	NZ_CP085475.1_1-5462:._2	PrrC	0	6	1.0	0.6	0.84	IPR003356;IPR022749
NZ_CP168649.1_40833-51482:._8	NZ_CP168649.1_58	NZ_CP168649.1_40833-51482	4710	4994	-1	none	none	0	0	0.0	0.0	0.0	IPR001357
NZ_CP194533.1_8827-19386:._4	NZ_CP194533.1_11	NZ_CP194533.1_8827-19386	1419	2474	1	NZ_CP194533.1_8827-19386:._15	Anti_CRISPR	7156	0	0.0279	0.0	0.0168	IPR025714
NZ_CP194533.1_8827-19386:._7	NZ_CP194533.1_14	NZ_CP194533.1_8827-19386	4144	4980	1	NZ_CP194533.1_8827-19386:._15	Anti_CRISPR	4650	0	0.0978	0.0	0.0587	IPR003593
NZ_CP194534.1_18502-29052:._5	NZ_CP194534.1_24	NZ_CP194534.1_18502-29052	3392	4066	1	none	none	0	0	0.0	0.0	0.0	IPR032874
NZ_CP194535.1_13183-23730:._2	NZ_CP194535.1_16	NZ_CP194535.1_13183-23730	667	3780	-1	NZ_CP194535.1_13183-23730:._2	RM	0	3	1.0	0.3	0.72	IPR006935;IPR045572
NZ_CP109759.1_618-11219:._9	NZ_CP109759.1_9	NZ_CP109759.1_618-11219	5618	5980	1	NZ_CP109759.1_618-11219:._3	RosmerTA	3554	1	0.1691	0.1	0.1415	IPR006171;IPR034144
NZ_CP075918.1_47738-58471:._11	NZ_CP075918.1_62	NZ_CP075918.1_47738-58471	4872	4979	-1	NZ_CP075918.1_47738-58471:._13	6A_MBL	1297	2	0.5228	0.2	0.3937	
NZ_CP030011.1_653-11242:._7	NZ_CP030011.1_10	NZ_CP030011.1_653-11242	4127	4924	-1	none	none	0	0	0.0	0.0	0.0	IPR025669
NZ_CP069955.1_1759-12375:._6	NZ_CP069955.1_9	NZ_CP069955.1_1759-12375	4569	4982	-1	NZ_CP069955.1_1759-12375:._12	Anti_CRISPR	4431	0	0.1091	0.0	0.0655	
NZ_CP082335.1_1-7691:._3	NZ_CP082335.1_4	NZ_CP082335.1_1-7691	1324	2124	-1	NZ_CP082335.1_1-7691:._5	Gabija	849	1	0.6541	0.1	0.4325	IPR025669
NZ_CP123079.1_1531-12147:._7	NZ_CP123079.1_6	NZ_CP123079.1_1531-12147	5635	6048	1	none	none	0	0	0.0	0.0	0.0	
NZ_JBSPGF010000002.1_1-9581:._3	NZ_JBSPGF010000002.1_3	NZ_JBSPGF010000002.1_1-9581	1992	2762	1	none	none	0	0	0.0	0.0	0.0	
NZ_CP019609.1_2217213-2227826:._6	NZ_CP019609.1_2152	NZ_CP019609.1_2217213-2227826	5616	5810	1	NZ_CP019609.1_2217213-2227826:._9	RM	1809	2	0.4047	0.2	0.3228	
NZ_CP019738.1_40053-50141:._7	NZ_CP019738.1_71	NZ_CP019738.1_40053-50141	4650	4958	-1	none	none	0	0	0.0	0.0	0.0	IPR025161
NZ_CP041740.1_34763-45379:._9	NZ_CP041740.1_51	NZ_CP041740.1_34763-45379	4020	5000	-1	NZ_CP041740.1_34763-45379:._6	MazEF	1371	1	0.5038	0.1	0.3423	IPR006171;IPR013497;IPR034144
NZ_CP031839.1_2680057-2690688:._5	NZ_CP031839.1_2529	NZ_CP031839.1_2680057-2690688	4625	4939	-1	none	none	0	0	0.0	0.0	0.0	IPR001845;IPR011991
NZ_CP031839.1_2711363-2721625:._6	NZ_CP031839.1_2564	NZ_CP031839.1_2711363-2721625	4635	4982	-1	none	none	0	0	0.0	0.0	0.0	IPR006120
NZ_CP127096.1_1354621-1365219:._7	NZ_CP127096.1_1353	NZ_CP127096.1_1354621-1365219	4625	4939	-1	none	none	0	0	0.0	0.0	0.0	IPR001845;IPR011991
NZ_CP023753.1_38472-49025:._3	NZ_CP023753.1_44	NZ_CP023753.1_38472-49025	2081	4996	-1	none	none	0	0	0.0	0.0	0.0	IPR002513;IPR025296
NZ_CP023753.1_38472-49025:._11	NZ_CP023753.1_50	NZ_CP023753.1_38472-49025	10339	10554	1	none	none	0	0	0.0	0.0	0.0	
NZ_CP183883.1_2361859-2372427:._11	NZ_CP183883.1_2119	NZ_CP183883.1_2361859-2372427	5592	7070	1	none	none	0	0	0.0	0.0	0.0	IPR035421
NZ_CP019978.1_658766-669406:._10	NZ_CP019978.1_623	NZ_CP019978.1_658766-669406	5619	6311	1	none	none	0	0	0.0	0.0	0.0	IPR006171;IPR013497;IPR034144
NZ_CP025442.1_1509136-1519689:._7	NZ_CP025442.1_1543	NZ_CP025442.1_1509136-1519689	5558	8473	1	none	none	0	0	0.0	0.0	0.0	IPR002513;IPR025296
NZ_CP031604.1_877500-888116:._5	NZ_CP031604.1_884	NZ_CP031604.1_877500-888116	4716	5000	-1	none	none	0	0	0.0	0.0	0.0	
NZ_CP074108.1_150820-161424:._6	NZ_CP074108.1_167	NZ_CP074108.1_150820-161424	3798	5003	-1	NZ_CP074108.1_150820-161424:._6	AbiC	0	1	1.0	0.1	0.64	IPR031709
NZ_CP074108.1_150820-161424:._9	NZ_CP074108.1_168	NZ_CP074108.1_150820-161424	6232	6549	1	NZ_CP074108.1_150820-161424:._6	AbiC	1229	1	0.5409	0.1	0.3645	IPR006120
NC_015602.1_1680093-1690442:._7	NC_015602.1_1767	NC_015602.1_1680093-1690442	5289	5594	1	none	none	0	0	0.0	0.0	0.0	IPR006119;IPR006120
NZ_CP177336.1_11772-22355:._8	NZ_CP177336.1_21	NZ_CP177336.1_11772-22355	4907	5776	1	NZ_CP177336.1_11772-22355:._12	RM	3971	1	0.1373	0.1	0.1224	IPR046084
NZ_CP177336.1_24758-35344:._5	NZ_CP177336.1_30	NZ_CP177336.1_24758-35344	5670	6005	1	NZ_CP177336.1_24758-35344:._3	Gabija	962	2	0.6182	0.2	0.4509	
NZ_CP177340.1_39967-50589:._3	NZ_CP177340.1_46	NZ_CP177340.1_39967-50589	1869	2507	1	none	none	0	0	0.0	0.0	0.0	
NZ_CP177341.1_4020-14651:._6	NZ_CP177341.1_11	NZ_CP177341.1_4020-14651	5719	6621	1	none	none	0	0	0.0	0.0	0.0	IPR003740;IPR019264
NZ_LR135172.1_31324-41988:._3	NZ_LR135172.1_40	NZ_LR135172.1_31324-41988	4638	5000	-1	none	none	0	0	0.0	0.0	0.0	IPR006171;IPR034144
NZ_CP102421.1_38605-49338:._6	NZ_CP102421.1_52	NZ_CP102421.1_38605-49338	5755	5862	1	none	none	0	0	0.0	0.0	0.0	
NZ_CP183189.1_1091692-1102275:._5	NZ_CP183189.1_1082	NZ_CP183189.1_1091692-1102275	4553	4924	-1	none	none	0	0	0.0	0.0	0.0	
NZ_CP114876.1_11681-22282:._6	NZ_CP114876.1_17	NZ_CP114876.1_11681-22282	6159	6410	-1	none	none	0	0	0.0	0.0	0.0	IPR002514
NZ_CP114877.1_15818-26344:._4	NZ_CP114877.1_17	NZ_CP114877.1_15818-26344	1439	1807	-1	none	none	0	0	0.0	0.0	0.0	IPR035528
NZ_CP114877.1_15818-26344:._10	NZ_CP114877.1_23	NZ_CP114877.1_15818-26344	5435	5713	-1	none	none	0	0	0.0	0.0	0.0	
NZ_CP114878.1_13957-24525:._6	NZ_CP114878.1_17	NZ_CP114878.1_13957-24525	3366	3890	1	NZ_CP114878.1_13957-24525:._9	AbiH	1095	1	0.5784	0.1	0.387	IPR000182
NZ_CP114878.1_13957-24525:._12	NZ_CP114878.1_23	NZ_CP114878.1_13957-24525	7485	8291	1	NZ_CP114878.1_13957-24525:._14	Anti_CRISPR	869	2	0.6476	0.2	0.4686	IPR025669
NZ_CP014986.1_20624-31273:._4	NZ_CP014986.1_30	NZ_CP014986.1_20624-31273	1889	2749	1	none	none	0	0	0.0	0.0	0.0	IPR004704
NZ_CP083695.1_1-8920:._7	NZ_CP083695.1_6	NZ_CP083695.1_1-8920	5480	6940	1	none	none	0	0	0.0	0.0	0.0	IPR007737
NZ_CP083695.1_1-8920:._9	NZ_CP083695.1_8	NZ_CP083695.1_1-8920	8566	8919	1	none	none	0	0	0.0	0.0	0.0	IPR006076
NZ_CP064269.1_54362-64981:._6	NZ_CP064269.1_82	NZ_CP064269.1_54362-64981	4220	4900	-1	none	none	0	0	0.0	0.0	0.0	
NZ_CP168831.1_41415-52028:._4	NZ_CP168831.1_49	NZ_CP168831.1_41415-52028	1650	4565	1	NZ_CP168831.1_41415-52028:._6	VP1851	1194	1	0.5505	0.1	0.3703	IPR002513;IPR025296
NZ_CP029350.1_1-10541:._8	NZ_CP029350.1_9	NZ_CP029350.1_1-10541	4045	4908	-1	NZ_CP029350.1_1-10541:._6	Anti_CRISPR	835	1	0.6587	0.1	0.4352	IPR025669
NZ_CP185723.1_40740-51326:._8	NZ_CP185723.1_58	NZ_CP185723.1_40740-51326	5584	6768	1	none	none	0	0	0.0	0.0	0.0	IPR040607;IPR042051;IPR049067
NZ_CP159599.1_35709-46295:._10	NZ_CP159599.1_51	NZ_CP159599.1_35709-46295	5607	6383	1	none	none	0	0	0.0	0.0	0.0	IPR006528
NZ_CP159603.1_30216-40865:._6	NZ_CP159603.1_40	NZ_CP159603.1_30216-40865	3441	3725	1	none	none	0	0	0.0	0.0	0.0	IPR001357
NZ_CP159603.1_30216-40865:._7	NZ_CP159603.1_41	NZ_CP159603.1_30216-40865	3755	4087	1	none	none	0	0	0.0	0.0	0.0	
NZ_CP159603.1_30216-40865:._18	NZ_CP159603.1_51	NZ_CP159603.1_30216-40865	9912	10382	1	none	none	0	0	0.0	0.0	0.0	IPR002559
NZ_AP018409.1_43131-53684:._3	NZ_AP018409.1_49	NZ_AP018409.1_43131-53684	1766	3802	1	none	none	0	0	0.0	0.0	0.0	IPR003855
NZ_CP174862.1_5169-15785:._10	NZ_CP174862.1_17	NZ_CP174862.1_5169-15785	5617	5709	1	none	none	0	0	0.0	0.0	0.0	
NZ_CP078522.1_23902-34509:._9	NZ_CP078522.1_44	NZ_CP078522.1_23902-34509	4827	4985	-1	NZ_CP078522.1_23902-34509:._1	RosmerTA	4400	1	0.1108	0.1	0.1065	
NZ_CP110237.1_1182431-1193026:._6	NZ_CP110237.1_1075	NZ_CP110237.1_1182431-1193026	4102	5010	-1	NZ_CP110237.1_1182431-1193026:._5	PD-Lambda-1	113	1	0.9451	0.1	0.607	
NZ_CP025561.1_5055-14500:._9	NZ_CP025561.1_17	NZ_CP025561.1_5055-14500	5004	7919	1	NZ_CP025561.1_5055-14500:._5	MazEF	3525	0	0.1716	0.0	0.103	IPR002513;IPR025296
NZ_CP023175.1_15277-25857:._8	NZ_CP023175.1_20	NZ_CP023175.1_15277-25857	7133	7489	1	NZ_CP023175.1_15277-25857:._11	RosmerTA	1260	2	0.5326	0.2	0.3996	IPR004386
NZ_CP023176.1_6639-17270:._3	NZ_CP023176.1_14	NZ_CP023176.1_6639-17270	2302	2961	-1	none	none	0	0	0.0	0.0	0.0	
NZ_CP023177.1_7734-18350:._4	NZ_CP023177.1_14	NZ_CP023177.1_7734-18350	2916	3818	-1	none	none	0	0	0.0	0.0	0.0	IPR003740;IPR019264
NZ_CP023177.1_26424-37004:._9	NZ_CP023177.1_32	NZ_CP023177.1_26424-37004	7305	7691	1	none	none	0	0	0.0	0.0	0.0	
NZ_CP035175.1_71723-82306:._8	NZ_CP035175.1_80	NZ_CP035175.1_71723-82306	5633	6496	1	none	none	0	0	0.0	0.0	0.0	IPR003439
NZ_CP035176.1_14212-24765:._2	NZ_CP035176.1_20	NZ_CP035176.1_14212-24765	907	1575	-1	none	none	0	0	0.0	0.0	0.0	IPR003362
NZ_CP036038.1_258334-268887:._3	NZ_CP036038.1_256	NZ_CP036038.1_258334-268887	2084	4975	-1	NZ_CP036038.1_258334-268887:._1	RosmerTA	473	1	0.7894	0.1	0.5136	IPR002513;IPR025296
NZ_CP126115.1_274904-285466:._5	NZ_CP126115.1_243	NZ_CP126115.1_274904-285466	5646	5819	1	NZ_CP126115.1_274904-285466:._3	PrrC	992	4	0.609	0.4	0.5254	
NZ_CP017067.1_23871-34502:._6	NZ_CP017067.1_25	NZ_CP017067.1_23871-34502	5719	6621	1	none	none	0	0	0.0	0.0	0.0	IPR003740;IPR019264
NZ_CP099983.1_10310-20890:._8	NZ_CP099983.1_20	NZ_CP099983.1_10310-20890	5564	5974	1	NZ_CP099983.1_10310-20890:._12	RM	4118	1	0.1276	0.1	0.1165	
NZ_CP099985.1_37045-47598:._9	NZ_CP099985.1_51	NZ_CP099985.1_37045-47598	8458	9360	1	none	none	0	0	0.0	0.0	0.0	IPR003740;IPR019264
NZ_CP099986.1_41514-52070:._7	NZ_CP099986.1_45	NZ_CP099986.1_41514-52070	5584	6222	1	none	none	0	0	0.0	0.0	0.0	
NZ_CP173696.1_433803-444452:._5	NZ_CP173696.1_435	NZ_CP173696.1_433803-444452	5656	5940	1	none	none	0	0	0.0	0.0	0.0	IPR001357
NC_004671.1_45326-55930:._10	NC_004671.1_53	NC_004671.1_45326-55930	5660	7552	1	none	none	0	0	0.0	0.0	0.0	IPR004919
NZ_CP152361.1_24128-34759:._6	NZ_CP152361.1_28	NZ_CP152361.1_24128-34759	5719	6621	1	none	none	0	0	0.0	0.0	0.0	IPR003740;IPR019264
NZ_CP174854.1_1-10324:._7	NZ_CP174854.1_6	NZ_CP174854.1_1-10324	5324	5416	1	none	none	0	0	0.0	0.0	0.0	
NZ_JAOEJK010000002.1_7153-17772:._10	NZ_JAOEJK010000002.1_18	NZ_JAOEJK010000002.1_7153-17772	7022	7267	-1	none	none	0	0	0.0	0.0	0.0	
NZ_JAOEJK010000002.1_7153-17772:._14	NZ_JAOEJK010000002.1_20	NZ_JAOEJK010000002.1_7153-17772	8598	8825	1	none	none	0	0	0.0	0.0	0.0	
NZ_JAOEJK010000003.1_11514-22118:._10	NZ_JAOEJK010000003.1_20	NZ_JAOEJK010000003.1_11514-22118	8453	9235	1	NZ_JAOEJK010000003.1_11514-22118:._4	RM	4056	1	0.1316	0.1	0.119	IPR016667
NZ_CP091108.1_1-9261:._13	NZ_CP091108.1_12	NZ_CP091108.1_1-9261	8932	9234	1	none	none	0	0	0.0	0.0	0.0	IPR003188
NZ_CP119761.1_1570185-1580789:._5	NZ_CP119761.1_1482	NZ_CP119761.1_1570185-1580789	3437	4942	-1	none	none	0	0	0.0	0.0	0.0	IPR008454;IPR013552
NZ_CP023413.1_23898-34631:._6	NZ_CP023413.1_31	NZ_CP023413.1_23898-34631	5755	5862	1	none	none	0	0	0.0	0.0	0.0	
NZ_CP064576.1_5807-16411:._8	NZ_CP064576.1_15	NZ_CP064576.1_5807-16411	6520	6642	1	none	none	0	0	0.0	0.0	0.0	
NZ_CP064578.1_3387-14030:._8	NZ_CP064578.1_12	NZ_CP064578.1_3387-14030	5366	6205	1	none	none	0	0	0.0	0.0	0.0	IPR001626
NZ_CP142608.1_975917-986509:._6	NZ_CP142608.1_892	NZ_CP142608.1_975917-986509	4491	4943	-1	NZ_CP142608.1_975917-986509:._5	AbiE	0	1	1.0	0.1	0.64	
NZ_CP118550.1_486-11102:._6	NZ_CP118550.1_5	NZ_CP118550.1_486-11102	2856	3095	1	none	none	0	0	0.0	0.0	0.0	
NC_022571.1_3327273-3337871:._5	NC_022571.1_2997	NC_022571.1_3327273-3337871	3085	4911	-1	NC_022571.1_3327273-3337871:._13	RM	4586	0	0.101	0.0	0.0606	
NZ_CP021862.1_671058-681659:._10	NZ_CP021862.1_651	NZ_CP021862.1_671058-681659	5618	6310	1	none	none	0	0	0.0	0.0	0.0	IPR006171;IPR013497;IPR034144
NZ_CP091197.1_503-11143:._14	NZ_CP091197.1_13	NZ_CP091197.1_503-11143	9411	9854	-1	none	none	0	0	0.0	0.0	0.0	
NZ_CP091200.1_22608-33197:._4	NZ_CP091200.1_31	NZ_CP091200.1_22608-33197	1123	1803	1	NZ_CP091200.1_22608-33197:._7	Anti_CRISPR	1127	1	0.5692	0.1	0.3815	IPR032874
NZ_CP062470.1_6249-16439:._11	NZ_CP062470.1_17	NZ_CP062470.1_6249-16439	5160	5465	1	none	none	0	0	0.0	0.0	0.0	IPR006119
NZ_CP029628.1_7899-18467:._10	NZ_CP029628.1_22	NZ_CP029628.1_7899-18467	5591	5827	1	none	none	0	0	0.0	0.0	0.0	IPR001387
NC_022245.1_163271-173854:._8	NC_022245.1_169	NC_022245.1_163271-173854	5676	6497	1	NC_022245.1_163271-173854:._11	Gao_Qat	2456	1	0.2929	0.1	0.2157	IPR025669
NZ_CP183831.1_6628-17211:._6	NZ_CP183831.1_12	NZ_CP183831.1_6628-17211	4442	4951	-1	none	none	0	0	0.0	0.0	0.0	IPR003439
NZ_CP183831.1_18736-29211:._5	NZ_CP183831.1_23	NZ_CP183831.1_18736-29211	4442	4951	-1	none	none	0	0	0.0	0.0	0.0	IPR003439
NC_013656.1_696522-707075:._6	NC_013656.1_693	NC_013656.1_696522-707075	5589	7301	1	none	none	0	0	0.0	0.0	0.0	
NZ_CP116205.1_938-11563:._4	NZ_CP116205.1_6	NZ_CP116205.1_938-11563	3894	5003	-1	none	none	0	0	0.0	0.0	0.0	IPR025296
NZ_CP116205.1_35266-45816:._2	NZ_CP116205.1_39	NZ_CP116205.1_35266-45816	692	1177	1	none	none	0	0	0.0	0.0	0.0	IPR019076
NZ_CP176691.1_96499-107124:._3	NZ_CP176691.1_100	NZ_CP176691.1_96499-107124	1950	5003	-1	none	none	0	0	0.0	0.0	0.0	IPR002513;IPR025296
NZ_CM132204.1_617435-628027:._7	NZ_CM132204.1_585	NZ_CM132204.1_617435-628027	5595	8777	1	NZ_CM132204.1_617435-628027:._7	Mokosh	0	5	1.0	0.5	0.8	IPR000719;IPR041677;IPR041679;IPR047187
NZ_CP025260.1_33195-43748:._3	NZ_CP025260.1_44	NZ_CP025260.1_33195-43748	2081	4996	-1	NZ_CP025260.1_33195-43748:._7	MazEF	3525	0	0.1716	0.0	0.103	IPR002513;IPR025296
NZ_CP025260.1_47839-58446:._7	NZ_CP025260.1_65	NZ_CP025260.1_47839-58446	5598	5825	1	NZ_CP025260.1_47839-58446:._8	RosmerTA	361	2	0.8349	0.2	0.5809	
NZ_CP195898.1_574498-585147:._9	NZ_CP195898.1_569	NZ_CP195898.1_574498-585147	4710	4994	-1	none	none	0	0	0.0	0.0	0.0	IPR001357
NZ_CP195899.1_3945-14594:._8	NZ_CP195899.1_10	NZ_CP195899.1_3945-14594	4710	4994	-1	NZ_CP195899.1_3945-14594:._12	PrrC	2268	4	0.3217	0.4	0.353	IPR001357
NZ_CP171211.1_12856-23463:._7	NZ_CP171211.1_21	NZ_CP171211.1_12856-23463	5623	5781	1	NZ_CP171211.1_12856-23463:._13	RosmerTA	3397	1	0.183	0.1	0.1498	
NZ_JBRFVC010000002.1_57139-67764:._3	NZ_JBRFVC010000002.1_58	NZ_JBRFVC010000002.1_57139-67764	1950	5003	-1	none	none	0	0	0.0	0.0	0.0	IPR002513;IPR025296
NZ_CP042392.1_602828-613240:._8	NZ_CP042392.1_634	NZ_CP042392.1_602828-613240	4853	4951	-1	none	none	0	0	0.0	0.0	0.0	
NZ_AP043831.1_13495-24108:._7	NZ_AP043831.1_27	NZ_AP043831.1_13495-24108	6208	6795	1	NZ_AP043831.1_13495-24108:._7	AbiV	0	6	1.0	0.6	0.84	IPR030987
NZ_AP043833.1_5398-16011:._11	NZ_AP043833.1_18	NZ_AP043833.1_5398-16011	5356	6726	1	none	none	0	0	0.0	0.0	0.0	IPR000802
NZ_AP043833.1_14104-24684:._6	NZ_AP043833.1_27	NZ_AP043833.1_14104-24684	3415	4017	1	NZ_AP043833.1_14104-24684:._11	RosmerTA	3309	1	0.1912	0.1	0.1547	IPR025699
NZ_AP043833.1_24350-34930:._5	NZ_AP043833.1_41	NZ_AP043833.1_24350-34930	5599	6186	1	NZ_AP043833.1_24350-34930:._5	AbiV	0	8	1.0	0.8	0.92	IPR030987
NZ_CP119692.1_2050702-2061318:._5	NZ_CP119692.1_2037	NZ_CP119692.1_2050702-2061318	4716	5000	-1	none	none	0	0	0.0	0.0	0.0	
NZ_CM129845.1_570646-581277:._7	NZ_CM129845.1_518	NZ_CM129845.1_570646-581277	5693	6007	1	none	none	0	0	0.0	0.0	0.0	IPR001845;IPR011991
NZ_CM129845.1_1433717-1444333:._6	NZ_CM129845.1_1350	NZ_CM129845.1_1433717-1444333	2856	5000	-1	none	none	0	0	0.0	0.0	0.0	IPR006171;IPR013497;IPR013498;IPR034144
NZ_CP102628.1_21250-31803:._2	NZ_CP102628.1_26	NZ_CP102628.1_21250-31803	2081	4996	-1	none	none	0	0	0.0	0.0	0.0	IPR002513;IPR025296
NZ_CP102628.1_56837-67027:._11	NZ_CP102628.1_70	NZ_CP102628.1_56837-67027	5567	5893	1	NZ_CP102628.1_56837-67027:._6	RosmerTA	1971	1	0.3733	0.1	0.264	
NZ_CP094731.1_1-7124:._5	NZ_CP094731.1_4	NZ_CP094731.1_1-7124	4594	6525	1	NZ_CP094731.1_1-7124:._4	Retron	11	2	0.9945	0.2	0.6767	IPR002288;IPR003594;IPR006171;IPR013506;IPR034160
NZ_CP113027.1_675399-686015:._11	NZ_CP113027.1_600	NZ_CP113027.1_675399-686015	5617	5979	1	none	none	0	0	0.0	0.0	0.0	IPR006171;IPR034144
NZ_CP036042.1_23746-34329:._7	NZ_CP036042.1_41	NZ_CP036042.1_23746-34329	4232	4987	-1	none	none	0	0	0.0	0.0	0.0	IPR000305
NZ_CP161864.1_23269-33891:._10	NZ_CP161864.1_31	NZ_CP161864.1_23269-33891	7862	9307	1	none	none	0	0	0.0	0.0	0.0	
NZ_CP175659.1_26902-37488:._10	NZ_CP175659.1_42	NZ_CP175659.1_26902-37488	7777	8178	1	none	none	0	0	0.0	0.0	0.0	IPR013766
NZ_CP175660.1_921-11285:._9	NZ_CP175660.1_10	NZ_CP175660.1_921-11285	6445	6801	1	none	none	0	0	0.0	0.0	0.0	IPR004386
NZ_CP175660.1_921-11285:._14	NZ_CP175660.1_15	NZ_CP175660.1_921-11285	10114	10365	1	none	none	0	0	0.0	0.0	0.0	IPR001647
NZ_CP175661.1_7209-17762:._9	NZ_CP175661.1_18	NZ_CP175661.1_7209-17762	8727	9593	1	NZ_CP175661.1_7209-17762:._3	CBASS	5559	0	0.0621	0.0	0.0372	IPR001584;IPR025948
NZ_CP130531.1_2575648-2586249:._7	NZ_CP130531.1_2355	NZ_CP130531.1_2575648-2586249	4292	4984	-1	none	none	0	0	0.0	0.0	0.0	IPR006171;IPR013497;IPR034144
NZ_CP016721.3_1395-11954:._8	NZ_CP016721.3_9	NZ_CP016721.3_1395-11954	4757	5440	1	none	none	0	0	0.0	0.0	0.0	
NZ_CP191196.1_646855-657456:._10	NZ_CP191196.1_614	NZ_CP191196.1_646855-657456	5618	6310	1	none	none	0	0	0.0	0.0	0.0	IPR006171;IPR013497;IPR034144
NZ_CP124924.1_44212-54855:._6	NZ_CP124924.1_47	NZ_CP124924.1_44212-54855	5666	5872	1	none	none	0	0	0.0	0.0	0.0	
NZ_CP027498.1_86592-96935:._7	NZ_CP027498.1_108	NZ_CP027498.1_86592-96935	5354	5614	1	NZ_CP027498.1_86592-96935:._12	RosmerTA	2899	2	0.2347	0.2	0.2208	IPR006120
NZ_CP027500.1_15850-26463:._10	NZ_CP027500.1_27	NZ_CP027500.1_15850-26463	4809	5024	1	none	none	0	0	0.0	0.0	0.0	IPR011686
NZ_AP014681.1_19581-30164:._9	NZ_AP014681.1_30	NZ_AP014681.1_19581-30164	3965	4429	1	none	none	0	0	0.0	0.0	0.0	IPR002559
NZ_AP022342.1_130917-141260:._8	NZ_AP022342.1_153	NZ_AP022342.1_130917-141260	5354	5614	1	NZ_AP022342.1_130917-141260:._10	RosmerTA	1530	4	0.4653	0.4	0.4392	IPR006120
NZ_CM149656.1_3196114-3206793:._7	NZ_CM149656.1_3198	NZ_CM149656.1_3196114-3206793	4778	4984	-1	NZ_CM149656.1_3196114-3206793:._12	AbiR	2300	1	0.3166	0.1	0.23	
NZ_CP054436.1_16740-27290:._1	NZ_CP054436.1_22	NZ_CP054436.1_16740-27290	2	1303	-1	NZ_CP054436.1_16740-27290:._10	Anti_CRISPR	7972	0	0.0186	0.0	0.0111	IPR000883
NZ_CP163403.1_569727-580343:._6	NZ_CP163403.1_604	NZ_CP163403.1_569727-580343	5617	5901	1	none	none	0	0	0.0	0.0	0.0	
NZ_AP019810.1_24384-35018:._3	NZ_AP019810.1_26	NZ_AP019810.1_24384-35018	2495	2992	1	none	none	0	0	0.0	0.0	0.0	IPR009825
NZ_AP019810.1_48980-59590:._5	NZ_AP019810.1_55	NZ_AP019810.1_48980-59590	3874	4725	-1	none	none	0	0	0.0	0.0	0.0	IPR000515
NZ_CP028978.1_22929-33545:._5	NZ_CP028978.1_29	NZ_CP028978.1_22929-33545	3830	5641	1	none	none	0	0	0.0	0.0	0.0	IPR010359;IPR013610
NZ_CP028979.1_1065-11681:._9	NZ_CP028979.1_9	NZ_CP028979.1_1065-11681	7913	8842	1	none	none	0	0	0.0	0.0	0.0	IPR001584;IPR025246
NZ_CP028980.1_2208-12839:._3	NZ_CP028980.1_6	NZ_CP028980.1_2208-12839	1513	2538	-1	none	none	0	0	0.0	0.0	0.0	IPR005888;IPR016040
NZ_CP028980.1_2208-12839:._6	NZ_CP028980.1_9	NZ_CP028980.1_2208-12839	4090	5490	-1	none	none	0	0	0.0	0.0	0.0	
NZ_CP132227.1_44986-55239:._9	NZ_CP132227.1_65	NZ_CP132227.1_44986-55239	4266	4952	-1	none	none	0	0	0.0	0.0	0.0	IPR032874
NZ_OZ260955.1_16059-26678:._7	NZ_OZ260955.1_29	NZ_OZ260955.1_16059-26678	3509	4051	-1	none	none	0	0	0.0	0.0	0.0	IPR005531
NZ_OZ260955.1_16059-26678:._11	NZ_OZ260955.1_31	NZ_OZ260955.1_16059-26678	5669	6532	1	none	none	0	0	0.0	0.0	0.0	IPR003439
NZ_OZ260959.1_3508-14157:._4	NZ_OZ260959.1_8	NZ_OZ260959.1_3508-14157	1874	3316	-1	none	none	0	0	0.0	0.0	0.0	
NZ_CP064774.1_46910-57535:._4	NZ_CP064774.1_49	NZ_CP064774.1_46910-57535	1950	5003	-1	none	none	0	0	0.0	0.0	0.0	IPR002513;IPR025296
NZ_CP014916.1_11961-22547:._11	NZ_CP014916.1_23	NZ_CP014916.1_11961-22547	6940	7224	1	NZ_CP014916.1_11961-22547:._3	RosmerTA	4752	0	0.0929	0.0	0.0558	
NZ_CP015985.1_27150-37757:._4	NZ_CP015985.1_36	NZ_CP015985.1_27150-37757	4783	5010	-1	NZ_CP015985.1_27150-37757:._3	RosmerTA	361	2	0.8349	0.2	0.5809	
NZ_CP015985.1_40565-51118:._9	NZ_CP015985.1_55	NZ_CP015985.1_40565-51118	5558	8473	1	NZ_CP015985.1_40565-51118:._5	MazEF	3525	0	0.1716	0.0	0.103	IPR002513;IPR025296
NZ_CP027195.1_11340-21971:._10	NZ_CP027195.1_18	NZ_CP027195.1_11340-21971	6991	7263	1	none	none	0	0	0.0	0.0	0.0	
NZ_CP027196.1_13331-23602:._3	NZ_CP027196.1_20	NZ_CP027196.1_13331-23602	2020	2922	-1	none	none	0	0	0.0	0.0	0.0	IPR003740;IPR019264
NZ_CM129627.1_19125-29732:._5	NZ_CM129627.1_18	NZ_CM129627.1_19125-29732	5301	6632	1	NZ_CM129627.1_19125-29732:._9	RM	2890	1	0.2357	0.1	0.1814	IPR009996
NZ_JBRFSD010000004.1_6806-17413:._9	NZ_JBRFSD010000004.1_18	NZ_JBRFSD010000004.1_6806-17413	5704	5829	1	NZ_JBRFSD010000004.1_6806-17413:._5	CBASS	1979	7	0.3718	0.7	0.5031	
NZ_JBRFSD010000004.1_6806-17413:._14	NZ_JBRFSD010000004.1_25	NZ_JBRFSD010000004.1_6806-17413	9074	9232	-1	NZ_JBRFSD010000004.1_6806-17413:._5	CBASS	5349	0	0.0689	0.0	0.0414	
NZ_CP083119.1_8179-18732:._6	NZ_CP083119.1_14	NZ_CP083119.1_8179-18732	4705	5721	1	none	none	0	0	0.0	0.0	0.0	IPR046084
NZ_CP019651.1_427279-437406:._9	NZ_CP019651.1_429	NZ_CP019651.1_427279-437406	5157	5567	1	none	none	0	0	0.0	0.0	0.0	IPR006119;IPR006120
NZ_CP045568.1_14617-25266:._8	NZ_CP045568.1_25	NZ_CP045568.1_14617-25266	5656	5940	1	NZ_CP045568.1_14617-25266:._4	PrrC	2112	2	0.3478	0.2	0.2887	IPR001357
NZ_CP084716.1_5073-14440:._6	NZ_CP084716.1_12	NZ_CP084716.1_5073-14440	3379	4281	-1	none	none	0	0	0.0	0.0	0.0	IPR003740;IPR019264
NZ_CP137477.1_14832-25454:._7	NZ_CP137477.1_24	NZ_CP137477.1_14832-25454	8588	9745	-1	none	none	0	0	0.0	0.0	0.0	IPR001959;IPR010095;IPR021027
NZ_CP158576.1_39618-50249:._6	NZ_CP158576.1_42	NZ_CP158576.1_39618-50249	5719	6621	1	none	none	0	0	0.0	0.0	0.0	IPR003740;IPR019264
NZ_CP176513.1_386118-396245:._9	NZ_CP176513.1_401	NZ_CP176513.1_386118-396245	5157	5567	1	none	none	0	0	0.0	0.0	0.0	IPR006119;IPR006120
NZ_CP116591.1_17113-27687:._4	NZ_CP116591.1_23	NZ_CP116591.1_17113-27687	5556	5834	1	NZ_CP116591.1_17113-27687:._2	RM	744	1	0.6894	0.1	0.4536	
NZ_OZ298316.1_2446-12546:._11	NZ_OZ298316.1_11	NZ_OZ298316.1_2446-12546	5137	5421	1	NZ_OZ298316.1_2446-12546:._2	RM	4229	1	0.1207	0.1	0.1124	IPR006119
NZ_OZ298316.1_42484-52788:._7	NZ_OZ298316.1_56	NZ_OZ298316.1_42484-52788	5354	5443	1	none	none	0	0	0.0	0.0	0.0	
NZ_OZ061571.1_4-10695:._2	NZ_OZ061571.1_3	NZ_OZ061571.1_4-10695	2199	2507	-1	none	none	0	0	0.0	0.0	0.0	IPR003352
NZ_CP110784.1_2124486-2135045:._1	NZ_CP110784.1_2071	NZ_CP110784.1_2124486-2135045	2	109	-1	none	none	0	0	0.0	0.0	0.0	IPR010712
NZ_CP119762.1_1534314-1544918:._5	NZ_CP119762.1_1440	NZ_CP119762.1_1534314-1544918	3383	4942	-1	none	none	0	0	0.0	0.0	0.0	IPR008454;IPR013552
NZ_CP048104.1_1672712-1682806:._4	NZ_CP048104.1_1635	NZ_CP048104.1_1672712-1682806	4548	4964	-1	none	none	0	0	0.0	0.0	0.0	IPR006119;IPR006120
NZ_CP095162.1_757330-767697:._9	NZ_CP095162.1_751	NZ_CP095162.1_757330-767697	5417	5512	1	none	none	0	0	0.0	0.0	0.0	IPR009391
NZ_CP095162.1_757330-767697:._16	NZ_CP095162.1_758	NZ_CP095162.1_757330-767697	9766	10368	1	none	none	0	0	0.0	0.0	0.0	IPR025669
NZ_CP095162.1_1204381-1215657:._4	NZ_CP095162.1_1204	NZ_CP095162.1_1204381-1215657	4116	4913	-1	none	none	0	0	0.0	0.0	0.0	IPR025669
NZ_AP043989.1_16372-26988:._9	NZ_AP043989.1_27	NZ_AP043989.1_16372-26988	5617	7761	1	none	none	0	0	0.0	0.0	0.0	IPR006171;IPR013497;IPR013498;IPR034144
NZ_JBQPXD010000002.1_134236-144852:._13	NZ_JBQPXD010000002.1_148	NZ_JBQPXD010000002.1_134236-144852	5650	6000	1	none	none	0	0	0.0	0.0	0.0	
NZ_CP088158.1_2644705-2655306:._8	NZ_CP088158.1_2443	NZ_CP088158.1_2644705-2655306	4292	4984	-1	NZ_CP088158.1_2644705-2655306:._14	Lamassu-Fam	3308	7	0.1913	0.7	0.3948	IPR006171;IPR013497;IPR034144
NZ_CP064344.1_30907-41511:._7	NZ_CP064344.1_33	NZ_CP064344.1_30907-41511	4005	4229	1	none	none	0	0	0.0	0.0	0.0	IPR001584
NC_022236.1_163271-173854:._8	NC_022236.1_169	NC_022236.1_163271-173854	5676	6497	1	NC_022236.1_163271-173854:._11	Gao_Qat	2456	1	0.2929	0.1	0.2157	IPR025669
NZ_CP168710.1_650-11230:._7	NZ_CP168710.1_7	NZ_CP168710.1_650-11230	3667	3843	1	none	none	0	0	0.0	0.0	0.0	
NZ_CP168710.1_650-11230:._9	NZ_CP168710.1_9	NZ_CP168710.1_650-11230	4459	4704	1	none	none	0	0	0.0	0.0	0.0	
NZ_CP168710.1_650-11230:._10	NZ_CP168710.1_12	NZ_CP168710.1_650-11230	4792	5340	-1	none	none	0	0	0.0	0.0	0.0	IPR000868
NZ_CP084247.1_44239-54603:._14	NZ_CP084247.1_65	NZ_CP084247.1_44239-54603	5000	5365	1	NZ_CP084247.1_44239-54603:._15	AbiC	0	3	1.0	0.3	0.72	
NZ_CP084247.1_44239-54603:._15	NZ_CP084247.1_66	NZ_CP084247.1_44239-54603	5362	6570	1	NZ_CP084247.1_44239-54603:._15	AbiC	0	3	1.0	0.3	0.72	IPR031709
NZ_CP084245.1_22226-32863:._7	NZ_CP084245.1_25	NZ_CP084245.1_22226-32863	5709	6857	1	NZ_CP084245.1_22226-32863:._8	AbiC	28	1	0.9861	0.1	0.6317	IPR007421
NZ_CP168912.1_18639-29303:._7	NZ_CP168912.1_29	NZ_CP168912.1_18639-29303	5665	7809	1	none	none	0	0	0.0	0.0	0.0	IPR006171;IPR013497;IPR013498;IPR034144
NZ_CP168912.1_51252-61805:._3	NZ_CP168912.1_64	NZ_CP168912.1_51252-61805	2081	4996	-1	NZ_CP168912.1_51252-61805:._7	MazEF	3525	0	0.1716	0.0	0.103	IPR002513;IPR025296
NZ_CP168912.1_64636-75243:._8	NZ_CP168912.1_83	NZ_CP168912.1_64636-75243	5598	5825	1	NZ_CP168912.1_64636-75243:._9	RosmerTA	361	2	0.8349	0.2	0.5809	
NZ_CP191289.1_293075-303697:._8	NZ_CP191289.1_282	NZ_CP191289.1_293075-303697	5653	5865	1	NZ_CP191289.1_293075-303697:._15	RM	2740	2	0.2541	0.2	0.2325	
NC_020820.1_1-6985:._1	NC_020820.1_2	NC_020820.1_1-6985	97	2232	-1	none	none	0	0	0.0	0.0	0.0	IPR006171;IPR013497;IPR025589;IPR034144
NC_020820.1_1-6985:._4	NC_020820.1_5	NC_020820.1_1-6985	4433	5272	-1	none	none	0	0	0.0	0.0	0.0	IPR046084
NZ_CP036076.1_6964-17610:._6	NZ_CP036076.1_15	NZ_CP036076.1_6964-17610	3218	3421	1	none	none	0	0	0.0	0.0	0.0	
NZ_CP036076.1_164150-174721:._4	NZ_CP036076.1_183	NZ_CP036076.1_164150-174721	1913	4945	-1	none	none	0	0	0.0	0.0	0.0	IPR002513;IPR025296
NZ_CP036079.1_6795-17444:._3	NZ_CP036079.1_10	NZ_CP036079.1_6795-17444	618	917	-1	none	none	0	0	0.0	0.0	0.0	IPR022635
NZ_CP058676.1_3549-14165:._6	NZ_CP058676.1_10	NZ_CP058676.1_3549-14165	6765	7694	-1	none	none	0	0	0.0	0.0	0.0	IPR001584;IPR025246
NZ_CP058678.1_22761-33356:._5	NZ_CP058678.1_29	NZ_CP058678.1_22761-33356	2793	3887	1	none	none	0	0	0.0	0.0	0.0	IPR001296
NZ_CP131819.1_115320-125663:._7	NZ_CP131819.1_131	NZ_CP131819.1_115320-125663	4730	4990	-1	NZ_CP131819.1_115320-125663:._5	RosmerTA	1530	2	0.4653	0.2	0.3592	IPR006120
NZ_CP009746.1_5495703-5506274:._6	NZ_CP009746.1_5548	NZ_CP009746.1_5495703-5506274	5584	5751	1	NZ_CP009746.1_5495703-5506274:._4	RM	822	1	0.663	0.1	0.4378	
NZ_JBRYRD010000002.1_6578-17185:._4	NZ_JBRYRD010000002.1_12	NZ_JBRYRD010000002.1_6578-17185	4783	5010	-1	NZ_JBRYRD010000002.1_6578-17185:._3	RosmerTA	361	2	0.8349	0.2	0.5809	
NZ_JBRYRD010000002.1_20016-30569:._9	NZ_JBRYRD010000002.1_31	NZ_JBRYRD010000002.1_20016-30569	5558	8473	1	NZ_JBRYRD010000002.1_20016-30569:._12	RosmerTA	1544	1	0.4621	0.1	0.3173	IPR002513;IPR025296
NZ_CP159590.1_10205-20785:._4	NZ_CP159590.1_13	NZ_CP159590.1_10205-20785	3874	4152	1	NZ_CP159590.1_10205-20785:._7	Anti_CRISPR	1353	1	0.5084	0.1	0.345	
NZ_OU016037.1_176539-186882:._7	NZ_OU016037.1_188	NZ_OU016037.1_176539-186882	5354	5614	1	NZ_OU016037.1_176539-186882:._9	RosmerTA	1530	2	0.4653	0.2	0.3592	IPR006120
NZ_CP071001.1_811739-822322:._10	NZ_CP071001.1_757	NZ_CP071001.1_811739-822322	5633	6496	1	none	none	0	0	0.0	0.0	0.0	IPR003439
NZ_CP077725.1_706269-716573:._6	NZ_CP077725.1_706	NZ_CP077725.1_706269-716573	5361	5669	1	none	none	0	0	0.0	0.0	0.0	
NZ_CP037940.1_2520346-2530914:._9	NZ_CP037940.1_2326	NZ_CP037940.1_2520346-2530914	5635	5934	1	none	none	0	0	0.0	0.0	0.0	
NZ_CP037940.1_2953543-2964138:._10	NZ_CP037940.1_2764	NZ_CP037940.1_2953543-2964138	5593	6138	1	none	none	0	0	0.0	0.0	0.0	
NZ_CP018066.1_166702-177318:._6	NZ_CP018066.1_190	NZ_CP018066.1_166702-177318	4908	5000	-1	none	none	0	0	0.0	0.0	0.0	
NZ_CP064314.1_611127-621776:._9	NZ_CP064314.1_601	NZ_CP064314.1_611127-621776	4710	4994	-1	none	none	0	0	0.0	0.0	0.0	IPR001357
NZ_LR135386.1_51576-62189:._4	NZ_LR135386.1_53	NZ_LR135386.1_51576-62189	1026	1463	1	none	none	0	0	0.0	0.0	0.0	
NZ_JBWBWH010000006.1_1-10083:._11	NZ_JBWBWH010000006.1_11	NZ_JBWBWH010000006.1_1-10083	7939	8295	-1	none	none	0	0	0.0	0.0	0.0	IPR004386
NZ_JBWBWH010000006.1_22991-33574:._6	NZ_JBWBWH010000006.1_29	NZ_JBWBWH010000006.1_22991-33574	5659	6666	1	NZ_JBWBWH010000006.1_22991-33574:._6	CBASS	0	7	1.0	0.7	0.88	
NZ_JBWBWH010000006.1_22991-33574:._10	NZ_JBWBWH010000006.1_35	NZ_JBWBWH010000006.1_22991-33574	8562	8846	-1	NZ_JBWBWH010000006.1_22991-33574:._7	CBASS	1014	7	0.6023	0.7	0.6414	IPR001357
NZ_CP019982.1_49349-59986:._7	NZ_CP019982.1_66	NZ_CP019982.1_49349-59986	5730	6224	1	NZ_CP019982.1_49349-59986:._3	Dodola	1868	1	0.393	0.1	0.2758	
NZ_CP116524.1_108454-119070:._3	NZ_CP116524.1_119	NZ_CP116524.1_108454-119070	4638	5000	-1	none	none	0	0	0.0	0.0	0.0	IPR006171;IPR034144
NZ_CP094724.1_170332-180441:._8	NZ_CP094724.1_177	NZ_CP094724.1_170332-180441	5180	5608	1	NZ_CP094724.1_170332-180441:._10	RosmerTA	1531	1	0.4651	0.1	0.3191	IPR006119;IPR006120
NZ_CP066025.1_50099-60703:._3	NZ_CP066025.1_51	NZ_CP066025.1_50099-60703	3734	4924	-1	NZ_CP066025.1_50099-60703:._3	PrrC	0	6	1.0	0.6	0.84	IPR003356
NZ_CP051014.1_11167-21837:._3	NZ_CP051014.1_15	NZ_CP051014.1_11167-21837	2152	2718	-1	none	none	0	0	0.0	0.0	0.0	IPR032874
NZ_CP089517.1_25644-36275:._6	NZ_CP089517.1_29	NZ_CP089517.1_25644-36275	5719	6621	1	none	none	0	0	0.0	0.0	0.0	IPR003740;IPR019264
NZ_CP171623.1_28186-38835:._8	NZ_CP171623.1_38	NZ_CP171623.1_28186-38835	7344	7688	-1	none	none	0	0	0.0	0.0	0.0	
NZ_CP068126.1_23009-33631:._1	NZ_CP068126.1_25	NZ_CP068126.1_23009-33631	2	586	-1	none	none	0	0	0.0	0.0	0.0	
NZ_CP068124.1_3577-13836:._8	NZ_CP068124.1_12	NZ_CP068124.1_3577-13836	5313	6419	1	none	none	0	0	0.0	0.0	0.0	IPR015020
NZ_CP068124.1_3577-13836:._13	NZ_CP068124.1_18	NZ_CP068124.1_3577-13836	8690	9505	1	none	none	0	0	0.0	0.0	0.0	
NZ_CP068125.1_11569-22173:._4	NZ_CP068125.1_18	NZ_CP068125.1_11569-22173	3445	4074	-1	none	none	0	0	0.0	0.0	0.0	IPR004927
NZ_CP068127.1_16083-26687:._2	NZ_CP068127.1_18	NZ_CP068127.1_16083-26687	1461	1649	-1	none	none	0	0	0.0	0.0	0.0	
NZ_CP063356.2_282204-292772:._11	NZ_CP063356.2_266	NZ_CP063356.2_282204-292772	5559	8513	1	NZ_CP063356.2_282204-292772:._5	RM	3201	0	0.2018	0.0	0.1211	IPR002513;IPR025296
NZ_CP049775.1_1-8484:._5	NZ_CP049775.1_4	NZ_CP049775.1_1-8484	4611	6560	1	NZ_CP049775.1_1-8484:._4	Retron	0	2	1.0	0.2	0.68	IPR002288;IPR003594;IPR006171;IPR013506;IPR034160
NZ_JBSJXW010000003.1_673-11256:._12	NZ_JBSJXW010000003.1_11	NZ_JBSJXW010000003.1_673-11256	5672	6397	1	NZ_JBSJXW010000003.1_673-11256:._7	RosmerTA	2105	1	0.3491	0.1	0.2494	
NZ_OZ260860.1_1226-11794:._12	NZ_OZ260860.1_13	NZ_OZ260860.1_1226-11794	6351	6854	1	NZ_OZ260860.1_1226-11794:._7	RosmerTA	3347	1	0.1876	0.1	0.1526	IPR002559
NZ_OZ260861.1_11126-21712:._12	NZ_OZ260861.1_24	NZ_OZ260861.1_11126-21712	8168	8896	-1	none	none	0	0	0.0	0.0	0.0	IPR033756
NZ_OZ260864.1_811-10977:._4	NZ_OZ260864.1_5	NZ_OZ260864.1_811-10977	648	983	-1	NZ_OZ260864.1_811-10977:._10	CoCoNut	4202	1	0.1223	0.1	0.1134	
NZ_OZ260864.1_811-10977:._10	NZ_OZ260864.1_9	NZ_OZ260864.1_811-10977	5185	6186	1	NZ_OZ260864.1_811-10977:._10	CoCoNut	0	4	1.0	0.4	0.76	
NZ_CP109941.1_1301715-1312331:._9	NZ_CP109941.1_1239	NZ_CP109941.1_1301715-1312331	4749	5000	-1	none	none	0	0	0.0	0.0	0.0	IPR011686
NZ_CP071297.1_1-7907:._6	NZ_CP071297.1_5	NZ_CP071297.1_1-7907	2982	3263	1	none	none	0	0	0.0	0.0	0.0	
NZ_CP014935.1_10950-21038:._7	NZ_CP014935.1_19	NZ_CP014935.1_10950-21038	5131	5439	1	none	none	0	0	0.0	0.0	0.0	IPR025161
NZ_CP175277.1_1712-12355:._6	NZ_CP175277.1_7	NZ_CP175277.1_1712-12355	5666	5872	1	none	none	0	0	0.0	0.0	0.0	
NZ_CP095722.1_62701-73317:._8	NZ_CP095722.1_80	NZ_CP095722.1_62701-73317	4819	4968	-1	none	none	0	0	0.0	0.0	0.0	
NZ_CP192231.1_104110-114453:._6	NZ_CP192231.1_128	NZ_CP192231.1_104110-114453	4730	4990	-1	NZ_CP192231.1_104110-114453:._4	RosmerTA	1530	4	0.4653	0.4	0.4392	IPR006120
NZ_CP013754.1_37767-48383:._4	NZ_CP013754.1_43	NZ_CP013754.1_37767-48383	1559	3118	1	none	none	0	0	0.0	0.0	0.0	IPR041073
NZ_CP013754.1_37767-48383:._9	NZ_CP013754.1_48	NZ_CP013754.1_37767-48383	7195	7656	1	none	none	0	0	0.0	0.0	0.0	
NZ_CP013754.1_37767-48383:._14	NZ_CP013754.1_53	NZ_CP013754.1_37767-48383	9930	10616	1	none	none	0	0	0.0	0.0	0.0	IPR003959;IPR041546
NZ_CP013755.1_1-7902:._3	NZ_CP013755.1_4	NZ_CP013755.1_1-7902	1524	1760	-1	none	none	0	0	0.0	0.0	0.0	
NZ_CP013756.1_12107-22681:._3	NZ_CP013756.1_20	NZ_CP013756.1_12107-22681	1346	2146	1	NZ_CP013756.1_12107-22681:._1	Anti_CRISPR	425	1	0.8086	0.1	0.5251	
NZ_CP013756.1_45554-56185:._5	NZ_CP013756.1_53	NZ_CP013756.1_45554-56185	5719	6621	1	none	none	0	0	0.0	0.0	0.0	IPR003740;IPR019264
NZ_CP013352.1_2861102-2871673:._4	NZ_CP013352.1_2633	NZ_CP013352.1_2861102-2871673	4321	4962	-1	none	none	0	0	0.0	0.0	0.0	
NZ_AP031371.1_1973960-1984252:._6	NZ_AP031371.1_1882	NZ_AP031371.1_1973960-1984252	3596	4993	-1	none	none	0	0	0.0	0.0	0.0	IPR041223;IPR041229
NZ_AP031371.1_1973960-1984252:._7	NZ_AP031371.1_1883	NZ_AP031371.1_1973960-1984252	5000	5293	-1	none	none	0	0	0.0	0.0	0.0	IPR006120
NZ_CP119690.1_1960814-1971430:._5	NZ_CP119690.1_1875	NZ_CP119690.1_1960814-1971430	4716	5000	-1	none	none	0	0	0.0	0.0	0.0	
NZ_CP168866.1_50611-61164:._6	NZ_CP168866.1_60	NZ_CP168866.1_50611-61164	5558	8473	1	none	none	0	0	0.0	0.0	0.0	IPR002513;IPR025296
NZ_CP091222.1_49283-59704:._8	NZ_CP091222.1_65	NZ_CP091222.1_49283-59704	5422	7566	1	none	none	0	0	0.0	0.0	0.0	IPR006171;IPR013497;IPR013498;IPR034144
NZ_CP091222.1_72177-82697:._9	NZ_CP091222.1_94	NZ_CP091222.1_72177-82697	5569	6255	1	none	none	0	0	0.0	0.0	0.0	IPR032874
NZ_CP021773.1_949773-960356:._6	NZ_CP021773.1_944	NZ_CP021773.1_949773-960356	5535	5696	1	NZ_CP021773.1_949773-960356:._4	RM	642	2	0.7254	0.2	0.5153	
NZ_CP021773.1_1454263-1464864:._7	NZ_CP021773.1_1429	NZ_CP021773.1_1454263-1464864	4292	4984	-1	none	none	0	0	0.0	0.0	0.0	IPR006171;IPR013497;IPR034144
NZ_CP066468.1_818-11431:._9	NZ_CP066468.1_8	NZ_CP066468.1_818-11431	6087	8150	1	none	none	0	0	0.0	0.0	0.0	
NZ_CP055122.1_356-10939:._4	NZ_CP055122.1_3	NZ_CP055122.1_356-10939	2494	3396	1	none	none	0	0	0.0	0.0	0.0	IPR003740;IPR019264
NZ_CP055121.1_1-7762:._2	NZ_CP055121.1_3	NZ_CP055121.1_1-7762	1786	2037	-1	NZ_CP055121.1_1-7762:._1	Anti_CRISPR	599	4	0.7412	0.4	0.6047	
NZ_CP086090.1_6972-17570:._3	NZ_CP086090.1_10	NZ_CP086090.1_6972-17570	2588	3223	1	none	none	0	0	0.0	0.0	0.0	IPR001584
NZ_CP021457.1_19150-29730:._8	NZ_CP021457.1_32	NZ_CP021457.1_19150-29730	5706	5984	-1	none	none	0	0	0.0	0.0	0.0	
NZ_CP021459.1_11251-21837:._9	NZ_CP021459.1_23	NZ_CP021459.1_11251-21837	9103	9990	1	NZ_CP021459.1_11251-21837:._4	RosmerTA	2375	1	0.305	0.1	0.223	IPR017039
NZ_CP176475.1_43603-54252:._7	NZ_CP176475.1_58	NZ_CP176475.1_43603-54252	4710	4994	-1	none	none	0	0	0.0	0.0	0.0	IPR001357
NZ_CP077321.1_54401-65008:._10	NZ_CP077321.1_67	NZ_CP077321.1_54401-65008	5687	6181	1	none	none	0	0	0.0	0.0	0.0	
NZ_CP139159.1_1180827-1191428:._8	NZ_CP139159.1_1129	NZ_CP139159.1_1180827-1191428	4292	4984	-1	none	none	0	0	0.0	0.0	0.0	IPR006171;IPR013497;IPR034144
NZ_CP123092.1_14949-25370:._5	NZ_CP123092.1_23	NZ_CP123092.1_14949-25370	4288	4962	-1	none	none	0	0	0.0	0.0	0.0	IPR032874
NZ_LR135476.1_115637-125980:._7	NZ_LR135476.1_132	NZ_LR135476.1_115637-125980	4730	4990	-1	NZ_LR135476.1_115637-125980:._5	RosmerTA	1530	2	0.4653	0.2	0.3592	IPR006120
NZ_CP089291.1_4105379-4116004:._4	NZ_CP089291.1_3964	NZ_CP089291.1_4105379-4116004	3155	4900	-1	none	none	0	0	0.0	0.0	0.0	IPR013148;IPR013189
NZ_CP174089.1_434888-445537:._5	NZ_CP174089.1_433	NZ_CP174089.1_434888-445537	5656	5940	1	none	none	0	0	0.0	0.0	0.0	IPR001357
NZ_CP019989.1_2925-13547:._6	NZ_CP019989.1_11	NZ_CP019989.1_2925-13547	3950	4216	-1	none	none	0	0	0.0	0.0	0.0	IPR007712
NZ_CP093527.1_2644762-2655363:._8	NZ_CP093527.1_2443	NZ_CP093527.1_2644762-2655363	4292	4984	-1	NZ_CP093527.1_2644762-2655363:._14	Lamassu-Fam	3308	7	0.1913	0.7	0.3948	IPR006171;IPR013497;IPR034144
NZ_CP071301.1_1126983-1137584:._8	NZ_CP071301.1_1136	NZ_CP071301.1_1126983-1137584	4292	4984	-1	none	none	0	0	0.0	0.0	0.0	IPR006171;IPR013497;IPR034144
NZ_CP071304.1_5104-14513:._8	NZ_CP071304.1_14	NZ_CP071304.1_5104-14513	5066	5356	1	none	none	0	0	0.0	0.0	0.0	
NZ_OZ061592.1_8338-18924:._6	NZ_OZ061592.1_19	NZ_OZ061592.1_8338-18924	3344	5029	1	none	none	0	0	0.0	0.0	0.0	IPR003395
NZ_CP019945.1_121563-132191:._7	NZ_CP019945.1_125	NZ_CP019945.1_121563-132191	5651	6151	1	none	none	0	0	0.0	0.0	0.0	
NZ_CP019945.1_143342-153973:._8	NZ_CP019945.1_151	NZ_CP019945.1_143342-153973	5693	6007	1	none	none	0	0	0.0	0.0	0.0	IPR001845;IPR011991
NZ_CP148589.1_54985-65718:._11	NZ_CP148589.1_70	NZ_CP148589.1_54985-65718	4872	4979	-1	NZ_CP148589.1_54985-65718:._13	6A_MBL	1297	2	0.5228	0.2	0.3937	
NZ_CP050028.1_1629206-1639759:._3	NZ_CP050028.1_1616	NZ_CP050028.1_1629206-1639759	2081	4996	-1	none	none	0	0	0.0	0.0	0.0	IPR002513;IPR025296
NZ_CP035987.1_5400751-5411355:._8	NZ_CP035987.1_5506	NZ_CP035987.1_5400751-5411355	5589	6602	1	NZ_CP035987.1_5400751-5411355:._6	Thoeris	1021	4	0.6002	0.4	0.5201	IPR004107
NZ_CP093425.1_14857-25482:._8	NZ_CP093425.1_24	NZ_CP093425.1_14857-25482	5623	8676	1	none	none	0	0	0.0	0.0	0.0	IPR002513;IPR025296
NZ_CM128742.1_49065-59672:._12	NZ_CM128742.1_55	NZ_CM128742.1_49065-59672	9315	9464	1	none	none	0	0	0.0	0.0	0.0	
NZ_DBJORZ010000002.1_4167-14720:._2	NZ_DBJORZ010000002.1_7	NZ_DBJORZ010000002.1_4167-14720	2081	4996	-1	none	none	0	0	0.0	0.0	0.0	IPR002513;IPR025296
NZ_CP159301.1_49883-60439:._11	NZ_CP159301.1_54	NZ_CP159301.1_49883-60439	3896	4393	1	none	none	0	0	0.0	0.0	0.0	IPR002559
NZ_CP102266.1_141764-152371:._9	NZ_CP102266.1_129	NZ_CP102266.1_141764-152371	5623	5763	1	NZ_CP102266.1_141764-152371:._10	RM	101	1	0.9508	0.1	0.6105	
NZ_CP059679.1_16513-26775:._8	NZ_CP059679.1_23	NZ_CP059679.1_16513-26775	4790	5281	1	NZ_CP059679.1_16513-26775:._7	RM	0	1	1.0	0.1	0.64	IPR001980;IPR004821
NZ_CP059679.1_16513-26775:._14	NZ_CP059679.1_29	NZ_CP059679.1_16513-26775	9568	10263	1	NZ_CP059679.1_16513-26775:._7	RM	4771	0	0.092	0.0	0.0552	IPR002547;IPR033714
NZ_CP059679.1_2230477-2241075:._5	NZ_CP059679.1_2216	NZ_CP059679.1_2230477-2241075	4584	4931	-1	none	none	0	0	0.0	0.0	0.0	IPR010712
NZ_CP059679.1_2240295-2250485:._10	NZ_CP059679.1_2230	NZ_CP059679.1_2240295-2250485	5275	5535	1	none	none	0	0	0.0	0.0	0.0	IPR006119
NZ_CP018211.1_17368-27999:._6	NZ_CP018211.1_29	NZ_CP018211.1_17368-27999	5719	6621	1	none	none	0	0	0.0	0.0	0.0	IPR003740;IPR019264
NZ_CP018211.1_17368-27999:._10	NZ_CP018211.1_33	NZ_CP018211.1_17368-27999	8417	8740	1	none	none	0	0	0.0	0.0	0.0	IPR025161
NZ_CP177122.1_1643028-1653581:._3	NZ_CP177122.1_1606	NZ_CP177122.1_1643028-1653581	2081	4996	-1	none	none	0	0	0.0	0.0	0.0	IPR002513;IPR025296
NZ_CM147178.1_556075-566658:._7	NZ_CM147178.1_549	NZ_CM147178.1_556075-566658	5562	6224	1	NZ_CM147178.1_556075-566658:._7	RM	0	3	1.0	0.3	0.72	
NZ_CP043523.1_13492-24072:._10	NZ_CP043523.1_21	NZ_CP043523.1_13492-24072	8885	9202	1	NZ_CP043523.1_13492-24072:._7	Retron	2176	1	0.3369	0.1	0.2421	IPR005144
NZ_CP043523.1_1862526-1873109:._5	NZ_CP043523.1_1868	NZ_CP043523.1_1862526-1873109	5607	5741	1	none	none	0	0	0.0	0.0	0.0	
NZ_CP045750.1_27090-37697:._4	NZ_CP045750.1_40	NZ_CP045750.1_27090-37697	4783	5010	-1	NZ_CP045750.1_27090-37697:._3	RosmerTA	361	2	0.8349	0.2	0.5809	
NZ_CP045750.1_40527-51080:._9	NZ_CP045750.1_59	NZ_CP045750.1_40527-51080	5558	8473	1	NZ_CP045750.1_40527-51080:._5	MazEF	3525	0	0.1716	0.0	0.103	IPR002513;IPR025296
NZ_CP185928.1_28029-38678:._8	NZ_CP185928.1_43	NZ_CP185928.1_28029-38678	4710	4994	-1	none	none	0	0	0.0	0.0	0.0	IPR001357
NZ_CP177038.1_16622-27226:._7	NZ_CP177038.1_23	NZ_CP177038.1_16622-27226	5616	6419	1	none	none	0	0	0.0	0.0	0.0	IPR004107
NZ_CP027510.1_18550-29097:._14	NZ_CP027510.1_34	NZ_CP027510.1_18550-29097	6957	7565	1	none	none	0	0	0.0	0.0	0.0	
NZ_CP167254.1_14918-25567:._9	NZ_CP167254.1_27	NZ_CP167254.1_14918-25567	4710	4994	-1	none	none	0	0	0.0	0.0	0.0	IPR001357
NZ_CP092570.1_5604-15719:._8	NZ_CP092570.1_14	NZ_CP092570.1_5604-15719	6046	6348	1	none	none	0	0	0.0	0.0	0.0	
NZ_CP017569.1_59206-69759:._6	NZ_CP017569.1_68	NZ_CP017569.1_59206-69759	3612	4592	1	none	none	0	0	0.0	0.0	0.0	IPR002915
NZ_CP176863.1_16630-27234:._7	NZ_CP176863.1_23	NZ_CP176863.1_16630-27234	5616	6419	1	none	none	0	0	0.0	0.0	0.0	IPR004107
NZ_CP138638.1_1451-12067:._8	NZ_CP138638.1_8	NZ_CP138638.1_1451-12067	5617	7761	1	none	none	0	0	0.0	0.0	0.0	IPR006171;IPR013497;IPR013498;IPR034144
NZ_HG813248.1_52793-63346:._5	NZ_HG813248.1_62	NZ_HG813248.1_52793-63346	5558	8473	1	none	none	0	0	0.0	0.0	0.0	IPR002513;IPR025296
NZ_CP045973.1_28958-39511:._3	NZ_CP045973.1_35	NZ_CP045973.1_28958-39511	2081	4996	-1	NZ_CP045973.1_28958-39511:._7	MazEF	3525	0	0.1716	0.0	0.103	IPR002513;IPR025296
NZ_CP045973.1_42342-52949:._8	NZ_CP045973.1_54	NZ_CP045973.1_42342-52949	5598	5825	1	NZ_CP045973.1_42342-52949:._9	RosmerTA	361	2	0.8349	0.2	0.5809	
NZ_CP017706.1_1139500-1150086:._5	NZ_CP017706.1_1201	NZ_CP017706.1_1139500-1150086	3604	4953	-1	NZ_CP017706.1_1139500-1150086:._3	Anti_CRISPR	783	1	0.676	0.1	0.4456	IPR031965;IPR040607;IPR042051;IPR049067
NZ_DBJORL010000002.1_9647-20254:._7	NZ_DBJORL010000002.1_14	NZ_DBJORL010000002.1_9647-20254	5598	5825	1	NZ_DBJORL010000002.1_9647-20254:._8	RosmerTA	361	9	0.8349	0.9	0.8609	
NZ_CP083474.1_18240-28862:._9	NZ_CP083474.1_30	NZ_CP083474.1_18240-28862	6497	7225	-1	none	none	0	0	0.0	0.0	0.0	IPR001789;IPR018060
NZ_CP083474.1_157825-168438:._4	NZ_CP083474.1_183	NZ_CP083474.1_157825-168438	2299	2535	-1	NZ_CP083474.1_157825-168438:._3	AbiH	133	1	0.9357	0.1	0.6014	
NZ_OZ061612.1_1-9461:._3	NZ_OZ061612.1_4	NZ_OZ061612.1_1-9461	692	1621	-1	none	none	0	0	0.0	0.0	0.0	IPR001584;IPR025246
NZ_OZ061613.1_1-5642:._2	NZ_OZ061613.1_1	NZ_OZ061613.1_1-5642	692	1555	1	none	none	0	0	0.0	0.0	0.0	IPR003439
NZ_OZ061613.1_1-5642:._5	NZ_OZ061613.1_4	NZ_OZ061613.1_1-5642	2637	3194	1	none	none	0	0	0.0	0.0	0.0	IPR011438
NZ_CP032644.1_33348-43979:._7	NZ_CP032644.1_45	NZ_CP032644.1_33348-43979	4011	4913	-1	none	none	0	0	0.0	0.0	0.0	IPR003740;IPR019264
NZ_CP166088.1_1640426-1651012:._8	NZ_CP166088.1_1632	NZ_CP166088.1_1640426-1651012	4202	4918	-1	none	none	0	0	0.0	0.0	0.0	
NZ_CP009576.1_1041396-1052027:._4	NZ_CP009576.1_998	NZ_CP009576.1_1041396-1052027	5693	5854	1	none	none	0	0	0.0	0.0	0.0	
NZ_CP009576.1_2899689-2910242:._2	NZ_CP009576.1_2813	NZ_CP009576.1_2899689-2910242	2081	4996	-1	none	none	0	0	0.0	0.0	0.0	IPR002513;IPR025296
NZ_CP009576.1_2899689-2910242:._7	NZ_CP009576.1_2816	NZ_CP009576.1_2899689-2910242	9873	10085	1	none	none	0	0	0.0	0.0	0.0	
NZ_CP176675.1_1347-11900:._3	NZ_CP176675.1_4	NZ_CP176675.1_1347-11900	2081	4996	-1	NZ_CP176675.1_1347-11900:._7	MazEF	3525	0	0.1716	0.0	0.103	IPR002513;IPR025296
NZ_CP176675.1_14731-25338:._8	NZ_CP176675.1_23	NZ_CP176675.1_14731-25338	5598	5825	1	NZ_CP176675.1_14731-25338:._9	RosmerTA	361	2	0.8349	0.2	0.5809	
NC_021722.1_14255-24904:._6	NC_021722.1_20	NC_021722.1_14255-24904	4710	4994	-1	none	none	0	0	0.0	0.0	0.0	IPR001357
NZ_CP092552.1_2658023-2668138:._8	NZ_CP092552.1_2504	NZ_CP092552.1_2658023-2668138	4266	4946	-1	none	none	0	0	0.0	0.0	0.0	IPR032874
NZ_CP054438.1_640874-651166:._7	NZ_CP054438.1_639	NZ_CP054438.1_640874-651166	4661	4996	-1	none	none	0	0	0.0	0.0	0.0	IPR006120
NZ_CP048003.1_329407-340056:._10	NZ_CP048003.1_337	NZ_CP048003.1_329407-340056	5656	5940	1	none	none	0	0	0.0	0.0	0.0	IPR001357
NZ_CP048003.1_345805-356265:._6	NZ_CP048003.1_353	NZ_CP048003.1_345805-356265	5560	6327	1	NZ_CP048003.1_345805-356265:._2	Gabija	2392	1	0.3024	0.1	0.2214	
NZ_AP045221.1_11313-21884:._6	NZ_AP045221.1_26	NZ_AP045221.1_11313-21884	4139	4906	-1	none	none	0	0	0.0	0.0	0.0	IPR025669
NZ_CP103857.1_1-7485:._6	NZ_CP103857.1_5	NZ_CP103857.1_1-7485	6175	7485	1	none	none	0	0	0.0	0.0	0.0	IPR002205
NZ_CP075598.1_31877-42478:._1	NZ_CP075598.1_42	NZ_CP075598.1_31877-42478	122	1246	-1	none	none	0	0	0.0	0.0	0.0	IPR013610
NZ_CP067366.1_9313-19899:._11	NZ_CP067366.1_21	NZ_CP067366.1_9313-19899	5668	5910	1	none	none	0	0	0.0	0.0	0.0	
NZ_CP067366.1_19145-29794:._5	NZ_CP067366.1_34	NZ_CP067366.1_19145-29794	4710	4994	-1	none	none	0	0	0.0	0.0	0.0	IPR001357
NZ_CP011399.1_5174-15727:._3	NZ_CP011399.1_12	NZ_CP011399.1_5174-15727	2081	4996	-1	NZ_CP011399.1_5174-15727:._7	MazEF	3525	0	0.1716	0.0	0.103	IPR002513;IPR025296
NZ_CP011399.1_18558-29165:._8	NZ_CP011399.1_31	NZ_CP011399.1_18558-29165	5598	5825	1	NZ_CP011399.1_18558-29165:._9	RosmerTA	361	2	0.8349	0.2	0.5809	
NZ_CP073916.1_2708097-2718746:._9	NZ_CP073916.1_2645	NZ_CP073916.1_2708097-2718746	4710	4994	-1	none	none	0	0	0.0	0.0	0.0	IPR001357
NZ_CP065778.1_41761-52371:._9	NZ_CP065778.1_49	NZ_CP065778.1_41761-52371	5637	6782	1	NZ_CP065778.1_41761-52371:._9	AbiC	0	1	1.0	0.1	0.64	IPR031709
NZ_CP065778.1_92614-103035:._6	NZ_CP065778.1_111	NZ_CP065778.1_92614-103035	4638	5000	-1	none	none	0	0	0.0	0.0	0.0	IPR006171;IPR034144
NZ_CP027518.1_43228-53841:._15	NZ_CP027518.1_50	NZ_CP027518.1_43228-53841	6360	6563	1	NZ_CP027518.1_43228-53841:._12	MazEF	1384	2	0.5006	0.2	0.3803	
NZ_CP027518.1_114762-125105:._8	NZ_CP027518.1_133	NZ_CP027518.1_114762-125105	4730	4990	-1	NZ_CP027518.1_114762-125105:._6	RosmerTA	1530	2	0.4653	0.2	0.3592	IPR006120
NZ_CP068249.1_1-7787:._4	NZ_CP068249.1_3	NZ_CP068249.1_1-7787	3488	4615	1	NZ_CP068249.1_1-7787:._4	Retron	0	2	1.0	0.2	0.68	IPR003395
NZ_CP068249.1_2607887-2618509:._9	NZ_CP068249.1_2594	NZ_CP068249.1_2607887-2618509	5713	6399	1	none	none	0	0	0.0	0.0	0.0	IPR032874
NZ_CP012731.1_2013733-2024349:._5	NZ_CP012731.1_1978	NZ_CP012731.1_2013733-2024349	2856	5000	-1	none	none	0	0	0.0	0.0	0.0	IPR006171;IPR013497;IPR013498;IPR034144
NZ_CP116814.1_18846-29462:._11	NZ_CP116814.1_34	NZ_CP116814.1_18846-29462	9694	9843	1	none	none	0	0	0.0	0.0	0.0	
NZ_AP045018.1_764553-775151:._10	NZ_AP045018.1_712	NZ_AP045018.1_764553-775151	5691	6146	1	none	none	0	0	0.0	0.0	0.0	IPR005025
NC_017537.1_830987-841183:._6	NC_017537.1_850	NC_017537.1_830987-841183	4640	4966	-1	none	none	0	0	0.0	0.0	0.0	IPR006119
NZ_CP160638.1_11213-21805:._10	NZ_CP160638.1_21	NZ_CP160638.1_11213-21805	5633	6496	1	NZ_CP160638.1_11213-21805:._12	Anti_CRISPR	835	1	0.6587	0.1	0.4352	IPR025669
NZ_CP160638.1_44089-54681:._10	NZ_CP160638.1_61	NZ_CP160638.1_44089-54681	5633	6496	1	NZ_CP160638.1_44089-54681:._12	Anti_CRISPR	835	1	0.6587	0.1	0.4352	IPR025669
NZ_CP075943.1_27599-38158:._11	NZ_CP075943.1_47	NZ_CP075943.1_27599-38158	5610	6356	1	none	none	0	0	0.0	0.0	0.0	IPR018925
NZ_CP113829.1_51254-61858:._6	NZ_CP113829.1_61	NZ_CP113829.1_51254-61858	5652	5837	1	none	none	0	0	0.0	0.0	0.0	
NZ_CP062363.1_28073-38647:._5	NZ_CP062363.1_37	NZ_CP062363.1_28073-38647	4758	5000	-1	none	none	0	0	0.0	0.0	0.0	IPR001387
NZ_CP196604.1_5313-15920:._5	NZ_CP196604.1_12	NZ_CP196604.1_5313-15920	4783	5010	-1	NZ_CP196604.1_5313-15920:._4	RosmerTA	361	2	0.8349	0.2	0.5809	
NZ_CP196604.1_5313-15920:._13	NZ_CP196604.1_18	NZ_CP196604.1_5313-15920	10353	10607	1	NZ_CP196604.1_5313-15920:._4	RosmerTA	5931	0	0.0515	0.0	0.0309	IPR025296
NZ_JBRFVA010000002.1_938-11563:._4	NZ_JBRFVA010000002.1_6	NZ_JBRFVA010000002.1_938-11563	3894	5003	-1	none	none	0	0	0.0	0.0	0.0	IPR025296
NZ_CP118842.1_1638-12242:._4	NZ_CP118842.1_4	NZ_CP118842.1_1638-12242	2953	4884	1	NZ_CP118842.1_1638-12242:._3	Retron	11	2	0.9945	0.2	0.6767	IPR002288;IPR003594;IPR006171;IPR013506;IPR034160
NZ_CP031177.1_1-9378:._2	NZ_CP031177.1_1	NZ_CP031177.1_1-9378	734	1735	1	none	none	0	0	0.0	0.0	0.0	IPR003778
NZ_CP031177.1_1-9378:._5	NZ_CP031177.1_4	NZ_CP031177.1_1-9378	3504	4292	1	none	none	0	0	0.0	0.0	0.0	IPR009906
NZ_CP013041.1_65544-76280:._7	NZ_CP013041.1_74	NZ_CP013041.1_65544-76280	5795	7006	1	none	none	0	0	0.0	0.0	0.0	
NZ_AP014866.1_217615-228168:._4	NZ_AP014866.1_207	NZ_AP014866.1_217615-228168	2009	4957	-1	none	none	0	0	0.0	0.0	0.0	IPR002513;IPR025296
NZ_AP031406.1_1617068-1627735:._3	NZ_AP031406.1_1569	NZ_AP031406.1_1617068-1627735	4770	4994	-1	none	none	0	0	0.0	0.0	0.0	
NZ_CP114450.1_100031-110659:._8	NZ_CP114450.1_105	NZ_CP114450.1_100031-110659	5622	5786	1	NZ_CP114450.1_100031-110659:._11	MazEF	895	3	0.6392	0.3	0.5035	
NZ_CP170496.1_37021-47571:._8	NZ_CP170496.1_47	NZ_CP170496.1_37021-47571	4382	4987	-1	NZ_CP170496.1_37021-47571:._11	AbiE	1798	1	0.407	0.1	0.2842	IPR025296
NZ_CP119576.1_1877722-1888305:._8	NZ_CP119576.1_1851	NZ_CP119576.1_1877722-1888305	4888	5049	-1	NZ_CP119576.1_1877722-1888305:._10	RM	642	2	0.7254	0.2	0.5153	
NZ_CP143286.1_30397-41028:._7	NZ_CP143286.1_34	NZ_CP143286.1_30397-41028	4011	4913	-1	NZ_CP143286.1_30397-41028:._1	Anti_CRISPR	3136	1	0.2085	0.1	0.1651	IPR003740;IPR019264
NZ_CP143287.1_13915-24582:._3	NZ_CP143287.1_13	NZ_CP143287.1_13915-24582	1646	2089	-1	none	none	0	0	0.0	0.0	0.0	
NZ_CP143288.1_3902-14455:._9	NZ_CP143288.1_13	NZ_CP143288.1_3902-14455	6241	6417	-1	none	none	0	0	0.0	0.0	0.0	
NZ_CP143288.1_3902-14455:._12	NZ_CP143288.1_16	NZ_CP143288.1_3902-14455	7915	8154	-1	none	none	0	0	0.0	0.0	0.0	
NZ_CP042257.1_30990-41606:._3	NZ_CP042257.1_36	NZ_CP042257.1_30990-41606	394	1044	-1	none	none	0	0	0.0	0.0	0.0	IPR001853
NZ_CP042258.1_15040-25626:._7	NZ_CP042258.1_20	NZ_CP042258.1_15040-25626	6387	7289	1	none	none	0	0	0.0	0.0	0.0	IPR003740;IPR019264
NZ_CP042259.1_20030-30280:._2	NZ_CP042259.1_20	NZ_CP042259.1_20030-30280	278	613	-1	none	none	0	0	0.0	0.0	0.0	IPR031607
NZ_CP042259.1_20030-30280:._3	NZ_CP042259.1_21	NZ_CP042259.1_20030-30280	615	1229	-1	none	none	0	0	0.0	0.0	0.0	
NZ_AP027295.1_35209-45630:._8	NZ_AP027295.1_44	NZ_AP027295.1_35209-45630	5422	5784	1	none	none	0	0	0.0	0.0	0.0	IPR006171;IPR034144
NZ_AP027295.1_71208-81830:._8	NZ_AP027295.1_85	NZ_AP027295.1_71208-81830	5713	6399	1	none	none	0	0	0.0	0.0	0.0	IPR032874
NZ_CP141724.1_59774-70438:._9	NZ_CP141724.1_60	NZ_CP141724.1_59774-70438	5665	6351	1	NZ_CP141724.1_59774-70438:._6	AbiH	983	1	0.6117	0.1	0.407	IPR006171;IPR013497;IPR034144
NZ_LS483354.1_1192663-1203318:._2	NZ_LS483354.1_1084	NZ_LS483354.1_1192663-1203318	3978	4931	-1	none	none	0	0	0.0	0.0	0.0	IPR025246
NZ_CP148614.1_42987-53720:._11	NZ_CP148614.1_59	NZ_CP148614.1_42987-53720	4872	4979	-1	NZ_CP148614.1_42987-53720:._13	6A_MBL	1297	2	0.5228	0.2	0.3937	
NZ_CP148616.1_34544-45103:._5	NZ_CP148616.1_59	NZ_CP148616.1_34544-45103	2036	4873	1	none	none	0	0	0.0	0.0	0.0	IPR013491
NZ_CP086565.1_10716-21359:._11	NZ_CP086565.1_21	NZ_CP086565.1_10716-21359	5666	5872	1	none	none	0	0	0.0	0.0	0.0	
NZ_AP019752.1_44702-55138:._5	NZ_AP019752.1_57	NZ_AP019752.1_44702-55138	4870	5007	-1	none	none	0	0	0.0	0.0	0.0	IPR001387
NC_002774.1_15261-25682:._5	NC_002774.1_25	NC_002774.1_15261-25682	4288	4962	-1	none	none	0	0	0.0	0.0	0.0	IPR032874
NZ_CP169292.1_35586-46217:._6	NZ_CP169292.1_36	NZ_CP169292.1_35586-46217	5719	6621	1	none	none	0	0	0.0	0.0	0.0	IPR003740;IPR019264
NZ_LR135228.1_9715-20367:._5	NZ_LR135228.1_15	NZ_LR135228.1_9715-20367	4251	4493	1	none	none	0	0	0.0	0.0	0.0	IPR035395
NZ_LR135230.1_12112-22734:._3	NZ_LR135230.1_20	NZ_LR135230.1_12112-22734	1885	2565	-1	none	none	0	0	0.0	0.0	0.0	IPR032874
NZ_CP142725.1_2640907-2651523:._8	NZ_CP142725.1_2582	NZ_CP142725.1_2640907-2651523	4842	4967	-1	none	none	0	0	0.0	0.0	0.0	
NZ_CP019168.1_24553-35160:._5	NZ_CP019168.1_35	NZ_CP019168.1_24553-35160	4783	5010	-1	NZ_CP019168.1_24553-35160:._4	RosmerTA	361	2	0.8349	0.2	0.5809	
NZ_CP019168.1_24553-35160:._13	NZ_CP019168.1_41	NZ_CP019168.1_24553-35160	10353	10607	1	NZ_CP019168.1_24553-35160:._4	RosmerTA	5931	0	0.0515	0.0	0.0309	IPR025296
NZ_CP009575.1_2843343-2853944:._6	NZ_CP009575.1_2717	NZ_CP009575.1_2843343-2853944	5609	5821	1	none	none	0	0	0.0	0.0	0.0	
NZ_CP009575.1_2858452-2869005:._7	NZ_CP009575.1_2735	NZ_CP009575.1_2858452-2869005	5558	8473	1	none	none	0	0	0.0	0.0	0.0	IPR002513;IPR025296
NZ_CP085006.1_5336-14757:._4	NZ_CP085006.1_15	NZ_CP085006.1_5336-14757	3119	4357	-1	none	none	0	0	0.0	0.0	0.0	IPR035412;IPR035413
NZ_CP084703.1_536545-547137:._7	NZ_CP084703.1_525	NZ_CP084703.1_536545-547137	5607	7619	1	NZ_CP084703.1_536545-547137:._7	PrrC	0	6	1.0	0.6	0.84	IPR003356;IPR022749
NZ_CP185955.1_5263-15816:._9	NZ_CP185955.1_12	NZ_CP185955.1_5263-15816	6360	6866	1	none	none	0	0	0.0	0.0	0.0	
NZ_CP185955.1_35208-45839:._6	NZ_CP185955.1_42	NZ_CP185955.1_35208-45839	5719	6621	1	none	none	0	0	0.0	0.0	0.0	IPR003740;IPR019264
NZ_AP025331.1_1262500-1273116:._5	NZ_AP025331.1_1207	NZ_AP025331.1_1262500-1273116	2856	5000	-1	none	none	0	0	0.0	0.0	0.0	IPR006171;IPR013497;IPR013498;IPR034144
NZ_AP041086.1_6183-16838:._8	NZ_AP041086.1_11	NZ_AP041086.1_6183-16838	5696	6202	1	NZ_AP041086.1_6183-16838:._10	Menshen	343	1	0.8424	0.1	0.5454	IPR025657
NZ_CP020489.1_15189-25853:._10	NZ_CP020489.1_25	NZ_CP020489.1_15189-25853	8493	8642	1	none	none	0	0	0.0	0.0	0.0	
NZ_CP025415.1_1-7900:._9	NZ_CP025415.1_10	NZ_CP025415.1_1-7900	4189	4581	-1	none	none	0	0	0.0	0.0	0.0	IPR010354
NZ_CP025416.1_27371-37957:._11	NZ_CP025416.1_47	NZ_CP025416.1_27371-37957	7718	7954	-1	none	none	0	0	0.0	0.0	0.0	
NZ_CP168651.1_1-6798:._3	NZ_CP168651.1_4	NZ_CP168651.1_1-6798	858	1142	-1	none	none	0	0	0.0	0.0	0.0	IPR001357
NZ_AP031467.1_2127364-2137962:._5	NZ_AP031467.1_2096	NZ_AP031467.1_2127364-2137962	4584	4931	-1	none	none	0	0	0.0	0.0	0.0	IPR010712
NZ_CP192313.1_1-5960:._3	NZ_CP192313.1_2	NZ_CP192313.1_1-5960	2355	2675	1	NZ_CP192313.1_1-5960:._4	MazEF	59	2	0.9709	0.2	0.6626	
NZ_CP128423.1_2255-12835:._7	NZ_CP128423.1_10	NZ_CP128423.1_2255-12835	4741	5058	-1	none	none	0	0	0.0	0.0	0.0	
NZ_LT906460.1_41417-52750:._8	NZ_LT906460.1_42	NZ_LT906460.1_41417-52750	3339	4964	-1	none	none	0	0	0.0	0.0	0.0	IPR006119;IPR011109;IPR025827
NZ_CP141589.1_2541406-2552055:._5	NZ_CP141589.1_2415	NZ_CP141589.1_2541406-2552055	5656	5943	1	none	none	0	0	0.0	0.0	0.0	IPR001357
NZ_CP029674.1_15383-25804:._5	NZ_CP029674.1_23	NZ_CP029674.1_15383-25804	4288	4962	-1	none	none	0	0	0.0	0.0	0.0	IPR032874
NZ_CP053070.1_2703131-2713732:._8	NZ_CP053070.1_2535	NZ_CP053070.1_2703131-2713732	4292	4984	-1	none	none	0	0	0.0	0.0	0.0	IPR006171;IPR013497;IPR034144
NZ_CP036127.1_63270-73937:._2	NZ_CP036127.1_76	NZ_CP036127.1_63270-73937	1257	1568	-1	none	none	0	0	0.0	0.0	0.0	IPR025296
NZ_CP036127.1_154096-164538:._3	NZ_CP036127.1_170	NZ_CP036127.1_154096-164538	5000	5443	-1	none	none	0	0	0.0	0.0	0.0	IPR006119
NZ_CP172960.1_937563-948149:._6	NZ_CP172960.1_863	NZ_CP172960.1_937563-948149	5604	5732	1	none	none	0	0	0.0	0.0	0.0	
NZ_LR135236.1_12533-23146:._18	NZ_LR135236.1_25	NZ_LR135236.1_12533-23146	8155	8391	1	NZ_LR135236.1_12533-23146:._19	AbiH	133	3	0.9357	0.3	0.6814	
NZ_LR135236.1_27551-38203:._7	NZ_LR135236.1_40	NZ_LR135236.1_27551-38203	4467	6173	1	none	none	0	0	0.0	0.0	0.0	IPR003352;IPR003501;IPR041713
NZ_LR135237.1_12210-22808:._9	NZ_LR135237.1_21	NZ_LR135237.1_12210-22808	5617	6678	1	none	none	0	0	0.0	0.0	0.0	
NZ_LR135237.1_12210-22808:._11	NZ_LR135237.1_25	NZ_LR135237.1_12210-22808	7328	7513	-1	none	none	0	0	0.0	0.0	0.0	IPR012933
NZ_LR135239.1_15050-25663:._7	NZ_LR135239.1_25	NZ_LR135239.1_15050-25663	5780	6643	-1	none	none	0	0	0.0	0.0	0.0	IPR010488
NZ_CP188074.1_622806-633401:._11	NZ_CP188074.1_614	NZ_CP188074.1_622806-633401	6431	7162	-1	none	none	0	0	0.0	0.0	0.0	IPR013216
NZ_CP119688.1_2001566-2012182:._5	NZ_CP119688.1_1951	NZ_CP119688.1_2001566-2012182	4716	5000	-1	none	none	0	0	0.0	0.0	0.0	
NZ_CP114525.1_1-8885:._6	NZ_CP114525.1_5	NZ_CP114525.1_1-8885	3885	6029	1	none	none	0	0	0.0	0.0	0.0	IPR006171;IPR013497;IPR013498;IPR034144
NZ_LR135358.1_122481-132824:._6	NZ_LR135358.1_146	NZ_LR135358.1_122481-132824	4730	4990	-1	NZ_LR135358.1_122481-132824:._4	RosmerTA	1530	4	0.4653	0.4	0.4392	IPR006120
NZ_CP047123.1_11969-22573:._9	NZ_CP047123.1_20	NZ_CP047123.1_11969-22573	6980	7786	1	none	none	0	0	0.0	0.0	0.0	IPR001584;IPR025948
NZ_CP118949.1_67730-78349:._9	NZ_CP118949.1_85	NZ_CP118949.1_67730-78349	5645	7930	1	NZ_CP118949.1_67730-78349:._9	RM	0	1	1.0	0.1	0.64	IPR011704;IPR021961
NZ_CP118949.1_75328-85902:._6	NZ_CP118949.1_90	NZ_CP118949.1_75328-85902	5556	5834	1	none	none	0	0	0.0	0.0	0.0	
NZ_CP066184.1_4199407-4209981:._6	NZ_CP066184.1_4278	NZ_CP066184.1_4199407-4209981	4593	5003	-1	none	none	0	0	0.0	0.0	0.0	IPR002711;IPR003615
NZ_CP066183.1_1-5086:._2	NZ_CP066183.1_1	NZ_CP066183.1_1-5086	658	1068	1	none	none	0	0	0.0	0.0	0.0	IPR002711;IPR003615
NZ_CP162018.1_31849-42480:._6	NZ_CP162018.1_39	NZ_CP162018.1_31849-42480	4011	4913	-1	none	none	0	0	0.0	0.0	0.0	IPR003740;IPR019264
NZ_CP124937.1_41338-51981:._9	NZ_CP124937.1_52	NZ_CP124937.1_41338-51981	5666	5872	1	NZ_CP124937.1_41338-51981:._13	AbiD	1504	1	0.4714	0.1	0.3229	
NZ_CP117408.1_35200-45756:._1	NZ_CP117408.1_39	NZ_CP117408.1_35200-45756	26	331	-1	NZ_CP117408.1_35200-45756:._7	Lamassu-Fam	7167	0	0.0278	0.0	0.0167	
NZ_OZ061357.1_5191-15774:._8	NZ_OZ061357.1_16	NZ_OZ061357.1_5191-15774	7003	7620	1	none	none	0	0	0.0	0.0	0.0	
NZ_OZ061358.1_21913-32544:._6	NZ_OZ061358.1_29	NZ_OZ061358.1_21913-32544	5719	6621	1	none	none	0	0	0.0	0.0	0.0	IPR003740;IPR019264
NZ_OZ061362.1_13968-24521:._3	NZ_OZ061362.1_22	NZ_OZ061362.1_13968-24521	1737	2603	-1	NZ_OZ061362.1_13968-24521:._7	CBASS	2299	3	0.3168	0.3	0.3101	IPR029479
NZ_OZ061362.1_13968-24521:._10	NZ_OZ061362.1_29	NZ_OZ061362.1_13968-24521	7916	10054	-1	NZ_OZ061362.1_13968-24521:._7	CBASS	1911	3	0.3846	0.3	0.3508	IPR006171;IPR013497;IPR025589;IPR034144
NZ_CP166738.1_1-9090:._5	NZ_CP166738.1_6	NZ_CP166738.1_1-9090	2469	3371	-1	none	none	0	0	0.0	0.0	0.0	IPR003740;IPR019264
NZ_CP166738.1_19895-30478:._7	NZ_CP166738.1_24	NZ_CP166738.1_19895-30478	5470	7638	-1	none	none	0	0	0.0	0.0	0.0	IPR000788;IPR013509;IPR013554
NZ_CP166738.1_48416-58999:._6	NZ_CP166738.1_52	NZ_CP166738.1_48416-58999	4087	4950	-1	NZ_CP166738.1_48416-58999:._8	Gabija	862	1	0.6499	0.1	0.4299	IPR003439
NZ_CP166740.1_12849-23417:._4	NZ_CP166740.1_15	NZ_CP166740.1_12849-23417	5099	5395	-1	none	none	0	0	0.0	0.0	0.0	
NZ_CP166741.1_1-7149:._3	NZ_CP166741.1_4	NZ_CP166741.1_1-7149	1568	1876	-1	none	none	0	0	0.0	0.0	0.0	IPR006119
NZ_CP166741.1_1-7149:._5	NZ_CP166741.1_6	NZ_CP166741.1_1-7149	2470	3036	-1	none	none	0	0	0.0	0.0	0.0	IPR001584
NZ_CP050500.1_309959-320542:._6	NZ_CP050500.1_291	NZ_CP050500.1_309959-320542	5672	6835	1	none	none	0	0	0.0	0.0	0.0	IPR026870;IPR026898
NZ_CP050500.1_2515824-2526473:._7	NZ_CP050500.1_2450	NZ_CP050500.1_2515824-2526473	5656	5940	1	none	none	0	0	0.0	0.0	0.0	IPR001357
NZ_CP130539.1_9775-20382:._9	NZ_CP130539.1_27	NZ_CP130539.1_9775-20382	4827	4985	-1	NZ_CP130539.1_9775-20382:._1	RosmerTA	4399	1	0.1109	0.1	0.1065	
NZ_CP046625.1_35657-46240:._7	NZ_CP046625.1_39	NZ_CP046625.1_35657-46240	4861	5049	-1	none	none	0	0	0.0	0.0	0.0	
NZ_CP075951.1_787-11505:._7	NZ_CP075951.1_8	NZ_CP075951.1_787-11505	5393	5701	1	none	none	0	0	0.0	0.0	0.0	
NZ_CP073804.1_1887908-1898473:._7	NZ_CP073804.1_1971	NZ_CP073804.1_1887908-1898473	4185	4985	-1	none	none	0	0	0.0	0.0	0.0	IPR043733
NZ_CP031063.1_59414-70057:._6	NZ_CP031063.1_72	NZ_CP031063.1_59414-70057	4726	4923	-1	none	none	0	0	0.0	0.0	0.0	
NZ_OZ260722.1_4560-14867:._9	NZ_OZ260722.1_15	NZ_OZ260722.1_4560-14867	5410	5787	-1	none	none	0	0	0.0	0.0	0.0	IPR001584
NZ_DBJOSB010000002.1_68481-79034:._3	NZ_DBJOSB010000002.1_75	NZ_DBJOSB010000002.1_68481-79034	2081	4996	-1	none	none	0	0	0.0	0.0	0.0	IPR002513;IPR025296
NZ_CP092473.1_2350535-2361187:._10	NZ_CP092473.1_2208	NZ_CP092473.1_2350535-2361187	4699	4926	-1	none	none	0	0	0.0	0.0	0.0	
NZ_CP101846.1_3306-13955:._7	NZ_CP101846.1_10	NZ_CP101846.1_3306-13955	5656	5940	1	none	none	0	0	0.0	0.0	0.0	IPR001357
NZ_CP077629.1_152906-163504:._8	NZ_CP077629.1_179	NZ_CP077629.1_152906-163504	5770	6015	-1	none	none	0	0	0.0	0.0	0.0	
NZ_CP030934.1_47598-58214:._6	NZ_CP030934.1_56	NZ_CP030934.1_47598-58214	5617	7770	1	none	none	0	0	0.0	0.0	0.0	IPR006171;IPR013497;IPR013498;IPR034144
NZ_CP187846.1_54274-64890:._7	NZ_CP187846.1_64	NZ_CP187846.1_54274-64890	5617	6858	1	none	none	0	0	0.0	0.0	0.0	IPR006171;IPR013497;IPR034144
NZ_CP134216.1_225753-236402:._7	NZ_CP134216.1_231	NZ_CP134216.1_225753-236402	4710	4994	-1	none	none	0	0	0.0	0.0	0.0	IPR001357
NZ_CP178364.1_33716-44302:._11	NZ_CP178364.1_43	NZ_CP178364.1_33716-44302	9929	10240	1	none	none	0	0	0.0	0.0	0.0	
NZ_CP178366.1_16186-26754:._4	NZ_CP178366.1_19	NZ_CP178366.1_16186-26754	1512	1883	-1	none	none	0	0	0.0	0.0	0.0	IPR025161
NC_018510.1_34687-45258:._4	NC_018510.1_45	NC_018510.1_34687-45258	3755	4939	-1	none	none	0	0	0.0	0.0	0.0	IPR025296
NC_018510.1_147931-158481:._7	NC_018510.1_151	NC_018510.1_147931-158481	5564	8545	1	NC_018510.1_147931-158481:._4	AbiE	1822	1	0.4021	0.1	0.2813	IPR002513;IPR025296
NZ_CP170356.1_132642-143063:._9	NZ_CP170356.1_154	NZ_CP170356.1_132642-143063	4644	5000	-1	none	none	0	0	0.0	0.0	0.0	IPR006171;IPR034144
NZ_CP097017.1_9859-20421:._5	NZ_CP097017.1_15	NZ_CP097017.1_9859-20421	2500	3021	1	none	none	0	0	0.0	0.0	0.0	IPR002146
NZ_JBWHZS010000002.1_8895-19502:._4	NZ_JBWHZS010000002.1_14	NZ_JBWHZS010000002.1_8895-19502	4783	5010	-1	NZ_JBWHZS010000002.1_8895-19502:._3	RosmerTA	361	2	0.8349	0.2	0.5809	
NZ_JBWHZS010000002.1_22333-32886:._9	NZ_JBWHZS010000002.1_33	NZ_JBWHZS010000002.1_22333-32886	5558	8473	1	NZ_JBWHZS010000002.1_22333-32886:._5	MazEF	3525	0	0.1716	0.0	0.103	IPR002513;IPR025296
NZ_LR135294.1_9052-19668:._8	NZ_LR135294.1_18	NZ_LR135294.1_9052-19668	9845	10177	1	none	none	0	0	0.0	0.0	0.0	
NZ_CP032682.1_2485060-2495397:._5	NZ_CP032682.1_2412	NZ_CP032682.1_2485060-2495397	4716	5000	-1	none	none	0	0	0.0	0.0	0.0	
NZ_CP032682.1_2485060-2495397:._6	NZ_CP032682.1_2413	NZ_CP032682.1_2485060-2495397	5000	5338	-1	none	none	0	0	0.0	0.0	0.0	
NZ_CP116584.1_22433-33097:._6	NZ_CP116584.1_32	NZ_CP116584.1_22433-33097	5665	7809	1	none	none	0	0	0.0	0.0	0.0	IPR006171;IPR013497;IPR013498;IPR034144
NZ_CP102531.1_44338-54987:._7	NZ_CP102531.1_58	NZ_CP102531.1_44338-54987	4710	4994	-1	none	none	0	0	0.0	0.0	0.0	IPR001357
NZ_CP155560.1_235374-245927:._4	NZ_CP155560.1_233	NZ_CP155560.1_235374-245927	3515	4975	-1	none	none	0	0	0.0	0.0	0.0	IPR025296
NZ_CP155561.1_212046-222596:._5	NZ_CP155561.1_225	NZ_CP155561.1_212046-222596	5564	5722	1	none	none	0	0	0.0	0.0	0.0	IPR025296
NZ_CP065932.1_11291-21904:._5	NZ_CP065932.1_19	NZ_CP065932.1_11291-21904	5231	5698	-1	NZ_CP065932.1_11291-21904:._4	AbiD	502	1	0.778	0.1	0.5068	
NZ_CP065931.1_35497-46110:._4	NZ_CP065931.1_45	NZ_CP065931.1_35497-46110	3162	3404	1	none	none	0	0	0.0	0.0	0.0	IPR035395
NZ_CP158456.1_8994-19289:._11	NZ_CP158456.1_22	NZ_CP158456.1_8994-19289	8265	8567	-1	none	none	0	0	0.0	0.0	0.0	IPR035528
NZ_CP158458.1_8705-19009:._9	NZ_CP158458.1_22	NZ_CP158458.1_8705-19009	5000	5305	-1	none	none	0	0	0.0	0.0	0.0	IPR006120
NZ_CP148594.1_30389-41122:._10	NZ_CP148594.1_42	NZ_CP148594.1_30389-41122	5755	5862	1	NZ_CP148594.1_30389-41122:._7	Thoeris	1340	7	0.5117	0.7	0.587	
NZ_CP020745.1_5287-15837:._6	NZ_CP020745.1_11	NZ_CP020745.1_5287-15837	4338	4439	-1	none	none	0	0	0.0	0.0	0.0	
NZ_CP020745.1_75177-85727:._2	NZ_CP020745.1_72	NZ_CP020745.1_75177-85727	2006	4987	-1	none	none	0	0	0.0	0.0	0.0	IPR002513;IPR025296
NZ_OZ260983.1_37705-48291:._6	NZ_OZ260983.1_55	NZ_OZ260983.1_37705-48291	4202	4918	-1	none	none	0	0	0.0	0.0	0.0	IPR006528
NZ_OZ260984.1_17860-28476:._8	NZ_OZ260984.1_25	NZ_OZ260984.1_17860-28476	5268	6659	1	none	none	0	0	0.0	0.0	0.0	IPR004841
NZ_OZ260985.1_1-7072:._2	NZ_OZ260985.1_3	NZ_OZ260985.1_1-7072	986	1645	-1	none	none	0	0	0.0	0.0	0.0	
NZ_OZ260987.1_10954-21540:._13	NZ_OZ260987.1_25	NZ_OZ260987.1_10954-21540	10115	10585	1	none	none	0	0	0.0	0.0	0.0	IPR013610
NZ_OZ260988.1_5547-16178:._4	NZ_OZ260988.1_11	NZ_OZ260988.1_5547-16178	1143	1796	-1	none	none	0	0	0.0	0.0	0.0	IPR002560
NZ_CP093948.1_17423-28045:._8	NZ_CP093948.1_29	NZ_CP093948.1_17423-28045	5792	6520	-1	none	none	0	0	0.0	0.0	0.0	IPR001789;IPR018060
NZ_CP093948.1_171597-182210:._4	NZ_CP093948.1_198	NZ_CP093948.1_171597-182210	2299	2535	-1	NZ_CP093948.1_171597-182210:._3	AbiH	133	1	0.9357	0.1	0.6014	
NZ_CP174271.1_614610-625193:._7	NZ_CP174271.1_599	NZ_CP174271.1_614610-625193	5671	6834	1	NZ_CP174271.1_614610-625193:._1	PrrC	4646	0	0.098	0.0	0.0588	IPR026870;IPR026898
NZ_CP174272.1_24031-34680:._7	NZ_CP174272.1_35	NZ_CP174272.1_24031-34680	5656	5940	1	none	none	0	0	0.0	0.0	0.0	IPR001357
NZ_CP102071.1_22471-33087:._7	NZ_CP102071.1_35	NZ_CP102071.1_22471-33087	4308	5000	-1	none	none	0	0	0.0	0.0	0.0	IPR006171;IPR013497;IPR034144
NZ_CP102072.1_10900-21516:._3	NZ_CP102072.1_19	NZ_CP102072.1_10900-21516	4638	5000	-1	none	none	0	0	0.0	0.0	0.0	IPR006171;IPR034144
NZ_CP085875.1_34152-44717:._11	NZ_CP085875.1_69	NZ_CP085875.1_34152-44717	5619	6185	1	none	none	0	0	0.0	0.0	0.0	IPR029054;IPR033704
NZ_CP076494.1_27991-38595:._7	NZ_CP076494.1_40	NZ_CP076494.1_27991-38595	4456	4569	-1	none	none	0	0	0.0	0.0	0.0	
NZ_CP076494.1_85519-96135:._6	NZ_CP076494.1_118	NZ_CP076494.1_85519-96135	4908	5000	-1	none	none	0	0	0.0	0.0	0.0	
NZ_CP076496.1_15755-26368:._13	NZ_CP076496.1_27	NZ_CP076496.1_15755-26368	8126	8278	1	none	none	0	0	0.0	0.0	0.0	
NZ_CP168858.1_21500-32053:._3	NZ_CP168858.1_27	NZ_CP168858.1_21500-32053	2081	4996	-1	NZ_CP168858.1_21500-32053:._7	MazEF	3525	0	0.1716	0.0	0.103	IPR002513;IPR025296
NZ_CP168858.1_34884-45491:._8	NZ_CP168858.1_46	NZ_CP168858.1_34884-45491	5598	5825	1	NZ_CP168858.1_34884-45491:._9	RosmerTA	361	2	0.8349	0.2	0.5809	
NZ_CP016071.1_3291259-3301890:._6	NZ_CP016071.1_3111	NZ_CP016071.1_3291259-3301890	5719	6621	1	none	none	0	0	0.0	0.0	0.0	IPR003740;IPR019264
NZ_CP151430.1_2049495-2060075:._7	NZ_CP151430.1_2019	NZ_CP151430.1_2049495-2060075	4062	4925	-1	NZ_CP151430.1_2049495-2060075:._9	Mokosh	1179	2	0.5546	0.2	0.4128	
NZ_CP053314.1_812356-822939:._6	NZ_CP053314.1_763	NZ_CP053314.1_812356-822939	5633	6496	1	none	none	0	0	0.0	0.0	0.0	IPR003439
NZ_CP137464.1_877-11493:._9	NZ_CP137464.1_9	NZ_CP137464.1_877-11493	6112	6792	1	none	none	0	0	0.0	0.0	0.0	IPR032874
NZ_CP137462.1_1270-11892:._5	NZ_CP137462.1_8	NZ_CP137462.1_1270-11892	2463	4607	-1	none	none	0	0	0.0	0.0	0.0	IPR006171;IPR013497;IPR013498;IPR034144
NZ_CP137462.1_1270-11892:._6	NZ_CP137462.1_9	NZ_CP137462.1_1270-11892	4607	5224	-1	none	none	0	0	0.0	0.0	0.0	IPR006119
NZ_CP040857.1_32364-42995:._6	NZ_CP040857.1_37	NZ_CP040857.1_32364-42995	5719	6621	1	none	none	0	0	0.0	0.0	0.0	IPR003740;IPR019264
NZ_CP059050.1_3694-13965:._10	NZ_CP059050.1_14	NZ_CP059050.1_3694-13965	6939	7919	1	none	none	0	0	0.0	0.0	0.0	IPR002915
NZ_CP059050.1_44265-54899:._6	NZ_CP059050.1_57	NZ_CP059050.1_44265-54899	5652	6515	1	NZ_CP059050.1_44265-54899:._13	Dodola	2949	1	0.2289	0.1	0.1773	IPR003675
NZ_CP059051.1_1396-11976:._5	NZ_CP059051.1_9	NZ_CP059051.1_1396-11976	3406	3762	-1	none	none	0	0	0.0	0.0	0.0	
NZ_CP090375.1_385395-396020:._7	NZ_CP090375.1_338	NZ_CP090375.1_385395-396020	5694	5942	1	none	none	0	0	0.0	0.0	0.0	
NZ_CP175396.1_80886-91490:._7	NZ_CP175396.1_92	NZ_CP175396.1_80886-91490	4546	4953	-1	NZ_CP175396.1_80886-91490:._2	Anti_CRISPR	2889	1	0.2359	0.1	0.1815	IPR017961
NZ_CP046263.1_13082-23635:._7	NZ_CP046263.1_23	NZ_CP046263.1_13082-23635	5294	6136	-1	none	none	0	0	0.0	0.0	0.0	IPR001584;IPR025948
NZ_CP046265.1_20623-31179:._5	NZ_CP046265.1_30	NZ_CP046265.1_20623-31179	4150	4590	-1	none	none	0	0	0.0	0.0	0.0	IPR025948
NZ_CP181224.1_29806-40512:._1	NZ_CP181224.1_35	NZ_CP181224.1_29806-40512	1	660	-1	none	none	0	0	0.0	0.0	0.0	IPR018060
NZ_CP181225.1_37614-48218:._11	NZ_CP181225.1_51	NZ_CP181225.1_37614-48218	10414	10605	1	none	none	0	0	0.0	0.0	0.0	IPR001126
NZ_CP048922.1_29085-39695:._3	NZ_CP048922.1_36	NZ_CP048922.1_29085-39695	2864	4900	-1	NZ_CP048922.1_29085-39695:._5	RosmerTA	824	3	0.6623	0.3	0.5174	IPR003855
NZ_CP048923.1_676-11244:._5	NZ_CP048923.1_5	NZ_CP048923.1_676-11244	2711	2950	1	none	none	0	0	0.0	0.0	0.0	
NZ_CP109939.1_1327539-1338815:._6	NZ_CP109939.1_1338	NZ_CP109939.1_1327539-1338815	4116	4913	-1	none	none	0	0	0.0	0.0	0.0	IPR025669
NZ_CP113422.1_26043-36596:._6	NZ_CP113422.1_36	NZ_CP113422.1_26043-36596	3594	3923	-1	none	none	0	0	0.0	0.0	0.0	
NZ_CP113424.1_7912-18465:._7	NZ_CP113424.1_12	NZ_CP113424.1_7912-18465	6654	7718	1	none	none	0	0	0.0	0.0	0.0	
NZ_CP041305.1_2854654-2864886:._7	NZ_CP041305.1_2747	NZ_CP041305.1_2854654-2864886	5230	5544	1	NZ_CP041305.1_2854654-2864886:._4	RosmerTA	986	1	0.6108	0.1	0.4065	
NZ_CP071182.1_22642-33195:._6	NZ_CP071182.1_33	NZ_CP071182.1_22642-33195	7177	8256	-1	none	none	0	0	0.0	0.0	0.0	IPR001173
NZ_CP012102.1_62139-72743:._7	NZ_CP012102.1_75	NZ_CP012102.1_62139-72743	4024	4989	-1	NZ_CP012102.1_62139-72743:._1	RosmerTA	3246	1	0.1973	0.1	0.1584	IPR002104;IPR004107
NZ_CP012103.1_52392-62942:._9	NZ_CP012103.1_65	NZ_CP012103.1_52392-62942	4794	4988	-1	NZ_CP012103.1_52392-62942:._2	RM	3623	1	0.1634	0.1	0.138	IPR025296
NZ_CP036025.1_296402-307267:._6	NZ_CP036025.1_249	NZ_CP036025.1_296402-307267	4059	4925	-1	none	none	0	0	0.0	0.0	0.0	
NZ_CP117703.1_105247-115896:._11	NZ_CP117703.1_104	NZ_CP117703.1_105247-115896	5647	5889	1	none	none	0	0	0.0	0.0	0.0	
NZ_JBUYGM010000002.1_46247-56728:._10	NZ_JBUYGM010000002.1_57	NZ_JBUYGM010000002.1_46247-56728	5427	5612	1	none	none	0	0	0.0	0.0	0.0	
NZ_CP149858.1_41609-52210:._8	NZ_CP149858.1_70	NZ_CP149858.1_41609-52210	4748	4933	-1	NZ_CP149858.1_41609-52210:._12	Anti_CRISPR	2964	1	0.2272	0.1	0.1763	
NZ_CP012272.1_23669-34252:._3	NZ_CP012272.1_33	NZ_CP012272.1_23669-34252	1440	1676	1	none	none	0	0	0.0	0.0	0.0	IPR004821
NZ_CP012273.1_19271-29854:._8	NZ_CP012273.1_28	NZ_CP012273.1_19271-29854	2923	3417	1	none	none	0	0	0.0	0.0	0.0	IPR001584
NZ_CP012273.1_19271-29854:._10	NZ_CP012273.1_32	NZ_CP012273.1_19271-29854	4832	4936	-1	none	none	0	0	0.0	0.0	0.0	
NZ_CP012273.1_19271-29854:._13	NZ_CP012273.1_33	NZ_CP012273.1_19271-29854	7250	7705	1	none	none	0	0	0.0	0.0	0.0	
NZ_CP012274.1_14363-24931:._8	NZ_CP012274.1_28	NZ_CP012274.1_14363-24931	6849	8783	-1	NZ_CP012274.1_14363-24931:._2	AbiP2	3854	0	0.1456	0.0	0.0874	
NZ_CP041944.1_1697187-1707836:._6	NZ_CP041944.1_1661	NZ_CP041944.1_1697187-1707836	4710	4994	-1	none	none	0	0	0.0	0.0	0.0	IPR001357
NZ_CP062373.1_10800-21353:._3	NZ_CP062373.1_13	NZ_CP062373.1_10800-21353	4740	4988	-1	none	none	0	0	0.0	0.0	0.0	IPR001387
NZ_CP168684.1_1-8349:._7	NZ_CP168684.1_6	NZ_CP168684.1_1-8349	3357	3623	1	none	none	0	0	0.0	0.0	0.0	
NZ_CP083138.1_62984-73534:._10	NZ_CP083138.1_76	NZ_CP083138.1_62984-73534	5564	6115	1	none	none	0	0	0.0	0.0	0.0	IPR025296
NZ_CP083138.1_93195-103745:._3	NZ_CP083138.1_109	NZ_CP083138.1_93195-103745	2340	3524	-1	none	none	0	0	0.0	0.0	0.0	IPR025296
NZ_CP083139.1_91780-102351:._8	NZ_CP083139.1_104	NZ_CP083139.1_91780-102351	6979	9960	1	NZ_CP083139.1_91780-102351:._5	AbiE	1822	1	0.4021	0.1	0.2813	IPR002513;IPR025296
NZ_CP032361.1_27479-38110:._6	NZ_CP032361.1_36	NZ_CP032361.1_27479-38110	5719	6621	1	none	none	0	0	0.0	0.0	0.0	IPR003740;IPR019264
NZ_CP119529.1_19292-29908:._6	NZ_CP119529.1_32	NZ_CP119529.1_19292-29908	4908	5000	-1	none	none	0	0	0.0	0.0	0.0	
NZ_CP097353.1_5522-14895:._7	NZ_CP097353.1_16	NZ_CP097353.1_5522-14895	4997	8050	1	none	none	0	0	0.0	0.0	0.0	IPR002513;IPR025296
NZ_CM143647.1_798284-808735:._5	NZ_CM143647.1_766	NZ_CM143647.1_798284-808735	5525	6031	1	none	none	0	0	0.0	0.0	0.0	
NZ_CP062125.1_30316-40869:._3	NZ_CP062125.1_34	NZ_CP062125.1_30316-40869	2081	4996	-1	NZ_CP062125.1_30316-40869:._7	MazEF	3525	0	0.1716	0.0	0.103	IPR002513;IPR025296
NZ_CP062125.1_43700-54307:._8	NZ_CP062125.1_53	NZ_CP062125.1_43700-54307	5598	5825	1	NZ_CP062125.1_43700-54307:._9	RosmerTA	361	1	0.8349	0.1	0.5409	
NZ_CP090983.1_405701-417115:._5	NZ_CP090983.1_376	NZ_CP090983.1_405701-417115	3340	5010	-1	none	none	0	0	0.0	0.0	0.0	IPR006119;IPR011109;IPR025827
NZ_CP118091.1_12850-23433:._7	NZ_CP118091.1_19	NZ_CP118091.1_12850-23433	4660	4992	-1	none	none	0	0	0.0	0.0	0.0	
NZ_CP148717.1_29775-40508:._5	NZ_CP148717.1_39	NZ_CP148717.1_29775-40508	5755	5862	1	NZ_CP148717.1_29775-40508:._3	6A_MBL	1297	2	0.5228	0.2	0.3937	
NZ_CP148718.1_11330-21889:._7	NZ_CP148718.1_18	NZ_CP148718.1_11330-21889	6387	8606	-1	NZ_CP148718.1_11330-21889:._7	Gao_Iet	0	1	1.0	0.1	0.64	IPR000209;IPR034074
NZ_CP148719.1_11595-22166:._2	NZ_CP148719.1_16	NZ_CP148719.1_11595-22166	2848	3045	-1	none	none	0	0	0.0	0.0	0.0	IPR024405
NZ_JBUPWU010000002.1_97489-107913:._7	NZ_JBUPWU010000002.1_122	NZ_JBUPWU010000002.1_97489-107913	5000	5425	-1	none	none	0	0	0.0	0.0	0.0	IPR006119
NZ_AP043883.1_1346186-1356748:._6	NZ_AP043883.1_1231	NZ_AP043883.1_1346186-1356748	5611	7059	1	none	none	0	0	0.0	0.0	0.0	IPR001584;IPR015378
NZ_CP098434.1_8339-18784:._4	NZ_CP098434.1_17	NZ_CP098434.1_8339-18784	4088	4951	-1	none	none	0	0	0.0	0.0	0.0	IPR003439
NZ_CP098434.1_8339-18784:._5	NZ_CP098434.1_18	NZ_CP098434.1_8339-18784	5000	5446	-1	none	none	0	0	0.0	0.0	0.0	IPR006119;IPR006120
NZ_CP098436.1_8801-18922:._5	NZ_CP098436.1_15	NZ_CP098436.1_8801-18922	2840	3508	1	none	none	0	0	0.0	0.0	0.0	IPR001789;IPR001867
NZ_CP098436.1_8801-18922:._7	NZ_CP098436.1_17	NZ_CP098436.1_8801-18922	5012	5830	1	none	none	0	0	0.0	0.0	0.0	IPR001640
NZ_CP098436.1_8801-18922:._8	NZ_CP098436.1_18	NZ_CP098436.1_8801-18922	5854	6093	1	none	none	0	0	0.0	0.0	0.0	
NZ_CP144272.1_22974-33596:._8	NZ_CP144272.1_41	NZ_CP144272.1_22974-33596	4545	4904	-1	NZ_CP144272.1_22974-33596:._14	CBASS	4554	0	0.1026	0.0	0.0616	IPR032874
NZ_CP118978.1_1-10541:._6	NZ_CP118978.1_5	NZ_CP118978.1_1-10541	3827	4045	1	NZ_CP118978.1_1-10541:._3	Anti_CRISPR	659	1	0.7193	0.1	0.4716	
NZ_CP118978.1_1-10541:._9	NZ_CP118978.1_10	NZ_CP118978.1_1-10541	5297	6286	-1	NZ_CP118978.1_1-10541:._3	Anti_CRISPR	2129	1	0.3449	0.1	0.2469	IPR005094
NZ_CP026955.1_1-8400:._5	NZ_CP026955.1_6	NZ_CP026955.1_1-8400	2619	2777	-1	none	none	0	0	0.0	0.0	0.0	
NZ_CP183796.1_1381113-1391405:._10	NZ_CP183796.1_1350	NZ_CP183796.1_1381113-1391405	5297	5632	1	none	none	0	0	0.0	0.0	0.0	IPR006120
NZ_CP012291.1_1-9731:._4	NZ_CP012291.1_5	NZ_CP012291.1_1-9731	4132	4500	-1	none	none	0	0	0.0	0.0	0.0	IPR035528
NZ_CP012292.1_25777-35865:._7	NZ_CP012292.1_35	NZ_CP012292.1_25777-35865	5131	5439	1	none	none	0	0	0.0	0.0	0.0	IPR025161
NZ_CP144906.1_386097-396695:._10	NZ_CP144906.1_358	NZ_CP144906.1_386097-396695	5614	5970	1	NZ_CP144906.1_386097-396695:._5	Zorya	2942	1	0.2297	0.1	0.1778	
NZ_OX346404.1_66550-77166:._9	NZ_OX346404.1_77	NZ_OX346404.1_66550-77166	5626	6081	1	NZ_OX346404.1_66550-77166:._5	RM	2119	1	0.3466	0.1	0.248	
NZ_CP066717.1_2032544-2043160:._5	NZ_CP066717.1_2014	NZ_CP066717.1_2032544-2043160	4716	5000	-1	none	none	0	0	0.0	0.0	0.0	
NZ_CP076005.1_1-5796:._2	NZ_CP076005.1_1	NZ_CP076005.1_1-5796	1470	2159	1	NZ_CP076005.1_1-5796:._4	RM	1445	1	0.4855	0.1	0.3313	
NZ_CP158670.1_2504148-2514734:._6	NZ_CP158670.1_2345	NZ_CP158670.1_2504148-2514734	5660	6376	1	NZ_CP158670.1_2504148-2514734:._4	PrrC	858	2	0.6512	0.2	0.4707	IPR006528
NZ_CP158671.1_86-10669:._10	NZ_CP158671.1_9	NZ_CP158671.1_86-10669	6465	6773	1	NZ_CP158671.1_86-10669:._12	PrrC	432	4	0.8057	0.4	0.6434	
NZ_CP158671.1_26422-37005:._5	NZ_CP158671.1_39	NZ_CP158671.1_26422-37005	3425	4987	-1	none	none	0	0	0.0	0.0	0.0	IPR035396;IPR049164
NZ_CP158673.1_1-8486:._3	NZ_CP158673.1_4	NZ_CP158673.1_1-8486	1990	2274	-1	NZ_CP158673.1_1-8486:._3	RosmerTA	0	2	1.0	0.2	0.68	IPR001387
NZ_CP075927.1_2731334-2741893:._7	NZ_CP075927.1_2430	NZ_CP075927.1_2731334-2741893	4225	4950	-1	none	none	0	0	0.0	0.0	0.0	IPR018925
NZ_CP192260.1_770381-780946:._3	NZ_CP192260.1_738	NZ_CP192260.1_770381-780946	4676	4948	-1	NZ_CP192260.1_770381-780946:._1	RM	970	1	0.6157	0.1	0.4094	
NZ_CP046306.1_1-5810:._1	NZ_CP046306.1_2	NZ_CP046306.1_1-5810	2	781	-1	NZ_CP046306.1_1-5810:._1	Lamassu-Fam	0	7	1.0	0.7	0.88	IPR038729
NZ_CP157941.1_1383185-1393768:._6	NZ_CP157941.1_1376	NZ_CP157941.1_1383185-1393768	4087	4908	-1	none	none	0	0	0.0	0.0	0.0	IPR025669
NZ_CP078098.1_26038-36687:._7	NZ_CP078098.1_40	NZ_CP078098.1_26038-36687	4710	4994	-1	none	none	0	0	0.0	0.0	0.0	IPR001357
NZ_LR698954.1_434989-445638:._5	NZ_LR698954.1_434	NZ_LR698954.1_434989-445638	5656	5940	1	none	none	0	0	0.0	0.0	0.0	IPR001357
NZ_CP185368.1_1876345-1886739:._10	NZ_CP185368.1_1776	NZ_CP185368.1_1876345-1886739	5392	5604	1	NZ_CP185368.1_1876345-1886739:._7	Anti_CRISPR	1318	2	0.5174	0.2	0.3904	
NZ_CP031319.1_24521-35113:._8	NZ_CP031319.1_36	NZ_CP031319.1_24521-35113	4097	4960	-1	NZ_CP031319.1_24521-35113:._6	Anti_CRISPR	835	1	0.6587	0.1	0.4352	IPR025669
NZ_CP173033.1_12586-23319:._6	NZ_CP173033.1_19	NZ_CP173033.1_12586-23319	5755	5862	1	none	none	0	0	0.0	0.0	0.0	
NZ_CP016089.1_3327275-3337873:._5	NZ_CP016089.1_2997	NZ_CP016089.1_3327275-3337873	3085	4911	-1	NZ_CP016089.1_3327275-3337873:._13	RM	4586	0	0.101	0.0	0.0606	
NZ_CP031066.1_59414-70057:._6	NZ_CP031066.1_72	NZ_CP031066.1_59414-70057	4726	4923	-1	none	none	0	0	0.0	0.0	0.0	
NZ_CP073012.1_1455402-1466033:._5	NZ_CP073012.1_1341	NZ_CP073012.1_1455402-1466033	4625	4939	-1	none	none	0	0	0.0	0.0	0.0	IPR001845;IPR011991
NZ_CP073012.1_1483189-1493817:._5	NZ_CP073012.1_1372	NZ_CP073012.1_1483189-1493817	4478	4978	-1	none	none	0	0	0.0	0.0	0.0	
NZ_CP035572.1_15395-25990:._2	NZ_CP035572.1_20	NZ_CP035572.1_15395-25990	1242	1361	-1	none	none	0	0	0.0	0.0	0.0	
NZ_CP035574.1_57422-67939:._6	NZ_CP035574.1_65	NZ_CP035574.1_57422-67939	3848	5986	-1	none	none	0	0	0.0	0.0	0.0	IPR006171;IPR013497;IPR025589;IPR034144
NZ_CP035575.1_17151-27719:._4	NZ_CP035575.1_20	NZ_CP035575.1_17151-27719	4192	4629	1	NZ_CP035575.1_17151-27719:._11	Anti_CRISPR	5265	0	0.0719	0.0	0.0431	IPR000835
NZ_CP071294.1_5128-14510:._8	NZ_CP071294.1_11	NZ_CP071294.1_5128-14510	5000	5284	1	none	none	0	0	0.0	0.0	0.0	
NZ_CP196603.1_8593-19200:._4	NZ_CP196603.1_14	NZ_CP196603.1_8593-19200	4783	5010	-1	NZ_CP196603.1_8593-19200:._3	RosmerTA	361	2	0.8349	0.2	0.5809	
NZ_CP196603.1_22031-32584:._9	NZ_CP196603.1_33	NZ_CP196603.1_22031-32584	5558	8473	1	NZ_CP196603.1_22031-32584:._5	MazEF	3525	0	0.1716	0.0	0.103	IPR002513;IPR025296
NZ_CP129531.1_434762-445411:._5	NZ_CP129531.1_433	NZ_CP129531.1_434762-445411	5656	5940	1	none	none	0	0	0.0	0.0	0.0	IPR001357
NZ_CP063987.1_13069-23700:._5	NZ_CP063987.1_21	NZ_CP063987.1_13069-23700	4011	4913	-1	none	none	0	0	0.0	0.0	0.0	IPR003740;IPR019264
NZ_CP021675.1_26708-37303:._1	NZ_CP021675.1_30	NZ_CP021675.1_26708-37303	3	1256	-1	NZ_CP021675.1_26708-37303:._12	RosmerTA	6718	0	0.0348	0.0	0.0209	IPR000788;IPR013509;IPR013554
NZ_CP014914.1_26023-36606:._8	NZ_CP014914.1_32	NZ_CP014914.1_26023-36606	5633	6496	1	NZ_CP014914.1_26023-36606:._6	Pycsar	743	5	0.6897	0.5	0.6138	IPR003439
NZ_CP151972.1_6841912-6852519:._15	NZ_CP151972.1_6090	NZ_CP151972.1_6841912-6852519	5682	6365	1	NZ_CP151972.1_6841912-6852519:._15	RM	0	2	1.0	0.2	0.68	IPR002941
NZ_JBRYRE010000002.1_1-5907:._2	NZ_JBRYRE010000002.1_1	NZ_JBRYRE010000002.1_1-5907	911	3826	1	none	none	0	0	0.0	0.0	0.0	IPR002513;IPR025296
NZ_CP065994.1_1283210-1293793:._8	NZ_CP065994.1_1307	NZ_CP065994.1_1283210-1293793	5535	5708	1	none	none	0	0	0.0	0.0	0.0	
NZ_CP070264.2_11440-22035:._9	NZ_CP070264.2_25	NZ_CP070264.2_11440-22035	3880	4560	-1	NZ_CP070264.2_11440-22035:._1	Retron	3582	1	0.1668	0.1	0.1401	IPR032874
NZ_CP070266.2_30709-41289:._12	NZ_CP070266.2_50	NZ_CP070266.2_30709-41289	9374	10579	1	none	none	0	0	0.0	0.0	0.0	IPR011706;IPR011707
NZ_CP030102.1_17907-28505:._8	NZ_CP030102.1_29	NZ_CP030102.1_17907-28505	4903	5046	-1	NZ_CP030102.1_17907-28505:._14	PD-T7-2	4275	1	0.1179	0.1	0.1108	
NZ_CP139200.1_1486632-1497365:._9	NZ_CP139200.1_1307	NZ_CP139200.1_1486632-1497365	4872	4979	-1	none	none	0	0	0.0	0.0	0.0	
NZ_CP139201.1_18544-29277:._6	NZ_CP139201.1_22	NZ_CP139201.1_18544-29277	5755	5862	1	none	none	0	0	0.0	0.0	0.0	
NZ_CM142698.1_10660-21243:._8	NZ_CM142698.1_16	NZ_CM142698.1_10660-21243	8314	9189	1	none	none	0	0	0.0	0.0	0.0	IPR001387;IPR003115;IPR041468
NZ_CP019166.1_24553-35160:._5	NZ_CP019166.1_35	NZ_CP019166.1_24553-35160	4783	5010	-1	NZ_CP019166.1_24553-35160:._4	RosmerTA	361	2	0.8349	0.2	0.5809	
NZ_CP019166.1_24553-35160:._13	NZ_CP019166.1_41	NZ_CP019166.1_24553-35160	10353	10607	1	NZ_CP019166.1_24553-35160:._4	RosmerTA	5931	0	0.0515	0.0	0.0309	IPR025296
NZ_CM143646.1_376602-387203:._8	NZ_CM143646.1_399	NZ_CM143646.1_376602-387203	4700	4972	-1	none	none	0	0	0.0	0.0	0.0	
NZ_CP094329.1_2931471-2942120:._5	NZ_CP094329.1_2849	NZ_CP094329.1_2931471-2942120	4752	4994	-1	none	none	0	0	0.0	0.0	0.0	IPR001357
NZ_CP023774.1_7389-18020:._5	NZ_CP023774.1_13	NZ_CP023774.1_7389-18020	4011	4913	-1	none	none	0	0	0.0	0.0	0.0	IPR003740;IPR019264
NZ_CP094504.1_1-10356:._4	NZ_CP094504.1_5	NZ_CP094504.1_1-10356	3860	4723	-1	NZ_CP094504.1_1-10356:._10	Nhi	4248	0	0.1196	0.0	0.0717	IPR003439
NZ_CP094506.1_3067-13272:._7	NZ_CP094506.1_8	NZ_CP094506.1_3067-13272	6498	7361	1	NZ_CP094506.1_3067-13272:._9	Anti_CRISPR	835	1	0.6587	0.1	0.4352	IPR025669
NZ_CP162653.1_2065402-2076018:._5	NZ_CP162653.1_1992	NZ_CP162653.1_2065402-2076018	4716	5000	-1	none	none	0	0	0.0	0.0	0.0	
NZ_CP127868.1_529008-539591:._7	NZ_CP127868.1_509	NZ_CP127868.1_529008-539591	5633	5722	1	none	none	0	0	0.0	0.0	0.0	
NZ_CP046123.1_2689-13293:._9	NZ_CP046123.1_10	NZ_CP046123.1_2689-13293	9101	9553	1	NZ_CP046123.1_2689-13293:._2	Retron	7600	0	0.0224	0.0	0.0134	IPR020069;IPR020070
NZ_CP046123.1_1043320-1053873:._8	NZ_CP046123.1_998	NZ_CP046123.1_1043320-1053873	5558	8473	1	none	none	0	0	0.0	0.0	0.0	IPR002513;IPR025296
NZ_CP046123.1_1043320-1053873:._10	NZ_CP046123.1_1000	NZ_CP046123.1_1043320-1053873	8993	9355	1	none	none	0	0	0.0	0.0	0.0	IPR006171;IPR034144
NZ_CP046125.1_58261-68877:._3	NZ_CP046125.1_75	NZ_CP046125.1_58261-68877	4638	5000	-1	none	none	0	0	0.0	0.0	0.0	IPR006171;IPR034144
NZ_CP196045.1_2704-13272:._5	NZ_CP196045.1_6	NZ_CP196045.1_2704-13272	3681	4583	1	none	none	0	0	0.0	0.0	0.0	IPR003740;IPR019264
NZ_CP196045.1_2704-13272:._7	NZ_CP196045.1_8	NZ_CP196045.1_2704-13272	5984	6805	1	none	none	0	0	0.0	0.0	0.0	
NZ_CP196045.1_18011-28564:._2	NZ_CP196045.1_18	NZ_CP196045.1_18011-28564	711	1574	1	none	none	0	0	0.0	0.0	0.0	IPR003439
NZ_CP196048.1_1-5585:._2	NZ_CP196048.1_1	NZ_CP196048.1_1-5585	902	1570	1	none	none	0	0	0.0	0.0	0.0	IPR008441
NZ_CP196049.1_13088-23671:._10	NZ_CP196049.1_22	NZ_CP196049.1_13088-23671	8110	8295	1	none	none	0	0	0.0	0.0	0.0	
NZ_CP196051.1_2617-13203:._3	NZ_CP196051.1_6	NZ_CP196051.1_2617-13203	1960	3687	-1	NZ_CP196051.1_2617-13203:._3	Gabija	0	3	1.0	0.3	0.72	IPR014016;IPR014017
NZ_CP196051.1_2617-13203:._7	NZ_CP196051.1_8	NZ_CP196051.1_2617-13203	9048	10430	1	NZ_CP196051.1_2617-13203:._7	RM	0	2	1.0	0.2	0.68	IPR001387;IPR001525
NZ_CP020095.1_1-6732:._2	NZ_CP020095.1_3	NZ_CP020095.1_1-6732	794	1048	-1	none	none	0	0	0.0	0.0	0.0	
NZ_CP020098.1_7735-18288:._9	NZ_CP020098.1_19	NZ_CP020098.1_7735-18288	4879	5304	-1	none	none	0	0	0.0	0.0	0.0	IPR010488
NZ_CP133786.1_2854936-2865585:._9	NZ_CP133786.1_2777	NZ_CP133786.1_2854936-2865585	4710	4994	-1	none	none	0	0	0.0	0.0	0.0	IPR001357
NZ_CP064524.1_7848-18464:._7	NZ_CP064524.1_14	NZ_CP064524.1_7848-18464	5635	6048	1	none	none	0	0	0.0	0.0	0.0	
NZ_CP155077.1_1801893-1812254:._10	NZ_CP155077.1_1946	NZ_CP155077.1_1801893-1812254	6773	7489	-1	none	none	0	0	0.0	0.0	0.0	IPR006528
NZ_CP155077.1_1801893-1812254:._11	NZ_CP155077.1_1947	NZ_CP155077.1_1801893-1812254	7571	8020	-1	none	none	0	0	0.0	0.0	0.0	IPR006119
NZ_CP023496.1_41877-52487:._13	NZ_CP023496.1_76	NZ_CP023496.1_41877-52487	8827	8934	-1	none	none	0	0	0.0	0.0	0.0	IPR006120
NZ_LT993737.1_1912686-1923308:._5	NZ_LT993737.1_1841	NZ_LT993737.1_1912686-1923308	4825	5055	-1	none	none	0	0	0.0	0.0	0.0	
NZ_CP015339.1_13495-24078:._4	NZ_CP015339.1_22	NZ_CP015339.1_13495-24078	2522	3421	1	none	none	0	0	0.0	0.0	0.0	IPR001173
NZ_CP015340.1_12757-23310:._7	NZ_CP015340.1_25	NZ_CP015340.1_12757-23310	7439	8686	-1	none	none	0	0	0.0	0.0	0.0	IPR013525
NZ_CP170230.1_16982-27544:._3	NZ_CP170230.1_27	NZ_CP170230.1_16982-27544	4762	5010	-1	none	none	0	0	0.0	0.0	0.0	IPR001387
NZ_CP025691.1_38776-49329:._2	NZ_CP025691.1_47	NZ_CP025691.1_38776-49329	686	1180	-1	NZ_CP025691.1_38776-49329:._7	PrrC	4651	0	0.0977	0.0	0.0586	IPR004720
NZ_CP025692.1_28645-39198:._6	NZ_CP025692.1_41	NZ_CP025692.1_28645-39198	5821	6771	-1	none	none	0	0	0.0	0.0	0.0	IPR000358;IPR033909
NZ_CP019514.1_32506-43122:._8	NZ_CP019514.1_47	NZ_CP019514.1_32506-43122	5617	5709	1	none	none	0	0	0.0	0.0	0.0	
NZ_JBRFUS010000004.1_5426-16051:._8	NZ_JBRFUS010000004.1_16	NZ_JBRFUS010000004.1_5426-16051	5623	8676	1	none	none	0	0	0.0	0.0	0.0	IPR002513;IPR025296
NZ_LR135409.1_40323-50924:._10	NZ_LR135409.1_50	NZ_LR135409.1_40323-50924	4405	4605	1	NZ_LR135409.1_40323-50924:._12	MazEF	520	3	0.7711	0.3	0.5826	
NZ_LR135410.1_41079-51692:._6	NZ_LR135410.1_50	NZ_LR135410.1_41079-51692	3536	4228	-1	none	none	0	0	0.0	0.0	0.0	IPR006171;IPR013497;IPR034144
NZ_CP099451.1_276728-287353:._3	NZ_CP099451.1_258	NZ_CP099451.1_276728-287353	1950	5003	-1	none	none	0	0	0.0	0.0	0.0	IPR002513;IPR025296
NZ_AP027101.1_41769-52502:._6	NZ_AP027101.1_54	NZ_AP027101.1_41769-52502	5755	5862	1	none	none	0	0	0.0	0.0	0.0	
NZ_CP181238.1_1545417-1556033:._3	NZ_CP181238.1_1524	NZ_CP181238.1_1545417-1556033	4638	5000	-1	none	none	0	0	0.0	0.0	0.0	IPR006171;IPR034144
NZ_CP191197.1_690178-700779:._10	NZ_CP191197.1_662	NZ_CP191197.1_690178-700779	5618	6310	1	none	none	0	0	0.0	0.0	0.0	IPR006171;IPR013497;IPR034144
NZ_CP120476.1_22176-32297:._1	NZ_CP120476.1_25	NZ_CP120476.1_22176-32297	1	738	-1	none	none	0	0	0.0	0.0	0.0	IPR011611;IPR017583
NZ_CP120476.1_22176-32297:._6	NZ_CP120476.1_30	NZ_CP120476.1_22176-32297	4540	4980	-1	none	none	0	0	0.0	0.0	0.0	IPR006119
NZ_CP022292.1_17224-27714:._6	NZ_CP022292.1_23	NZ_CP022292.1_17224-27714	5497	5631	1	none	none	0	0	0.0	0.0	0.0	IPR006120
NZ_CP034168.1_54508-65022:._5	NZ_CP034168.1_65	NZ_CP034168.1_54508-65022	3632	4987	-1	NZ_CP034168.1_54508-65022:._1	Anti_CRISPR	2725	1	0.256	0.1	0.1936	IPR045691
NZ_CP034168.1_79896-90512:._8	NZ_CP034168.1_95	NZ_CP034168.1_79896-90512	5617	7071	1	none	none	0	0	0.0	0.0	0.0	IPR006171;IPR013497;IPR034144
NZ_CP032655.1_57634-68265:._6	NZ_CP032655.1_72	NZ_CP032655.1_57634-68265	4011	4913	-1	none	none	0	0	0.0	0.0	0.0	IPR003740;IPR019264
NZ_CP032655.1_75798-86408:._6	NZ_CP032655.1_92	NZ_CP032655.1_75798-86408	5711	7747	1	none	none	0	0	0.0	0.0	0.0	IPR003855
NZ_CM148632.1_2501487-2512136:._9	NZ_CM148632.1_2357	NZ_CM148632.1_2501487-2512136	5656	5940	1	NZ_CM148632.1_2501487-2512136:._7	MazEF	776	1	0.6784	0.1	0.447	IPR001357
NZ_CM148632.1_2991906-3002489:._9	NZ_CM148632.1_2849	NZ_CM148632.1_2991906-3002489	5671	6834	1	none	none	0	0	0.0	0.0	0.0	IPR026870;IPR026898
NZ_CP033789.1_13787-24355:._4	NZ_CP033789.1_23	NZ_CP033789.1_13787-24355	1961	5014	-1	none	none	0	0	0.0	0.0	0.0	IPR002513;IPR025296
NZ_CP033793.1_13798-24423:._11	NZ_CP033793.1_23	NZ_CP033793.1_13798-24423	10302	10598	1	none	none	0	0	0.0	0.0	0.0	
NZ_CP087762.1_12880-23463:._7	NZ_CP087762.1_20	NZ_CP087762.1_12880-23463	4660	4992	-1	none	none	0	0	0.0	0.0	0.0	
NZ_CP029661.1_2781-13388:._4	NZ_CP029661.1_7	NZ_CP029661.1_2781-13388	6241	8424	1	NZ_CP029661.1_2781-13388:._1	RloC	1453	2	0.4836	0.2	0.3702	IPR006121
NZ_CM146749.1_237397-247980:._5	NZ_CM146749.1_246	NZ_CM146749.1_237397-247980	5633	6496	1	NZ_CM146749.1_237397-247980:._7	Dodola	1326	2	0.5153	0.2	0.3892	IPR003439
NZ_CP103049.1_2109344-2119942:._5	NZ_CP103049.1_2055	NZ_CP103049.1_2109344-2119942	4584	4931	-1	none	none	0	0	0.0	0.0	0.0	IPR010712
NZ_CP192308.1_54619-65268:._7	NZ_CP192308.1_64	NZ_CP192308.1_54619-65268	5656	5940	1	none	none	0	0	0.0	0.0	0.0	IPR001357
NZ_CP172438.1_670259-680842:._8	NZ_CP172438.1_634	NZ_CP172438.1_670259-680842	5671	6834	1	NZ_CP172438.1_670259-680842:._1	PrrC	4647	0	0.0979	0.0	0.0588	IPR026870;IPR026898
NZ_CP172439.1_6791-17440:._7	NZ_CP172439.1_9	NZ_CP172439.1_6791-17440	5345	5596	1	NZ_CP172439.1_6791-17440:._10	PrrC	1458	4	0.4824	0.4	0.4494	IPR002514
NZ_CP172441.1_12822-23471:._7	NZ_CP172441.1_22	NZ_CP172441.1_12822-23471	4900	5658	1	none	none	0	0	0.0	0.0	0.0	IPR002611
NZ_CP146878.1_2458397-2469046:._8	NZ_CP146878.1_2372	NZ_CP146878.1_2458397-2469046	5656	5898	1	none	none	0	0	0.0	0.0	0.0	IPR001357
NZ_JBUCKN010000002.1_41549-52132:._5	NZ_JBUCKN010000002.1_52	NZ_JBUCKN010000002.1_41549-52132	4088	4951	-1	none	none	0	0	0.0	0.0	0.0	IPR003439
NZ_CP026081.1_13486-24093:._7	NZ_CP026081.1_23	NZ_CP026081.1_13486-24093	4827	4985	-1	none	none	0	0	0.0	0.0	0.0	
NZ_CP012123.1_13549-24180:._6	NZ_CP012123.1_19	NZ_CP012123.1_13549-24180	4011	4913	-1	none	none	0	0	0.0	0.0	0.0	IPR003740;IPR019264
NZ_CP065635.1_2113176-2123792:._6	NZ_CP065635.1_2021	NZ_CP065635.1_2113176-2123792	5617	7761	1	none	none	0	0	0.0	0.0	0.0	IPR006171;IPR013497;IPR013498;IPR034144
NZ_CP053571.1_3250151-3260782:._8	NZ_CP053571.1_3076	NZ_CP053571.1_3250151-3260782	5719	6621	1	NZ_CP053571.1_3250151-3260782:._13	Anti_CRISPR	3136	1	0.2085	0.1	0.1651	IPR003740;IPR019264
NZ_CP053571.1_3284675-3295243:._9	NZ_CP053571.1_3112	NZ_CP053571.1_3284675-3295243	8671	8760	1	none	none	0	0	0.0	0.0	0.0	
NZ_CP137470.1_41714-52336:._8	NZ_CP137470.1_50	NZ_CP137470.1_41714-52336	5719	6399	1	none	none	0	0	0.0	0.0	0.0	IPR032874
NZ_CP021104.1_813233-823816:._10	NZ_CP021104.1_759	NZ_CP021104.1_813233-823816	5633	6496	1	none	none	0	0	0.0	0.0	0.0	IPR003439
NZ_AP019372.1_1822755-1833371:._6	NZ_AP019372.1_1735	NZ_AP019372.1_1822755-1833371	2856	5000	-1	none	none	0	0	0.0	0.0	0.0	IPR006171;IPR013497;IPR013498;IPR034144
NZ_CP157980.1_811589-822172:._6	NZ_CP157980.1_764	NZ_CP157980.1_811589-822172	5633	6496	1	none	none	0	0	0.0	0.0	0.0	IPR003439
NZ_CP058736.1_15027-25586:._2	NZ_CP058736.1_22	NZ_CP058736.1_15027-25586	991	1704	-1	NZ_CP058736.1_15027-25586:._10	RosmerTA	6063	0	0.0482	0.0	0.0289	IPR005094
NZ_CP197321.1_64408-74829:._3	NZ_CP197321.1_78	NZ_CP197321.1_64408-74829	3699	5000	-1	none	none	0	0	0.0	0.0	0.0	IPR006171;IPR013497;IPR034144
NZ_CP044275.1_19330-29946:._9	NZ_CP044275.1_28	NZ_CP044275.1_19330-29946	8638	8868	1	none	none	0	0	0.0	0.0	0.0	
NZ_CP097062.1_14662-25296:._8	NZ_CP097062.1_24	NZ_CP097062.1_14662-25296	6906	7733	-1	none	none	0	0	0.0	0.0	0.0	IPR018392
NZ_CP062071.1_364649-375256:._7	NZ_CP062071.1_322	NZ_CP062071.1_364649-375256	5704	6792	1	none	none	0	0	0.0	0.0	0.0	IPR031927
NZ_CP179215.1_2644642-2655243:._8	NZ_CP179215.1_2446	NZ_CP179215.1_2644642-2655243	4292	4984	-1	NZ_CP179215.1_2644642-2655243:._14	Lamassu-Fam	3308	7	0.1913	0.7	0.3948	IPR006171;IPR013497;IPR034144
NZ_CP075872.1_2226296-2236849:._7	NZ_CP075872.1_2262	NZ_CP075872.1_2226296-2236849	5558	8473	1	none	none	0	0	0.0	0.0	0.0	IPR002513;IPR025296
NZ_CP094456.1_258597-269231:._7	NZ_CP094456.1_251	NZ_CP094456.1_258597-269231	4753	5007	-1	none	none	0	0	0.0	0.0	0.0	IPR018690
NZ_CP118733.1_1998656-2009932:._5	NZ_CP118733.1_1776	NZ_CP118733.1_1998656-2009932	4116	4913	-1	none	none	0	0	0.0	0.0	0.0	IPR025669
NZ_CP118733.1_2005459-2016075:._5	NZ_CP118733.1_1784	NZ_CP118733.1_2005459-2016075	2856	5000	-1	none	none	0	0	0.0	0.0	0.0	IPR006171;IPR013497;IPR013498;IPR034144
NZ_CP042840.1_123943-134286:._6	NZ_CP042840.1_133	NZ_CP042840.1_123943-134286	4730	4990	-1	NZ_CP042840.1_123943-134286:._4	RosmerTA	1530	4	0.4653	0.4	0.4392	IPR006120
NZ_CM143322.1_924280-934896:._8	NZ_CM143322.1_906	NZ_CM143322.1_924280-934896	5617	7716	1	none	none	0	0	0.0	0.0	0.0	IPR006171;IPR013497;IPR025589;IPR034144
NZ_CM143322.1_1113097-1124373:._8	NZ_CM143322.1_1092	NZ_CM143322.1_1113097-1124373	4116	4913	-1	NZ_CM143322.1_1113097-1124373:._3	Anti_CRISPR	2583	1	0.2749	0.1	0.2049	IPR025669
NZ_CM143322.1_1137679-1148295:._6	NZ_CM143322.1_1120	NZ_CM143322.1_1137679-1148295	2856	5000	-1	none	none	0	0	0.0	0.0	0.0	IPR006171;IPR013497;IPR013498;IPR034144
NZ_CP076499.1_24940-35376:._7	NZ_CP076499.1_32	NZ_CP076499.1_24940-35376	7398	7490	1	none	none	0	0	0.0	0.0	0.0	
NZ_CP035114.1_23129-33487:._10	NZ_CP035114.1_35	NZ_CP035114.1_23129-33487	10224	10358	1	none	none	0	0	0.0	0.0	0.0	IPR001296
NZ_CP080563.1_1141-11562:._8	NZ_CP080563.1_8	NZ_CP080563.1_1141-11562	5460	6134	1	NZ_CP080563.1_1141-11562:._1	Anti_CRISPR	5200	0	0.0743	0.0	0.0446	IPR032874
NZ_CP036021.1_90975-101669:._9	NZ_CP036021.1_100	NZ_CP036021.1_90975-101669	4789	5016	-1	none	none	0	0	0.0	0.0	0.0	
NZ_CP196204.1_560-11191:._8	NZ_CP196204.1_7	NZ_CP196204.1_560-11191	7072	7416	1	none	none	0	0	0.0	0.0	0.0	
NZ_CP196415.1_15237-25847:._5	NZ_CP196415.1_27	NZ_CP196415.1_15237-25847	4033	4974	-1	NZ_CP196415.1_15237-25847:._5	AbiC	0	2	1.0	0.2	0.68	
NZ_CP066179.1_4013884-4024458:._6	NZ_CP066179.1_4110	NZ_CP066179.1_4013884-4024458	4593	5003	-1	none	none	0	0	0.0	0.0	0.0	IPR002711;IPR003615
NZ_LN774770.1_42161-52708:._1	NZ_LN774770.1_42	NZ_LN774770.1_42161-52708	2	190	-1	NZ_LN774770.1_42161-52708:._6	Paris	2464	2	0.2917	0.2	0.255	
NZ_CP032465.1_1126-11718:._10	NZ_CP032465.1_10	NZ_CP032465.1_1126-11718	5633	6496	1	NZ_CP032465.1_1126-11718:._12	Anti_CRISPR	835	1	0.6587	0.1	0.4352	IPR025669
NZ_CP032465.1_34002-44594:._10	NZ_CP032465.1_50	NZ_CP032465.1_34002-44594	5633	6496	1	NZ_CP032465.1_34002-44594:._12	Anti_CRISPR	835	1	0.6587	0.1	0.4352	IPR025669
NZ_CP172569.1_89690-100294:._6	NZ_CP172569.1_113	NZ_CP172569.1_89690-100294	4749	4952	-1	none	none	0	0	0.0	0.0	0.0	
NZ_CP064844.1_65762-76315:._3	NZ_CP064844.1_72	NZ_CP064844.1_65762-76315	2081	4996	-1	none	none	0	0	0.0	0.0	0.0	IPR002513;IPR025296
NZ_CP035649.1_27164-37777:._12	NZ_CP035649.1_36	NZ_CP035649.1_27164-37777	8047	9639	1	none	none	0	0	0.0	0.0	0.0	IPR041073
NZ_CP035649.1_104285-114628:._7	NZ_CP035649.1_127	NZ_CP035649.1_104285-114628	5354	5614	1	NZ_CP035649.1_104285-114628:._9	RosmerTA	1530	2	0.4653	0.2	0.3592	IPR006120
NZ_CP070858.1_808827-819410:._10	NZ_CP070858.1_755	NZ_CP070858.1_808827-819410	5633	6496	1	none	none	0	0	0.0	0.0	0.0	IPR003439
NZ_CP040879.1_139816-150441:._3	NZ_CP040879.1_143	NZ_CP040879.1_139816-150441	1950	5003	-1	none	none	0	0	0.0	0.0	0.0	IPR002513;IPR025296
NZ_CP196609.1_1021351-1031547:._7	NZ_CP196609.1_1040	NZ_CP196609.1_1021351-1031547	5231	5557	1	none	none	0	0	0.0	0.0	0.0	IPR006119
NZ_CP104190.1_1171973-1182589:._7	NZ_CP104190.1_1190	NZ_CP104190.1_1171973-1182589	5617	7761	1	none	none	0	0	0.0	0.0	0.0	IPR006171;IPR013497;IPR013498;IPR034144
NZ_CP135062.1_1-5933:._2	NZ_CP135062.1_1	NZ_CP135062.1_1-5933	953	2383	1	none	none	0	0	0.0	0.0	0.0	
NZ_CP039705.1_2805956-2816527:._13	NZ_CP039705.1_2488	NZ_CP039705.1_2805956-2816527	5610	6251	1	none	none	0	0	0.0	0.0	0.0	
NZ_CP015352.1_96278-106843:._3	NZ_CP015352.1_109	NZ_CP015352.1_96278-106843	1037	1552	-1	none	none	0	0	0.0	0.0	0.0	
NZ_CP183933.1_1-10334:._3	NZ_CP183933.1_4	NZ_CP183933.1_1-10334	1861	4776	-1	none	none	0	0	0.0	0.0	0.0	IPR002513;IPR025296
NZ_CP199548.1_3887-14485:._7	NZ_CP199548.1_13	NZ_CP199548.1_3887-14485	4625	4939	-1	none	none	0	0	0.0	0.0	0.0	IPR001845;IPR011991
NC_017961.1_18034-28647:._8	NC_017961.1_29	NC_017961.1_18034-28647	4430	5815	1	NC_017961.1_18034-28647:._9	RosmerTA	178	1	0.9148	0.1	0.5889	IPR002543
NC_017963.1_234169-244647:._4	NC_017963.1_253	NC_017963.1_234169-244647	4617	4967	-1	NC_017963.1_234169-244647:._9	MazEF	2755	2	0.2522	0.2	0.2313	
NZ_CP133190.1_1750562-1761163:._13	NZ_CP133190.1_1602	NZ_CP133190.1_1750562-1761163	9700	10164	1	none	none	0	0	0.0	0.0	0.0	
NZ_LR135784.1_9626-20290:._7	NZ_LR135784.1_15	NZ_LR135784.1_9626-20290	5665	6027	1	none	none	0	0	0.0	0.0	0.0	IPR006171;IPR034144
NZ_CP110056.1_1-8944:._6	NZ_CP110056.1_5	NZ_CP110056.1_1-8944	4953	6224	1	none	none	0	0	0.0	0.0	0.0	IPR002901;IPR007921
NZ_CP120755.1_37764-48497:._11	NZ_CP120755.1_53	NZ_CP120755.1_37764-48497	4872	4979	-1	none	none	0	0	0.0	0.0	0.0	
NZ_CP065926.1_1923096-1933712:._5	NZ_CP065926.1_1856	NZ_CP065926.1_1923096-1933712	4716	5000	-1	none	none	0	0	0.0	0.0	0.0	
NZ_CP130528.1_2659515-2670116:._8	NZ_CP130528.1_2477	NZ_CP130528.1_2659515-2670116	4292	4984	-1	none	none	0	0	0.0	0.0	0.0	IPR006171;IPR013497;IPR034144
NZ_CP129296.1_30341-40543:._3	NZ_CP129296.1_34	NZ_CP129296.1_30341-40543	1189	1794	1	none	none	0	0	0.0	0.0	0.0	
NZ_CP176396.1_24788-35419:._6	NZ_CP176396.1_32	NZ_CP176396.1_24788-35419	5719	6621	1	none	none	0	0	0.0	0.0	0.0	IPR003740;IPR019264
NZ_JBRILM010000003.1_1-5871:._4	NZ_JBRILM010000003.1_3	NZ_JBRILM010000003.1_1-5871	1491	2297	1	NZ_JBRILM010000003.1_1-5871:._1	MazEF	1092	1	0.5793	0.1	0.3876	
NZ_CP126088.1_783305-793861:._2	NZ_CP126088.1_739	NZ_CP126088.1_783305-793861	2019	5003	-1	NZ_CP126088.1_783305-793861:._9	RM	4731	0	0.0939	0.0	0.0563	IPR002513;IPR025296
NZ_CP066055.1_1092164-1102747:._6	NZ_CP066055.1_1108	NZ_CP066055.1_1092164-1102747	4087	4908	-1	NZ_CP066055.1_1092164-1102747:._3	Gao_Qat	2456	1	0.2929	0.1	0.2157	IPR025669
NZ_CP015858.1_2154-12764:._5	NZ_CP015858.1_6	NZ_CP015858.1_2154-12764	5021	5122	1	none	none	0	0	0.0	0.0	0.0	
NZ_CP015861.1_4035-14591:._2	NZ_CP015861.1_6	NZ_CP015861.1_4035-14591	993	1232	1	none	none	0	0	0.0	0.0	0.0	
NZ_CP015859.1_1-5733:._5	NZ_CP015859.1_6	NZ_CP015859.1_1-5733	3808	4071	-1	none	none	0	0	0.0	0.0	0.0	
NZ_CP015862.1_1-8824:._8	NZ_CP015862.1_9	NZ_CP015862.1_1-8824	5017	7053	-1	none	none	0	0	0.0	0.0	0.0	IPR003855
NZ_CP015862.1_22640-33226:._7	NZ_CP015862.1_34	NZ_CP015862.1_22640-33226	5678	6295	-1	none	none	0	0	0.0	0.0	0.0	
NZ_CP110060.1_14072-24661:._10	NZ_CP110060.1_23	NZ_CP110060.1_14072-24661	6600	6998	1	none	none	0	0	0.0	0.0	0.0	IPR032575
NZ_CP038243.1_5447-14844:._3	NZ_CP038243.1_10	NZ_CP038243.1_5447-14844	1660	4356	-1	NZ_CP038243.1_5447-14844:._3	RM	0	1	1.0	0.1	0.64	IPR046816;IPR046817;IPR046818;IPR046819;IPR046820
NZ_CP038245.1_1-5851:._2	NZ_CP038245.1_1	NZ_CP038245.1_1-5851	844	1191	1	none	none	0	0	0.0	0.0	0.0	
NC_018222.1_1-8072:._5	NC_018222.1_4	NC_018222.1_1-8072	3072	5216	1	none	none	0	0	0.0	0.0	0.0	IPR006171;IPR013497;IPR013498;IPR034144
NZ_CP152062.1_26113-36744:._6	NZ_CP152062.1_36	NZ_CP152062.1_26113-36744	5719	6621	1	none	none	0	0	0.0	0.0	0.0	IPR003740;IPR019264
NZ_CP024657.1_1-5912:._1	NZ_CP024657.1_2	NZ_CP024657.1_1-5912	2	169	-1	none	none	0	0	0.0	0.0	0.0	
NZ_CP024657.1_81245-91894:._2	NZ_CP024657.1_94	NZ_CP024657.1_81245-91894	668	901	1	none	none	0	0	0.0	0.0	0.0	IPR005001
NZ_CP024657.1_99214-109707:._3	NZ_CP024657.1_117	NZ_CP024657.1_99214-109707	1965	4946	-1	none	none	0	0	0.0	0.0	0.0	IPR002513;IPR025296
NZ_CP024658.1_76625-87160:._7	NZ_CP024658.1_94	NZ_CP024658.1_76625-87160	5241	5543	1	none	none	0	0	0.0	0.0	0.0	
NZ_CP044506.1_434888-445537:._5	NZ_CP044506.1_433	NZ_CP044506.1_434888-445537	5656	5940	1	none	none	0	0	0.0	0.0	0.0	IPR001357
NZ_OU015947.1_174769-185112:._7	NZ_OU015947.1_186	NZ_OU015947.1_174769-185112	5354	5614	1	NZ_OU015947.1_174769-185112:._9	RosmerTA	1530	2	0.4653	0.2	0.3592	IPR006120
NZ_CP085293.1_14852-25468:._6	NZ_CP085293.1_28	NZ_CP085293.1_14852-25468	2856	5000	-1	none	none	0	0	0.0	0.0	0.0	IPR006171;IPR013497;IPR013498;IPR034144
NZ_CP132393.1_2011585-2022201:._5	NZ_CP132393.1_1961	NZ_CP132393.1_2011585-2022201	4716	5000	-1	none	none	0	0	0.0	0.0	0.0	
NZ_CP071959.1_147168-157511:._6	NZ_CP071959.1_180	NZ_CP071959.1_147168-157511	4730	4990	-1	NZ_CP071959.1_147168-157511:._4	RosmerTA	1530	4	0.4653	0.4	0.4392	IPR006120
NZ_CP089320.1_47403-58019:._9	NZ_CP089320.1_52	NZ_CP089320.1_47403-58019	3387	3776	1	none	none	0	0	0.0	0.0	0.0	
NZ_CP089320.1_47403-58019:._13	NZ_CP089320.1_56	NZ_CP089320.1_47403-58019	5650	6000	1	none	none	0	0	0.0	0.0	0.0	
NZ_CP110243.1_4269-14900:._9	NZ_CP110243.1_12	NZ_CP110243.1_4269-14900	8275	8586	1	none	none	0	0	0.0	0.0	0.0	
NZ_CP110244.1_6313-16866:._5	NZ_CP110244.1_12	NZ_CP110244.1_6313-16866	4209	5504	1	none	none	0	0	0.0	0.0	0.0	IPR000802
NZ_CP110245.1_21233-31786:._6	NZ_CP110245.1_26	NZ_CP110245.1_21233-31786	2647	4209	1	none	none	0	0	0.0	0.0	0.0	IPR035396;IPR049164
NZ_CP110245.1_45683-56299:._7	NZ_CP110245.1_59	NZ_CP110245.1_45683-56299	4360	5223	-1	none	none	0	0	0.0	0.0	0.0	IPR003439
NZ_CP168698.1_7006-17589:._11	NZ_CP168698.1_16	NZ_CP168698.1_7006-17589	5592	5837	1	none	none	0	0	0.0	0.0	0.0	
NZ_CP138643.1_7437-18038:._9	NZ_CP138643.1_15	NZ_CP138643.1_7437-18038	7158	8417	-1	none	none	0	0	0.0	0.0	0.0	IPR025586
NZ_CP178350.1_22761-33314:._3	NZ_CP178350.1_24	NZ_CP178350.1_22761-33314	2081	4996	-1	none	none	0	0	0.0	0.0	0.0	IPR002513;IPR025296
NZ_CP168812.1_65763-76316:._3	NZ_CP168812.1_71	NZ_CP168812.1_65763-76316	2081	4996	-1	none	none	0	0	0.0	0.0	0.0	IPR002513;IPR025296
NZ_CP184183.1_2763-13367:._4	NZ_CP184183.1_10	NZ_CP184183.1_2763-13367	2630	3172	-1	none	none	0	0	0.0	0.0	0.0	IPR000182
NZ_CP184183.1_2763-13367:._12	NZ_CP184183.1_18	NZ_CP184183.1_2763-13367	8850	9542	-1	none	none	0	0	0.0	0.0	0.0	IPR006171;IPR013497;IPR034144
NZ_CP064644.1_15940-26547:._9	NZ_CP064644.1_18	NZ_CP064644.1_15940-26547	9321	10607	1	none	none	0	0	0.0	0.0	0.0	IPR000014;IPR003660;IPR003661;IPR013767
NZ_CP065798.1_22121-32695:._4	NZ_CP065798.1_30	NZ_CP065798.1_22121-32695	4758	5000	-1	none	none	0	0	0.0	0.0	0.0	IPR001387
NZ_CP072066.1_89884-100488:._8	NZ_CP072066.1_102	NZ_CP072066.1_89884-100488	5589	6602	1	NZ_CP072066.1_89884-100488:._6	Thoeris	1021	4	0.6002	0.4	0.5201	IPR004107
NZ_CP197307.1_1685379-1695992:._5	NZ_CP197307.1_1695	NZ_CP197307.1_1685379-1695992	4632	4976	-1	NZ_CP197307.1_1685379-1695992:._3	Lamassu-Fam	1397	7	0.4973	0.7	0.5784	
NZ_CP197308.1_46404-57008:._10	NZ_CP197308.1_49	NZ_CP197308.1_46404-57008	5645	7630	1	none	none	0	0	0.0	0.0	0.0	
NZ_CP156997.1_31630-42231:._11	NZ_CP156997.1_44	NZ_CP156997.1_31630-42231	8832	9701	1	NZ_CP156997.1_31630-42231:._11	ShosTA	0	1	1.0	0.1	0.64	IPR003488
NZ_CP156998.1_29434-40017:._7	NZ_CP156998.1_41	NZ_CP156998.1_29434-40017	5633	5980	1	NZ_CP156998.1_29434-40017:._10	CBASS	1890	4	0.3887	0.4	0.3932	IPR003439
NZ_CP172592.1_19691-30322:._6	NZ_CP172592.1_24	NZ_CP172592.1_19691-30322	5719	6621	1	none	none	0	0	0.0	0.0	0.0	IPR003740;IPR019264
NZ_CP193748.1_761026-771642:._6	NZ_CP193748.1_771	NZ_CP193748.1_761026-771642	5617	5901	1	none	none	0	0	0.0	0.0	0.0	
NZ_CP199993.1_1046020-1057296:._10	NZ_CP199993.1_996	NZ_CP199993.1_1046020-1057296	6364	7161	1	none	none	0	0	0.0	0.0	0.0	IPR025669
NZ_CP168690.1_885-11468:._11	NZ_CP168690.1_11	NZ_CP168690.1_885-11468	5592	5837	1	none	none	0	0	0.0	0.0	0.0	
NZ_CP180260.1_20216-30808:._10	NZ_CP180260.1_31	NZ_CP180260.1_20216-30808	5633	6496	1	NZ_CP180260.1_20216-30808:._12	Anti_CRISPR	835	1	0.6587	0.1	0.4352	IPR025669
NZ_CP180260.1_51409-62001:._10	NZ_CP180260.1_70	NZ_CP180260.1_51409-62001	5633	6496	1	NZ_CP180260.1_51409-62001:._12	Anti_CRISPR	835	1	0.6587	0.1	0.4352	IPR025669
NZ_CP066401.1_118967-129571:._7	NZ_CP066401.1_143	NZ_CP066401.1_118967-129571	5653	5856	1	none	none	0	0	0.0	0.0	0.0	
NZ_CP066405.1_19259-29872:._8	NZ_CP066405.1_34	NZ_CP066405.1_19259-29872	5312	5992	1	none	none	0	0	0.0	0.0	0.0	IPR032874
NZ_CP066403.1_18852-29474:._1	NZ_CP066403.1_27	NZ_CP066403.1_18852-29474	97	327	-1	none	none	0	0	0.0	0.0	0.0	
NZ_CP025582.1_597712-608361:._5	NZ_CP025582.1_598	NZ_CP025582.1_597712-608361	4752	4994	-1	none	none	0	0	0.0	0.0	0.0	IPR001357
NZ_CM149699.1_649791-660350:._11	NZ_CM149699.1_620	NZ_CM149699.1_649791-660350	5598	6143	1	none	none	0	0	0.0	0.0	0.0	IPR006448
NZ_CP092502.1_1-9628:._6	NZ_CP092502.1_5	NZ_CP092502.1_1-9628	6643	6849	1	none	none	0	0	0.0	0.0	0.0	
NZ_CP092503.1_16804-27435:._5	NZ_CP092503.1_23	NZ_CP092503.1_16804-27435	4011	4913	-1	none	none	0	0	0.0	0.0	0.0	IPR003740;IPR019264
NZ_CP104779.1_18857-29437:._7	NZ_CP104779.1_29	NZ_CP104779.1_18857-29437	4659	4937	-1	none	none	0	0	0.0	0.0	0.0	
NZ_CP054446.1_16739-27289:._9	NZ_CP054446.1_22	NZ_CP054446.1_16739-27289	5615	6487	1	none	none	0	0	0.0	0.0	0.0	IPR000847;IPR005119
NZ_OZ061545.1_1-10062:._9	NZ_OZ061545.1_8	NZ_OZ061545.1_1-10062	8071	8760	1	none	none	0	0	0.0	0.0	0.0	IPR001584
NZ_CP120750.1_1-5777:._4	NZ_CP120750.1_5	NZ_CP120750.1_1-5777	649	756	-1	none	none	0	0	0.0	0.0	0.0	
NZ_CP085976.1_3665137-3675744:._9	NZ_CP085976.1_3454	NZ_CP085976.1_3665137-3675744	5623	5763	1	NZ_CP085976.1_3665137-3675744:._10	RM	101	1	0.9508	0.1	0.6105	
NZ_CP131655.1_103815-114443:._7	NZ_CP131655.1_106	NZ_CP131655.1_103815-114443	5651	6151	1	none	none	0	0	0.0	0.0	0.0	
NZ_CP131655.1_134754-145385:._7	NZ_CP131655.1_142	NZ_CP131655.1_134754-145385	5693	6007	1	none	none	0	0	0.0	0.0	0.0	IPR001845;IPR011991
NZ_CP064512.1_15940-26547:._9	NZ_CP064512.1_18	NZ_CP064512.1_15940-26547	9321	10607	1	none	none	0	0	0.0	0.0	0.0	IPR000014;IPR003660;IPR003661;IPR013767
NZ_CP065723.1_1629954-1640198:._5	NZ_CP065723.1_1637	NZ_CP065723.1_1629954-1640198	4653	5015	-1	NZ_CP065723.1_1629954-1640198:._14	RM	5018	0	0.0813	0.0	0.0488	
NZ_CP187841.1_5691-16307:._11	NZ_CP187841.1_13	NZ_CP187841.1_5691-16307	9103	9318	1	none	none	0	0	0.0	0.0	0.0	
NZ_CP092538.1_2660843-2670958:._8	NZ_CP092538.1_2501	NZ_CP092538.1_2660843-2670958	4266	4946	-1	none	none	0	0	0.0	0.0	0.0	IPR032874
NZ_CP136117.1_1-8515:._5	NZ_CP136117.1_5	NZ_CP136117.1_1-8515	2575	2859	-1	none	none	0	0	0.0	0.0	0.0	IPR001357
NZ_CM132975.1_1373497-1384095:._6	NZ_CM132975.1_1348	NZ_CM132975.1_1373497-1384095	4625	4939	-1	none	none	0	0	0.0	0.0	0.0	IPR001845;IPR011991
NZ_CP097044.1_2032286-2042902:._6	NZ_CP097044.1_1956	NZ_CP097044.1_2032286-2042902	5617	6573	1	NZ_CP097044.1_2032286-2042902:._1	PD-Lambda-1	4997	0	0.0822	0.0	0.0493	IPR006171;IPR013497;IPR034144
NZ_CP031210.1_1-5944:._4	NZ_CP031210.1_5	NZ_CP031210.1_1-5944	2467	3225	-1	NZ_CP031210.1_1-5944:._1	RosmerTA	2242	1	0.326	0.1	0.2356	IPR024932
NZ_CP193745.1_1885226-1895842:._5	NZ_CP193745.1_1816	NZ_CP193745.1_1885226-1895842	4716	5000	-1	none	none	0	0	0.0	0.0	0.0	
NZ_CP183328.1_3701-14254:._3	NZ_CP183328.1_7	NZ_CP183328.1_3701-14254	2081	4996	-1	NZ_CP183328.1_3701-14254:._7	MazEF	3457	0	0.1776	0.0	0.1065	IPR002513;IPR025296
NZ_CP183328.1_17017-27624:._8	NZ_CP183328.1_26	NZ_CP183328.1_17017-27624	5598	5825	1	NZ_CP183328.1_17017-27624:._9	RosmerTA	361	2	0.8349	0.2	0.5809	
NZ_CP068513.1_2255-12835:._7	NZ_CP068513.1_10	NZ_CP068513.1_2255-12835	4741	5058	-1	none	none	0	0	0.0	0.0	0.0	
NZ_CP136352.1_10097-20740:._7	NZ_CP136352.1_17	NZ_CP136352.1_10097-20740	4772	4978	-1	none	none	0	0	0.0	0.0	0.0	
NZ_CP129621.1_39665-50221:._3	NZ_CP129621.1_43	NZ_CP129621.1_39665-50221	1748	1930	-1	none	none	0	0	0.0	0.0	0.0	
NZ_CP129622.1_35987-46573:._10	NZ_CP129622.1_46	NZ_CP129622.1_35987-46573	8013	8651	-1	none	none	0	0	0.0	0.0	0.0	
NZ_CP129623.1_27851-38467:._6	NZ_CP129623.1_36	NZ_CP129623.1_27851-38467	4344	6380	-1	NZ_CP129623.1_27851-38467:._8	RosmerTA	824	3	0.6623	0.3	0.5174	IPR003855
NZ_CP093413.1_39081-49679:._9	NZ_CP093413.1_42	NZ_CP093413.1_39081-49679	2755	2949	-1	NZ_CP093413.1_39081-49679:._7	RosmerTA	522	1	0.7703	0.1	0.5022	IPR012450
NZ_CP093415.1_39831-50426:._3	NZ_CP093415.1_45	NZ_CP093415.1_39831-50426	982	1914	1	NZ_CP093415.1_39831-50426:._10	PrrC	6912	0	0.0316	0.0	0.0189	IPR011611;IPR017583
NZ_CP093416.1_7168-17766:._8	NZ_CP093416.1_14	NZ_CP093416.1_7168-17766	6476	6736	1	none	none	0	0	0.0	0.0	0.0	
NZ_CP032848.1_5010512-5021146:._4	NZ_CP032848.1_4519	NZ_CP032848.1_5010512-5021146	4391	4945	-1	none	none	0	0	0.0	0.0	0.0	IPR006448
NZ_CP189809.1_1897614-1908167:._7	NZ_CP189809.1_1807	NZ_CP189809.1_1897614-1908167	5567	6160	1	none	none	0	0	0.0	0.0	0.0	
NZ_CP189810.1_1477-12342:._6	NZ_CP189810.1_8	NZ_CP189810.1_1477-12342	5394	6008	1	none	none	0	0	0.0	0.0	0.0	IPR000792;IPR001789
NZ_CP189810.1_84008-94336:._6	NZ_CP189810.1_89	NZ_CP189810.1_84008-94336	5411	5719	1	none	none	0	0	0.0	0.0	0.0	
NZ_CP189811.1_74938-85548:._4	NZ_CP189811.1_79	NZ_CP189811.1_74938-85548	4268	4930	-1	none	none	0	0	0.0	0.0	0.0	
NZ_CP189812.1_11678-22372:._8	NZ_CP189812.1_18	NZ_CP189812.1_11678-22372	6997	7365	1	none	none	0	0	0.0	0.0	0.0	
NC_017543.1_93806-104086:._4	NC_017543.1_67	NC_017543.1_93806-104086	4669	4965	-1	none	none	0	0	0.0	0.0	0.0	
NZ_CP028269.1_1-7740:._2	NZ_CP028269.1_3	NZ_CP028269.1_1-7740	93	647	-1	none	none	0	0	0.0	0.0	0.0	IPR001353
NZ_CP123981.1_3275-13882:._4	NZ_CP123981.1_10	NZ_CP123981.1_3275-13882	3263	3919	-1	none	none	0	0	0.0	0.0	0.0	
NZ_CP148730.1_45474-56207:._11	NZ_CP148730.1_59	NZ_CP148730.1_45474-56207	4872	4979	-1	none	none	0	0	0.0	0.0	0.0	
NZ_CP092559.1_5592-15707:._7	NZ_CP092559.1_14	NZ_CP092559.1_5592-15707	4266	4946	-1	none	none	0	0	0.0	0.0	0.0	IPR032874
NZ_CP104769.1_14574-25157:._6	NZ_CP104769.1_21	NZ_CP104769.1_14574-25157	4157	4507	1	none	none	0	0	0.0	0.0	0.0	IPR035528
NZ_CP104769.1_19141-29721:._7	NZ_CP104769.1_30	NZ_CP104769.1_19141-29721	4659	4937	-1	none	none	0	0	0.0	0.0	0.0	
NZ_CP184235.1_3708-14321:._6	NZ_CP184235.1_10	NZ_CP184235.1_3708-14321	3602	4201	1	NZ_CP184235.1_3708-14321:._6	AbiH	0	1	1.0	0.1	0.64	IPR025935
NZ_CP184235.1_51728-62071:._7	NZ_CP184235.1_67	NZ_CP184235.1_51728-62071	5354	5614	1	NZ_CP184235.1_51728-62071:._9	RosmerTA	1530	4	0.4653	0.4	0.4392	IPR006120
NZ_CP154900.1_28137-38744:._13	NZ_CP154900.1_53	NZ_CP154900.1_28137-38744	5605	5841	1	NZ_CP154900.1_28137-38744:._23	Anti_RM	3403	1	0.1824	0.1	0.1494	
NZ_JBWBJL010000002.1_1-10126:._7	NZ_JBWBJL010000002.1_6	NZ_JBWBJL010000002.1_1-10126	4377	4724	1	NZ_JBWBJL010000002.1_1-10126:._8	CBASS	394	7	0.8212	0.7	0.7727	IPR001845;IPR011991
NZ_JBWBJL010000003.1_5286-15893:._8	NZ_JBWBJL010000003.1_15	NZ_JBWBJL010000003.1_5286-15893	8797	8916	-1	NZ_JBWBJL010000003.1_5286-15893:._4	RosmerTA	3348	1	0.1875	0.1	0.1525	
NZ_CP040369.1_130875-141218:._7	NZ_CP040369.1_161	NZ_CP040369.1_130875-141218	5354	5614	1	NZ_CP040369.1_130875-141218:._9	RosmerTA	1530	2	0.4653	0.2	0.3592	IPR006120
NZ_CP021439.1_10642-21192:._4	NZ_CP021439.1_11	NZ_CP021439.1_10642-21192	4118	4987	-1	none	none	0	0	0.0	0.0	0.0	IPR025296
NZ_CP021437.1_94152-104702:._6	NZ_CP021437.1_120	NZ_CP021437.1_94152-104702	5564	8545	1	none	none	0	0	0.0	0.0	0.0	IPR002513;IPR025296
NZ_CP075978.1_4027-14742:._7	NZ_CP075978.1_9	NZ_CP075978.1_4027-14742	5805	8021	1	none	none	0	0	0.0	0.0	0.0	IPR003439;IPR005074;IPR011527
NZ_CP088192.1_68348-78868:._5	NZ_CP088192.1_75	NZ_CP088192.1_68348-78868	4266	4952	-1	none	none	0	0	0.0	0.0	0.0	IPR032874
NZ_CP088192.1_91342-101763:._6	NZ_CP088192.1_103	NZ_CP088192.1_91342-101763	2856	5000	-1	none	none	0	0	0.0	0.0	0.0	IPR006171;IPR013497;IPR013498;IPR034144
NZ_CP176473.1_363485-374134:._7	NZ_CP176473.1_374	NZ_CP176473.1_363485-374134	4710	4994	-1	none	none	0	0	0.0	0.0	0.0	IPR001357
NZ_CP080222.1_90990-101618:._7	NZ_CP080222.1_90	NZ_CP080222.1_90990-101618	5651	6151	1	none	none	0	0	0.0	0.0	0.0	
NZ_CP080222.1_121882-132513:._7	NZ_CP080222.1_124	NZ_CP080222.1_121882-132513	5693	6007	1	none	none	0	0	0.0	0.0	0.0	IPR001845;IPR011991
NZ_AP043986.1_1-10341:._5	NZ_AP043986.1_6	NZ_AP043986.1_1-10341	2580	4724	-1	none	none	0	0	0.0	0.0	0.0	IPR006171;IPR013497;IPR013498;IPR034144
NZ_LR822025.1_152444-163027:._7	NZ_LR822025.1_149	NZ_LR822025.1_152444-163027	5584	5853	1	none	none	0	0	0.0	0.0	0.0	
NZ_LR822025.1_1803395-1813978:._6	NZ_LR822025.1_1921	NZ_LR822025.1_1803395-1813978	4731	5000	-1	none	none	0	0	0.0	0.0	0.0	
NZ_AP027298.1_10074-20687:._9	NZ_AP027298.1_19	NZ_AP027298.1_10074-20687	5601	7610	1	none	none	0	0	0.0	0.0	0.0	IPR011646
NZ_CP053093.1_611721-622370:._5	NZ_CP053093.1_614	NZ_CP053093.1_611721-622370	4710	4994	-1	none	none	0	0	0.0	0.0	0.0	IPR001357
NZ_CP053095.1_26254-36903:._8	NZ_CP053095.1_30	NZ_CP053095.1_26254-36903	5656	5940	1	none	none	0	0	0.0	0.0	0.0	IPR001357
NZ_DBJOSK010000002.1_15739-26292:._3	NZ_DBJOSK010000002.1_18	NZ_DBJOSK010000002.1_15739-26292	2081	4996	-1	NZ_DBJOSK010000002.1_15739-26292:._7	MazEF	3525	0	0.1716	0.0	0.103	IPR002513;IPR025296
NZ_DBJOSK010000002.1_29123-39730:._8	NZ_DBJOSK010000002.1_37	NZ_DBJOSK010000002.1_29123-39730	5598	5825	1	NZ_DBJOSK010000002.1_29123-39730:._9	RosmerTA	361	2	0.8349	0.2	0.5809	
NZ_CP075989.1_52698-63431:._5	NZ_CP075989.1_65	NZ_CP075989.1_52698-63431	5755	5862	1	NZ_CP075989.1_52698-63431:._3	6A_MBL	1297	2	0.5228	0.2	0.3937	
NZ_CP015516.1_1872929-1883542:._4	NZ_CP015516.1_1717	NZ_CP015516.1_1872929-1883542	3007	5013	-1	NZ_CP015516.1_1872929-1883542:._6	RM	1290	1	0.5247	0.1	0.3548	IPR011646
NZ_CP021876.1_92364-102977:._3	NZ_CP021876.1_112	NZ_CP021876.1_92364-102977	2006	4984	-1	none	none	0	0	0.0	0.0	0.0	IPR002513;IPR025296
NZ_CP021876.1_181519-192132:._4	NZ_CP021876.1_208	NZ_CP021876.1_181519-192132	2006	4984	-1	none	none	0	0	0.0	0.0	0.0	IPR002513;IPR025296
NZ_CP021877.1_4131-14744:._4	NZ_CP021877.1_12	NZ_CP021877.1_4131-14744	2006	4984	-1	none	none	0	0	0.0	0.0	0.0	IPR002513;IPR025296
NZ_CP041762.1_35087-45643:._4	NZ_CP041762.1_40	NZ_CP041762.1_35087-45643	3740	4918	-1	NZ_CP041762.1_35087-45643:._4	Mokosh	0	2	1.0	0.2	0.68	IPR000719
NZ_CP017603.1_1976209-1986819:._5	NZ_CP017603.1_1776	NZ_CP017603.1_1976209-1986819	5682	5858	1	none	none	0	0	0.0	0.0	0.0	IPR014944
NZ_CP025286.1_107979-118544:._8	NZ_CP025286.1_110	NZ_CP025286.1_107979-118544	5617	6129	1	none	none	0	0	0.0	0.0	0.0	
NZ_CP076481.1_27519-38132:._7	NZ_CP076481.1_35	NZ_CP076481.1_27519-38132	6360	6563	1	NZ_CP076481.1_27519-38132:._2	PrrC	3526	2	0.1715	0.2	0.1829	
NZ_LR135207.1_8899-19551:._5	NZ_LR135207.1_15	NZ_LR135207.1_8899-19551	5067	5309	1	none	none	0	0	0.0	0.0	0.0	IPR035395
NZ_CP016715.2_5432-16012:._6	NZ_CP016715.2_12	NZ_CP016715.2_5432-16012	4269	4430	1	none	none	0	0	0.0	0.0	0.0	
NZ_CP069390.1_36335-46882:._3	NZ_CP069390.1_37	NZ_CP069390.1_36335-46882	3025	4962	-1	NZ_CP069390.1_36335-46882:._3	RM	0	2	1.0	0.2	0.68	IPR002941
NZ_CP118970.1_16795-27252:._7	NZ_CP118970.1_25	NZ_CP118970.1_16795-27252	5000	5458	-1	none	none	0	0	0.0	0.0	0.0	IPR006119
NZ_CP064837.2_45120-55718:._4	NZ_CP064837.2_50	NZ_CP064837.2_45120-55718	4423	4974	-1	NZ_CP064837.2_45120-55718:._2	Lamassu-Fam	2749	8	0.253	0.8	0.4718	
NZ_CP097053.1_393796-404412:._6	NZ_CP097053.1_379	NZ_CP097053.1_393796-404412	5617	6573	1	NZ_CP097053.1_393796-404412:._1	PD-Lambda-1	4998	0	0.0822	0.0	0.0493	IPR006171;IPR013497;IPR034144
NZ_CP097054.1_6138-16700:._4	NZ_CP097054.1_11	NZ_CP097054.1_6138-16700	4233	4919	-1	NZ_CP097054.1_6138-16700:._6	PrrC	763	2	0.6828	0.2	0.4897	IPR032874
NZ_CP116572.1_51713-62326:._9	NZ_CP116572.1_61	NZ_CP116572.1_51713-62326	5601	7610	1	none	none	0	0	0.0	0.0	0.0	IPR011646
NZ_CP116573.1_27178-37842:._8	NZ_CP116573.1_40	NZ_CP116573.1_27178-37842	5665	7809	1	NZ_CP116573.1_27178-37842:._11	RosmerTA	1421	1	0.4914	0.1	0.3348	IPR006171;IPR013497;IPR013498;IPR034144
NZ_CP158984.1_24873-35522:._1	NZ_CP158984.1_35	NZ_CP158984.1_24873-35522	3	404	-1	none	none	0	0	0.0	0.0	0.0	IPR010651
NZ_CP158984.1_24873-35522:._2	NZ_CP158984.1_36	NZ_CP158984.1_24873-35522	458	619	-1	none	none	0	0	0.0	0.0	0.0	IPR010719
NZ_CP158985.1_1571-12220:._9	NZ_CP158985.1_8	NZ_CP158985.1_1571-12220	5656	5940	1	none	none	0	0	0.0	0.0	0.0	IPR001357
NZ_CP158986.1_15718-26301:._4	NZ_CP158986.1_21	NZ_CP158986.1_15718-26301	1626	1853	-1	none	none	0	0	0.0	0.0	0.0	
NZ_CP158987.1_27700-38349:._4	NZ_CP158987.1_35	NZ_CP158987.1_27700-38349	1521	1853	-1	NZ_CP158987.1_27700-38349:._12	Anti_CRISPR	5194	0	0.0745	0.0	0.0447	
NZ_CP158987.1_27700-38349:._5	NZ_CP158987.1_36	NZ_CP158987.1_27700-38349	1883	2167	-1	NZ_CP158987.1_27700-38349:._12	Anti_CRISPR	4880	0	0.0872	0.0	0.0523	IPR001357
NZ_CP184521.1_54475-65028:._12	NZ_CP184521.1_61	NZ_CP184521.1_54475-65028	8292	9314	1	none	none	0	0	0.0	0.0	0.0	IPR000905
NZ_CP184520.1_38434-49041:._7	NZ_CP184520.1_49	NZ_CP184520.1_38434-49041	5598	5825	1	NZ_CP184520.1_38434-49041:._8	RosmerTA	361	9	0.8349	0.9	0.8609	
NZ_CP062060.1_1-7098:._2	NZ_CP062060.1_3	NZ_CP062060.1_1-7098	477	1379	-1	none	none	0	0	0.0	0.0	0.0	IPR003740;IPR019264
NZ_CP175056.1_2371688-2382304:._6	NZ_CP175056.1_2339	NZ_CP175056.1_2371688-2382304	4908	5000	-1	none	none	0	0	0.0	0.0	0.0	
NZ_CP175055.1_55348-65952:._5	NZ_CP175055.1_69	NZ_CP175055.1_55348-65952	5652	6059	1	NZ_CP175055.1_55348-65952:._10	Anti_CRISPR	2889	1	0.2359	0.1	0.1815	IPR017961
NZ_CP191290.1_293075-303697:._8	NZ_CP191290.1_282	NZ_CP191290.1_293075-303697	5653	5865	1	NZ_CP191290.1_293075-303697:._15	RM	2740	2	0.2541	0.2	0.2325	
NZ_CP193741.1_762446-773062:._6	NZ_CP193741.1_770	NZ_CP193741.1_762446-773062	5617	5901	1	none	none	0	0	0.0	0.0	0.0	
NZ_CP184508.1_54219-64772:._8	NZ_CP184508.1_63	NZ_CP184508.1_54219-64772	5623	6129	1	none	none	0	0	0.0	0.0	0.0	IPR003115
NZ_CP184507.1_8001-18608:._4	NZ_CP184507.1_12	NZ_CP184507.1_8001-18608	4783	5010	-1	NZ_CP184507.1_8001-18608:._3	RosmerTA	361	9	0.8349	0.9	0.8609	
NZ_CP016595.1_1229997-1240550:._7	NZ_CP016595.1_1161	NZ_CP016595.1_1229997-1240550	5554	5778	1	none	none	0	0	0.0	0.0	0.0	
NZ_CP183824.1_1-5987:._4	NZ_CP183824.1_3	NZ_CP183824.1_1-5987	3406	3957	1	none	none	0	0	0.0	0.0	0.0	IPR010719
NZ_CP047411.1_20180-30763:._8	NZ_CP047411.1_31	NZ_CP047411.1_20180-30763	4870	4992	-1	none	none	0	0	0.0	0.0	0.0	
NZ_CP151433.1_23330-33922:._10	NZ_CP151433.1_36	NZ_CP151433.1_23330-33922	5633	6496	1	NZ_CP151433.1_23330-33922:._12	Anti_CRISPR	835	1	0.6587	0.1	0.4352	IPR025669
NZ_CP130536.1_2634176-2644777:._8	NZ_CP130536.1_2435	NZ_CP130536.1_2634176-2644777	4292	4984	-1	NZ_CP130536.1_2634176-2644777:._14	Lamassu-Fam	3308	7	0.1913	0.7	0.3948	IPR006171;IPR013497;IPR034144
NZ_AP017631.1_25849-36582:._6	NZ_AP017631.1_33	NZ_AP017631.1_25849-36582	5755	5862	1	none	none	0	0	0.0	0.0	0.0	
NZ_CP175243.1_52927-63531:._5	NZ_CP175243.1_56	NZ_CP175243.1_52927-63531	2399	2623	1	none	none	0	0	0.0	0.0	0.0	
NZ_CP076825.1_2660-13015:._7	NZ_CP076825.1_11	NZ_CP076825.1_2660-13015	4273	6408	-1	none	none	0	0	0.0	0.0	0.0	IPR006171;IPR013497;IPR025589;IPR034144
NZ_CP076826.1_1-5875:._1	NZ_CP076826.1_2	NZ_CP076826.1_1-5875	113	352	-1	NZ_CP076826.1_1-5875:._5	CBASS	1572	3	0.4557	0.3	0.3934	
NZ_CP076826.1_1-5875:._5	NZ_CP076826.1_4	NZ_CP076826.1_1-5875	1924	3039	1	NZ_CP076826.1_1-5875:._5	CBASS	0	3	1.0	0.3	0.72	IPR000594
NZ_CP076827.1_27141-37694:._6	NZ_CP076827.1_43	NZ_CP076827.1_27141-37694	2462	3304	1	none	none	0	0	0.0	0.0	0.0	IPR001584;IPR025948
NZ_CP076828.1_32681-43312:._8	NZ_CP076828.1_46	NZ_CP076828.1_32681-43312	6997	7179	-1	none	none	0	0	0.0	0.0	0.0	IPR002736
NZ_JBQUVC010000002.1_1-9138:._6	NZ_JBQUVC010000002.1_6	NZ_JBQUVC010000002.1_1-9138	3198	3482	-1	NZ_JBQUVC010000002.1_1-9138:._8	MazEF	776	1	0.6784	0.1	0.447	IPR001357
NZ_CP031201.1_6495-17081:._12	NZ_CP031201.1_24	NZ_CP031201.1_6495-17081	8990	9298	-1	NZ_CP031201.1_6495-17081:._1	Anti_CRISPR	7948	0	0.0188	0.0	0.0113	IPR025161
NZ_CP139085.1_43437-54065:._7	NZ_CP139085.1_58	NZ_CP139085.1_43437-54065	4710	4994	-1	none	none	0	0	0.0	0.0	0.0	IPR001357
NZ_CP091218.1_128613-139235:._5	NZ_CP091218.1_136	NZ_CP091218.1_128613-139235	4224	4910	-1	none	none	0	0	0.0	0.0	0.0	IPR032874
NZ_CP197304.1_105570-116174:._4	NZ_CP197304.1_111	NZ_CP197304.1_105570-116174	5652	6296	1	none	none	0	0	0.0	0.0	0.0	IPR017961
NZ_CP013995.1_18009-28628:._9	NZ_CP013995.1_27	NZ_CP013995.1_18009-28628	7001	7168	1	none	none	0	0	0.0	0.0	0.0	
NZ_CP168885.1_37507-48060:._6	NZ_CP168885.1_49	NZ_CP168885.1_37507-48060	5558	8473	1	NZ_CP168885.1_37507-48060:._8	VP1851	1194	1	0.5505	0.1	0.3703	IPR002513;IPR025296
NZ_CP199396.1_436469-447118:._5	NZ_CP199396.1_434	NZ_CP199396.1_436469-447118	5656	5940	1	none	none	0	0	0.0	0.0	0.0	IPR001357
NZ_CP135172.1_244388-255037:._5	NZ_CP135172.1_254	NZ_CP135172.1_244388-255037	5656	5940	1	none	none	0	0	0.0	0.0	0.0	IPR001357
NZ_CP114520.1_3037-13653:._6	NZ_CP114520.1_10	NZ_CP114520.1_3037-13653	2856	5000	-1	none	none	0	0	0.0	0.0	0.0	IPR006171;IPR013497;IPR013498;IPR034144
NZ_CP040741.1_106482-116825:._7	NZ_CP040741.1_134	NZ_CP040741.1_106482-116825	4730	4990	-1	NZ_CP040741.1_106482-116825:._4	RosmerTA	2595	2	0.2732	0.2	0.2439	IPR006120
NZ_CP113927.1_63452-74083:._9	NZ_CP113927.1_74	NZ_CP113927.1_63452-74083	5666	5953	1	none	none	0	0	0.0	0.0	0.0	IPR001357
NZ_CP131842.1_1-6679:._2	NZ_CP131842.1_3	NZ_CP131842.1_1-6679	1242	2390	-1	NZ_CP131842.1_1-6679:._1	Anti_CRISPR	201	1	0.9044	0.1	0.5826	IPR001959;IPR010095;IPR021027
NC_021904.1_33712-44343:._5	NC_021904.1_42	NC_021904.1_33712-44343	2051	2866	1	none	none	0	0	0.0	0.0	0.0	IPR016667
NZ_CP069169.1_1-7093:._2	NZ_CP069169.1_3	NZ_CP069169.1_1-7093	472	1374	-1	none	none	0	0	0.0	0.0	0.0	IPR003740;IPR019264
NZ_CP069169.1_89863-100494:._6	NZ_CP069169.1_94	NZ_CP069169.1_89863-100494	4011	4913	-1	none	none	0	0	0.0	0.0	0.0	IPR003740;IPR019264
NZ_CP136344.1_5591-15850:._9	NZ_CP136344.1_15	NZ_CP136344.1_5591-15850	5314	6420	1	none	none	0	0	0.0	0.0	0.0	IPR015020
NZ_JBTGJL010000005.1_5680-16266:._7	NZ_JBTGJL010000005.1_11	NZ_JBTGJL010000005.1_5680-16266	5660	6094	1	none	none	0	0	0.0	0.0	0.0	
NZ_CP168923.1_46705-57312:._14	NZ_CP168923.1_53	NZ_CP168923.1_46705-57312	10265	10606	1	none	none	0	0	0.0	0.0	0.0	IPR007693
NZ_CP168924.1_539-11092:._2	NZ_CP168924.1_3	NZ_CP168924.1_539-11092	2081	4996	-1	none	none	0	0	0.0	0.0	0.0	IPR002513;IPR025296
NZ_CP196006.1_70231-80787:._9	NZ_CP196006.1_91	NZ_CP196006.1_70231-80787	5615	7060	1	none	none	0	0	0.0	0.0	0.0	IPR001584;IPR015378
NZ_CP196007.1_31698-42254:._7	NZ_CP196007.1_46	NZ_CP196007.1_31698-42254	5615	7060	1	none	none	0	0	0.0	0.0	0.0	IPR001584;IPR015378
NZ_CP046167.1_6383-16984:._9	NZ_CP046167.1_16	NZ_CP046167.1_6383-16984	6177	6932	1	none	none	0	0	0.0	0.0	0.0	IPR032364
NZ_CP014058.2_9388-19938:._10	NZ_CP014058.2_18	NZ_CP014058.2_9388-19938	5615	6487	1	none	none	0	0	0.0	0.0	0.0	IPR000847;IPR005119
NZ_CP064484.1_1-10192:._5	NZ_CP064484.1_4	NZ_CP064484.1_1-10192	5210	5611	1	none	none	0	0	0.0	0.0	0.0	
NZ_CP135984.1_25141-35724:._10	NZ_CP135984.1_38	NZ_CP135984.1_25141-35724	7122	7373	1	NZ_CP135984.1_25141-35724:._3	RM	5072	0	0.0792	0.0	0.0475	IPR007341
NZ_CP014899.1_7082-17665:._3	NZ_CP014899.1_10	NZ_CP014899.1_7082-17665	2400	2597	1	none	none	0	0	0.0	0.0	0.0	
NZ_CP014899.1_7082-17665:._7	NZ_CP014899.1_16	NZ_CP014899.1_7082-17665	3765	3941	-1	none	none	0	0	0.0	0.0	0.0	
NC_018889.1_21606-32159:._3	NC_018889.1_27	NC_018889.1_21606-32159	2081	4996	-1	NC_018889.1_21606-32159:._7	MazEF	3525	0	0.1716	0.0	0.103	IPR002513;IPR025296
NC_018889.1_34990-45597:._8	NC_018889.1_46	NC_018889.1_34990-45597	5598	5825	1	NC_018889.1_34990-45597:._9	RosmerTA	361	2	0.8349	0.2	0.5809	
NZ_CP118110.1_115166-125731:._6	NZ_CP118110.1_114	NZ_CP118110.1_115166-125731	5638	8589	1	none	none	0	0	0.0	0.0	0.0	IPR002513;IPR025296
NZ_CP090413.1_22969-33552:._6	NZ_CP090413.1_34	NZ_CP090413.1_22969-33552	5592	5741	1	none	none	0	0	0.0	0.0	0.0	
NZ_CP126523.1_31452-42077:._6	NZ_CP126523.1_44	NZ_CP126523.1_31452-42077	5637	6056	1	none	none	0	0	0.0	0.0	0.0	IPR004107
NZ_CM132652.1_225696-236345:._7	NZ_CM132652.1_231	NZ_CM132652.1_225696-236345	4710	4994	-1	none	none	0	0	0.0	0.0	0.0	IPR001357
NZ_CP165607.1_30506-41110:._5	NZ_CP165607.1_43	NZ_CP165607.1_30506-41110	2914	3564	1	none	none	0	0	0.0	0.0	0.0	IPR006119
NZ_CP165607.1_30506-41110:._6	NZ_CP165607.1_44	NZ_CP165607.1_30506-41110	3570	3857	1	none	none	0	0	0.0	0.0	0.0	IPR001357
NZ_CP165608.1_110-10759:._7	NZ_CP165608.1_7	NZ_CP165608.1_110-10759	5984	7108	-1	none	none	0	0	0.0	0.0	0.0	IPR013610
NZ_CP165608.1_28420-39069:._6	NZ_CP165608.1_35	NZ_CP165608.1_28420-39069	2950	3234	1	none	none	0	0	0.0	0.0	0.0	IPR001357
NZ_CP165608.1_28420-39069:._13	NZ_CP165608.1_43	NZ_CP165608.1_28420-39069	6650	7099	-1	none	none	0	0	0.0	0.0	0.0	IPR000825
NZ_CP116522.1_22587-33209:._9	NZ_CP116522.1_29	NZ_CP116522.1_22587-33209	5719	6399	1	none	none	0	0	0.0	0.0	0.0	IPR032874
